state_0_based,bank_1_based,slot_1_based,ratio_ch1,ratio_ch2,ratio_ch3,ratio_ch4,ratio_ch5,ratio_ch6,phase_ch1,phase_ch2,phase_ch3,phase_ch4,phase_ch5,phase_ch6,enable_mask,mod_mask
0,1,1,0,0,0,0,0,0,0,0,0,0,0,0,63,0
1,1,2,0,-4,-12,-28,-60,-124,0,0,0,0,0,0,63,0
2,1,3,-4,-8,-16,-24,-40,-48,0,0,0,0,0,0,63,0
3,1,4,0,-4,-8,-12,-16,-20,0,0,0,0,0,0,63,0
4,1,5,-4,-12,-20,-28,-36,-44,0,0,0,0,0,0,63,0
5,1,6,-8,-16,-24,-32,-40,-48,0,0,0,0,0,0,63,0
6,1,7,-4,-8,-16,-28,-48,-80,0,0,0,0,0,0,63,0
7,1,8,0,4,12,28,60,124,0,0,0,0,0,0,63,0
8,1,9,4,8,16,24,40,48,0,0,0,0,0,0,63,0
9,1,10,0,4,8,12,16,20,0,0,0,0,0,0,63,0
10,1,11,4,12,20,28,36,44,0,0,0,0,0,0,63,0
11,1,12,8,16,24,32,40,48,0,0,0,0,0,0,63,0
12,1,13,4,8,16,28,48,80,0,0,0,0,0,0,63,0
13,1,14,4,8,12,-4,-8,-12,0,0,0,0,0,0,63,0
14,1,15,-2,-2,-2,-2,-2,-2,0,1,2,3,4,5,63,0
15,1,16,-4,-5,-6,-7,-8,-9,0,0,0,0,0,0,63,0
16,2,1,0,0,0,0,0,0,0,0,0,0,0,0,63,0
17,2,2,0,0,0,0,0,0,0,0,0,0,0,0,63,0
18,2,3,0,0,0,0,0,0,0,0,0,0,0,0,63,0
19,2,4,0,0,0,0,0,0,0,0,0,0,0,0,63,0
20,2,5,0,0,0,0,0,0,0,0,0,0,0,0,63,0
21,2,6,0,0,0,0,0,0,0,0,0,0,0,0,63,0
22,2,7,0,0,0,0,0,0,0,0,0,0,0,0,63,0
23,2,8,0,0,0,0,0,0,0,0,0,0,0,0,63,0
24,2,9,0,0,0,0,0,0,0,0,0,0,0,0,63,0
25,2,10,0,0,0,0,0,0,0,0,0,0,0,0,63,0
26,2,11,0,0,0,0,0,0,0,0,0,0,0,0,63,0
27,2,12,0,0,0,0,0,0,0,0,0,0,0,0,63,0
28,2,13,0,0,0,0,0,0,0,0,0,0,0,0,63,0
29,2,14,0,0,0,0,0,0,0,0,0,0,0,0,63,0
30,2,15,0,0,0,0,0,0,0,0,0,0,0,0,63,0
31,2,16,0,0,0,0,0,0,0,0,0,0,0,0,63,0
32,3,1,0,0,0,0,0,0,0,0,0,0,0,0,63,0
33,3,2,0,0,0,0,0,0,0,0,0,0,0,0,63,0
34,3,3,0,0,0,0,0,0,0,0,0,0,0,0,63,0
35,3,4,0,0,0,0,0,0,0,0,0,0,0,0,63,0
36,3,5,0,0,0,0,0,0,0,0,0,0,0,0,63,0
37,3,6,0,0,0,0,0,0,0,0,0,0,0,0,63,0
38,3,7,0,0,0,0,0,0,0,0,0,0,0,0,63,0
39,3,8,0,0,0,0,0,0,0,0,0,0,0,0,63,0
40,3,9,0,0,0,0,0,0,0,0,0,0,0,0,63,0
41,3,10,0,0,0,0,0,0,0,0,0,0,0,0,63,0
42,3,11,0,0,0,0,0,0,0,0,0,0,0,0,63,0
43,3,12,0,0,0,0,0,0,0,0,0,0,0,0,63,0
44,3,13,0,0,0,0,0,0,0,0,0,0,0,0,63,0
45,3,14,0,0,0,0,0,0,0,0,0,0,0,0,63,0
46,3,15,0,0,0,0,0,0,0,0,0,0,0,0,63,0
47,3,16,0,0,0,0,0,0,0,0,0,0,0,0,63,0
48,4,1,0,0,0,0,0,0,0,0,0,0,0,0,63,0
49,4,2,0,0,0,0,0,0,0,0,0,0,0,0,63,0
50,4,3,0,0,0,0,0,0,0,0,0,0,0,0,63,0
51,4,4,0,0,0,0,0,0,0,0,0,0,0,0,63,0
52,4,5,0,0,0,0,0,0,0,0,0,0,0,0,63,0
53,4,6,0,0,0,0,0,0,0,0,0,0,0,0,63,0
54,4,7,0,0,0,0,0,0,0,0,0,0,0,0,63,0
55,4,8,0,0,0,0,0,0,0,0,0,0,0,0,63,0
56,4,9,0,0,0,0,0,0,0,0,0,0,0,0,63,0
57,4,10,0,0,0,0,0,0,0,0,0,0,0,0,63,0
58,4,11,0,0,0,0,0,0,0,0,0,0,0,0,63,0
59,4,12,0,0,0,0,0,0,0,0,0,0,0,0,63,0
60,4,13,0,0,0,0,0,0,0,0,0,0,0,0,63,0
61,4,14,0,0,0,0,0,0,0,0,0,0,0,0,63,0
62,4,15,0,0,0,0,0,0,0,0,0,0,0,0,63,0
63,4,16,0,0,0,0,0,0,0,0,0,0,0,0,63,0
