entry,analyst_name,instruction_count,covered_bytes,min_pc,max_pc,call_count
0x000800,application_reset_vector,1,4,0x000800,0x000800,0
0x000808,timer2_interrupt,1031,2484,0x000808,0x0011BA,1
0x0011BC,startup_trampoline,1,4,0x0011BC,0x0011BC,0
0x0011C0,button_ui_service,2154,4490,0x0011C0,0x002348,50
0x00234A,clock_timing_commit_service,1870,4288,0x00234A,0x003408,8
0x00340A,human_programming_service,1244,2856,0x00340A,0x003F30,17
0x003F32,led_ui_service,861,1848,0x003F32,0x004668,4
0x00466A,sub_00466A,554,1196,0x00466A,0x004B14,6
0x004B16,leading_tempo_service,479,1104,0x004B16,0x004F64,6
0x004F66,mod_routing_service,490,1056,0x004F66,0x005384,3
0x005386,sub_005386,522,1050,0x005386,0x00579E,0
0x0057A0,sub_0057A0,441,966,0x0057A0,0x005B64,1
0x005B66,build_adc_calibration_thresholds,437,940,0x005B66,0x005F10,11
0x005F12,sub_005F12,343,874,0x005F12,0x00627A,6
0x00627C,sub_00627C,382,866,0x00627C,0x0065DC,4
0x0065DE,recompute_ratio_and_phase,380,860,0x0065DE,0x006938,6
0x00693A,calibration_ui_service,320,704,0x00693A,0x006BF6,11
0x006BFA,paste_or_mutate,276,604,0x006BFA,0x006E54,10
0x006E56,factory_reset_states,185,432,0x006E56,0x007004,19
0x007006,copy_state_or_bank,203,420,0x007006,0x0071A8,0
0x0071AA,select_bus_parse_byte,188,396,0x0071AA,0x007334,6
0x007336,six_button_edge_service,178,380,0x007336,0x0074B0,0
0x0074B2,sub_0074B2,168,372,0x0074B2,0x007624,7
0x007626,sub_007626,145,372,0x007626,0x007798,3
0x00779A,c_runtime_startup,145,354,0x00779A,0x0078F8,0
0x0078FC,state_adc_quantizer,159,352,0x0078FC,0x007A5A,3
0x007A5C,state_selection_service,156,350,0x007A5C,0x007BB6,2
0x007BBA,load_global_settings,147,334,0x007BBA,0x007D06,9
0x007D08,mesh_bitmap,166,332,0x007D08,0x007E52,0
0x007E54,ratio_to_halfperiod,113,314,0x007E54,0x007F8C,4
0x007F8E,alignment_lcm_u16,114,312,0x007F8E,0x0080C4,2
0x0080C6,sub_0080C6,137,306,0x0080C6,0x0081F6,10
0x0081F8,hardware_init,144,302,0x0081F8,0x008324,7
0x008326,sub_008326,140,288,0x008326,0x008444,0
0x008446,lcg64_next_byte,98,250,0x008446,0x00853E,1
0x008540,load_active_state_from_cache,122,250,0x008540,0x008638,0
0x00863A,sub_00863A,98,224,0x00863A,0x008718,3
0x00871A,store_dirty_states,96,224,0x00871A,0x0087F8,8
0x0087FA,load_one_eeprom_state_to_cache,101,218,0x0087FA,0x0088D2,4
0x0088D4,select_bus_copy_or_store,92,196,0x0088D4,0x008996,2
0x008998,main,87,194,0x008998,0x008A58,10
0x008A5A,divide_s32,90,188,0x008A5A,0x008B14,0
0x008B16,state_dirty_bitmap,91,182,0x008B16,0x008BCA,0
0x008BCC,ratio_alignment_factor,74,180,0x008BCC,0x008C7E,3
0x008C80,sub_008C80,78,164,0x008C80,0x008D22,0
0x008D24,sub_008D24,71,158,0x008D24,0x008DC0,0
0x008DC2,store_global_settings,69,152,0x008DC2,0x008E56,6
0x008E5A,multiply_u64,62,140,0x008E5A,0x008EE4,0
0x008EE6,initialize_current_state,67,138,0x008EE6,0x008F6C,1
0x008F70,sub_008F70,60,136,0x008F70,0x008FF4,3
0x008FF8,multiply_u32,61,134,0x008FF8,0x00907C,0
0x00907E,sub_00907E,62,128,0x00907E,0x0090FC,0
0x0090FE,divide_s16,58,120,0x0090FE,0x009174,0
0x009176,divide_u32,55,118,0x009176,0x0091EA,0
0x0091EC,sub_0091EC,51,106,0x0091EC,0x009254,0
0x009256,remainder_u32,45,98,0x009256,0x0092B6,0
0x009318,adc_read_wrapper,33,80,0x009318,0x009366,0
0x009368,divide_u16,35,74,0x009368,0x0093B0,0
0x0093B2,write_phase_byte,31,74,0x0093B2,0x0093FA,1
0x0093FC,recompute_alignment_length,26,70,0x0093FC,0x009440,1
0x0094C0,sub_0094C0,29,62,0x0094C0,0x0094FC,0
0x0094FE,remainder_u16,29,62,0x0094FE,0x00953A,0
0x00953C,led_shift_u16,33,72,0x00953C,0x0097AA,2
0x009576,eeprom_write_byte,27,58,0x009576,0x0095AE,0
0x0095B0,sub_0095B0,25,52,0x0095B0,0x0095E2,0
0x0095E4,sub_0095E4,26,52,0x0095E4,0x009616,0
0x009618,write_ratio_byte,21,50,0x009618,0x009648,1
0x00964A,reload_dirty_states,18,46,0x00964A,0x009674,4
0x009678,store_leading_tempo,21,46,0x009678,0x0096A4,1
0x0096A6,write_enable_mask,16,40,0x0096A6,0x0096CC,1
0x0096CE,sub_0096CE,19,38,0x0096CE,0x0096F2,0
0x0096F4,sub_0096F4,12,28,0x0096F4,0x00970E,1
0x009710,eeprom_write_base_offset,9,26,0x009710,0x009726,0
0x00972A,eeprom_read_byte,11,24,0x00972A,0x009740,0
0x009742,led_serial_shift_one,10,20,0x009742,0x009754,0
0x009756,led_serial_shift_zero,10,20,0x009756,0x009768,0
0x00976A,load_all_states,8,20,0x00976A,0x00977A,1
0x009790,sub_009790,6,14,0x009790,0x00979C,0
0x0097CE,adc_busy,3,6,0x0097CE,0x0097D2,0
0x0097D4,adc_start,2,4,0x0097D4,0x0097D6,0
