frame,coefficient_00,coefficient_01,coefficient_02,coefficient_03,coefficient_04,coefficient_05,coefficient_06,coefficient_07,coefficient_08,coefficient_09,coefficient_10,coefficient_11,coefficient_12,coefficient_13,coefficient_14,coefficient_15,coefficient_16,coefficient_17,coefficient_18,coefficient_19,coefficient_20,coefficient_21,coefficient_22,coefficient_23,coefficient_24,coefficient_25,coefficient_26,coefficient_27,coefficient_28,coefficient_29,coefficient_30,coefficient_31,coefficient_32,coefficient_33,coefficient_34,coefficient_35,coefficient_36,coefficient_37,coefficient_38,coefficient_39,coefficient_40,coefficient_41,coefficient_42,coefficient_43,coefficient_44,coefficient_45,coefficient_46,coefficient_47,coefficient_48,coefficient_49,coefficient_50,coefficient_51,coefficient_52,coefficient_53,coefficient_54,coefficient_55,coefficient_56,coefficient_57,coefficient_58,coefficient_59,coefficient_60,coefficient_61,coefficient_62,coefficient_63
0,0.547240973,0.273620993,0.182403997,0.136810005,0.109435998,0.0911865011,0.0781555027,0.0683899,0.0607910007,0.054717999,0.0497437008,0.045593299,0.0420836993,0.0390625,0.0364684984,0.0341796987,0.0321655013,0.0303955004,0.0287781004,0.0273438003,0.0260314997,0.0248718001,0.0237732008,0.0227965992,0.0218810998,0.0210266002,0.0202636998,0.0195311997,0.0188599005,0.0182189997,0.0176391993,0.0170898009,0.0165710002,0.0160828009,0.015625,0.0151977995,0.0147705004,0.0143737998,0.0140076,0.0136719001,0.0133362003,0.0130005004,0.0127258003,0.0124206999,0.0121459998,0.0118712997,0.0116272001,0.0113831004,0.0111389002,0.0109253004,0.0107116997,0.0104980003,0.0103149004,0.0101317996,0.00994872954,0.00976562034,0.00958252046,0.00942992978,0.0092468299,0.00909424014,0.00894165039,0.00881958008,0.00866699032,0
1,0.668335021,0.309478998,0.158538997,0.0621338002,0.0201111007,0.0167542007,0.0143737998,0.0125732003,0.0111694001,0.0100403,0.00912475958,0.0206908993,0.0365600996,0.0441895016,0.0445557013,0.0386658013,0.0279540997,0.0137938997,0.00527954008,0.00500488002,0.00479126023,0.00454712007,0.00436400995,0.00418091007,0.00399779994,0.00955200009,0.0176085997,0.0220947005,0.0230407994,0.0206298996,0.0153198,0.00775146019,0.00302124,0.00296020997,0.00286865002,0.00277710008,0.00271606003,0.00262451009,0.00256348005,0.00619507022,0.0115967002,0.0147094997,0.0155333998,0.0140380999,0.0105590997,0.00540160993,0.00213623,0.00207519997,0.00204468006,0.00198364002,0.00195311999,0.00192260998,0.00189208996,0.00457763998,0.00863646995,0.0110473996,0.0117188003,0.0106506003,0.00805663969,0.00411986979,0.00164795003,0.00161743001,0.00158690999,0
2,0.614226997,0.218536004,0.0308228005,0.0231017992,0.0184937008,0.0154114002,0.0624389984,0.0767517015,0.0485535003,0.0092468299,0.00839233026,0.00769043015,0.00711059989,0.0312194992,0.0409240983,0.0273132008,0.00543212984,0.00512694987,0.0048522898,0.00460815011,0.0208129995,0.0278930999,0.0189819001,0.00384520995,0.00369262998,0.00354003999,0.00341796991,0.0155945001,0.0211791992,0.0145568997,0.00296020997,0.00286865002,0.00277710008,0.00271606003,0.0124816997,0.0170593001,0.0118102999,0.00241089007,0.00234985002,0.00228881999,0.00222777994,0.0104064997,0.0142821996,0.0099182101,0.00204468006,0.00198364002,0.00195311999,0.00192260998,0.00891113002,0.0122680999,0.00854492001,0.00177002,0.00173949997,0.00170897995,0.00167847006,0.00778198009,0.0107727004,0.00750732003,0.00155639998,0.00152587995,0.00149536005,0.00146484002,0.00692748977,0
3,0.612273991,0.113861002,0.0307311993,0.0230407994,0.0871277004,0.0944823995,0.0131531004,0.0115050999,0.0102233998,0.0567017011,0.0395812988,0.00765990978,0.00708007999,0.0162659008,0.0408019982,0.0142211998,0.00540160993,0.0050964402,0.0229186993,0.0283508003,0.00436400995,0.00418091007,0.00399779994,0.0236205999,0.0174254999,0.00354003999,0.00338745001,0.00811768044,0.0210875999,0.00756835984,0.00296020997,0.00286865002,0.0131836003,0.0166625995,0.00262451009,0.00253295992,0.0024719201,0.0148925995,0.0111694001,0.00228881999,0.00222777994,0.00540160993,0.0142211998,0.00515746977,0.00204468006,0.00198364002,0.0092468299,0.0118102999,0.00186157005,0.00183105003,0.00180054002,0.0108947996,0.00820923038,0.00167847006,0.00164795003,0.00405884022,0.0107116997,0.00390625,0.00155639998,0.00152587995,0.00714111002,0.00912475958,0.00143433001,0
4,0.626128972,0.0471496992,0.0314331017,0.111389004,0.0891112983,0.0157165993,0.0134583004,0.0782471001,0.0104675004,0.00942992978,0.0404968001,0.0371094011,0.00723267021,0.00671386998,0.0417174995,0.00588988978,0.00552367978,0.0247498006,0.0234375,0.00469970983,0.00448607979,0.0284423996,0.00408936013,0.00390625,0.0178222992,0.0171204004,0.00347899995,0.0033569301,0.0215758998,0.00314331008,0.00302124,0.0139159998,0.0134888003,0.00274657994,0.0026855499,0.0173645001,0.00253295992,0.0024719201,0.0114136003,0.0111389002,0.00228881999,0.00222777994,0.0145568997,0.00213623,0.00207519997,0.0096740704,0.00946045015,0.00195311999,0.00192260998,0.0125121996,0.00183105003,0.00180054002,0.00839233026,0.00823974982,0.00170897995,0.00167847006,0.0109558003,0.00161743001,0.00158690999,0.00741577009,0.00729369977,0.00149536005,0.00149536005,0
5,0.78036499,0.0587463006,0.0391541012,0.170867994,0.0234984998,0.0723877028,0.0581969991,0.0146789998,0.0775145963,0.0117493002,0.0106811998,0.0649719015,0.00903320033,0.00839233026,0.0445251018,0.00732422015,0.0270690992,0.0210875999,0.00616454985,0.0355224982,0.00558472006,0.0053405799,0.0338134989,0.00488281017,0.00469970983,0.0250549,0.00433349982,0.0173339993,0.0120850001,0.00390625,0.0232848991,0.00366211007,0.00354003999,0.0227965992,0.0033569301,0.00323486002,0.0171508994,0.00308228005,0.0130615002,0.00799561013,0.00283813011,0.0174560994,0.00271606003,0.00265503,0.0171204004,0.00253295992,0.00329590007,0.0128173996,0.00238036993,0.0106506003,0.00567627,0.00225830008,0.0140076,0.00216674991,0.00213623,0.0136719001,0.00204468006,0.00326537993,0.0101012997,0.00195311999,0.00909424014,0.00415039016,0.00186157005,0
6,0.923218012,0.0695189983,0.235413,0.0347594991,0.0278015006,0.0856627971,0.0198363997,0.111206003,0.0154419001,0.0840758979,0.0126342997,0.0316466987,0.0205077995,0.0099182101,0.0527038984,0.00866699032,0.0536498986,0.00772095006,0.0317382999,0.00692748977,0.00659180013,0.0286560003,0.00604248,0.0382080004,0.00555420015,0.0296631008,0.00512694987,0.00805663969,0.0142821996,0.00460815011,0.0275573991,0.00433349982,0.0266417991,0.00408936013,0.0137633998,0.00384520995,0.00375366001,0.0191649999,0.00354003999,0.0230407994,0.00338745001,0.0162354,0.00320434989,0.00314331008,0.0120850001,0.00302124,0.0191040002,0.00286865002,0.0168152004,0.00277710008,0.00671386998,0.00585938012,0.00259398995,0.0149536002,0.00250244001,0.0161742996,0.00241089007,0.00988769997,0.00234985002,0.00228881999,0.0107421996,0.00222777994,0.0145873995,0
7,0.941802979,0.0709229037,0.313933998,0.0354613997,0.188354,0.0236205999,0.134520993,0.0177306999,0.104644999,0.0141602,0.0856017992,0.0118102999,0.072418198,0.0101317996,0.0627747029,0.00885010045,0.0553894006,0.00787353981,0.0495604984,0.00708007999,0.0448302999,0.00643920992,0.0409240983,0.00588988978,0.0376586989,0.00543212984,0.0348815992,0.00506591983,0.0324706994,0.00469970983,0.0303649995,0.00442505023,0.0285339002,0.00415039016,0.0268859994,0.00393676991,0.0254516993,0.00372314011,0.0241394006,0.00354003999,0.0229492001,0.0033569301,0.0218810998,0.00320434989,0.0209045,0.00308228005,0.0200194996,0.00292969006,0.0191955995,0.00280761998,0.0184630994,0.00271606003,0.0177612007,0.00262451009,0.0171204004,0.00253295992,0.0165100005,0.00244140998,0.0159607008,0.00234985002,0.0154114002,0.00225830008,0.0149231004,0
8,0.985046029,0.246245995,0.109435998,0.0615539998,0.0393982008,0.0273438003,0.0200805999,0.0153809004,0.0121459998,0.00982666016,0.00811768044,0.00683593983,0.00579833984,0.00500488002,0.00436400995,0.00384520995,0.00338745001,0.00302124,0.00271606003,0.00244140998,0.00222777994,0.00201415992,0.00186157005,0.00170897995,0.00155639998,0.00143433001,0.00134276995,0.00125122,0.00115966995,0.00106812001,0.00100707996,0.000946049986,0.000885009998,0.000823980023,0.00079346,0.000732420012,0.00070189999,0.000671389978,0.000640870014,0.000610349991,0.000579830026,0.000549320015,0.000518799992,0.000488279999,0.000457760005,0.000457760005,0.000427249994,0.000427249994,0.00039673,0.000366210006,0.000366210006,0.000335690012,0.000335690012,0.000335690012,0.000305180001,0.000305180001,0.000274660008,0.000274660008,0.000274660008,0.000244139999,0.000244139999,0.000244139999,0.000244139999,0
9,0.957427979,0.198578,0.0464783013,0.00537109002,0.000366210006,0.000244139999,0.000183109994,0.00012207,9.15499986e-05,9.15499986e-05,6.1040002e-05,0.000579830026,0.0024719201,0.00402831985,0.0042419401,0.00308228005,0.00143433001,0.000244139999,0,0,0,0,0,0,0,0.00012207,0.000549320015,0.00100707996,0.00112915004,0.000854489976,0.000427249994,6.1040002e-05,0,0,0,0,0,0,0,3.0520001e-05,0.000244139999,0.000427249994,0.000488279999,0.00039673,0.000183109994,3.0520001e-05,0,0,0,0,0,0,0,0,0.00012207,0.000244139999,0.000274660008,0.000213620006,9.15499986e-05,0,0,0,0,0
10,0.992401004,0.108429,0.00109863002,0.000610349991,0.00039673,0.000274660008,0.00885010045,0.0155028999,0.0053405799,9.15499986e-05,6.1040002e-05,6.1040002e-05,3.0520001e-05,0.00219727005,0.00439452985,0.00167847006,3.0520001e-05,3.0520001e-05,0,0,0.000976559997,0.00204468006,0.00079346,0,0,0,0,0.000549320015,0.00115966995,0.000457760005,0,0,0,0,0.000335690012,0.000762939977,0.000305180001,0,0,0,0,0.000244139999,0.000518799992,0.000213620006,0,0,0,0,0.000152590001,0.00039673,0.000152590001,0,0,0,0,0.00012207,0.000305180001,0.00012207,0,0,0,0,9.15499986e-05,0
11,0.961760998,0.0216674991,0.00106812001,0.000579830026,0.0168152004,0.0221558008,0.000183109994,0.00012207,9.15499986e-05,0.00796508975,0.00344849005,6.1040002e-05,3.0520001e-05,0.000427249994,0.00427246001,0.000335690012,3.0520001e-05,0,0.00115966995,0.00198364002,0,0,0,0.00137328997,0.000671389978,0,0,9.15499986e-05,0.00112915004,9.15499986e-05,0,0,0.000366210006,0.000671389978,0,0,0,0.000549320015,0.000274660008,0,0,3.0520001e-05,0.000518799992,3.0520001e-05,0,0,0.000183109994,0.000335690012,0,0,0,0.000274660008,0.00012207,0,0,0,0.000274660008,0,0,0,9.15499986e-05,0.000183109994,0,0
12,0.962952018,0.00238036993,0.00106812001,0.0263062008,0.0168152004,0.000244139999,0.000183109994,0.0150451995,9.15499986e-05,9.15499986e-05,0.00344849005,0.00289916992,3.0520001e-05,3.0520001e-05,0.00427246001,3.0520001e-05,3.0520001e-05,0.00128174003,0.00115966995,0,0,0.00198364002,0,0,0.000671389978,0.000610349991,0,0,0.00112915004,0,0,0.00039673,0.000366210006,0,0,0.000732420012,0,0,0.000274660008,0.000244139999,0,0,0.000518799992,0,0,0.000183109994,0.000183109994,0,0,0.000366210006,0,0,0.00012207,0.00012207,0,0,0.000274660008,0,0,9.15499986e-05,9.15499986e-05,0,0,0
13,0.978972971,0.00244140998,0.00106812001,0.0443115011,0.000366210006,0.00653075986,0.00408936013,0.000152590001,0.00918579008,9.15499986e-05,6.1040002e-05,0.00677490002,3.0520001e-05,3.0520001e-05,0.00296020997,3.0520001e-05,0.000915530021,0.000518799992,0,0.00192260998,0,0,0.00183105003,0,0,0.000915530021,0,0.000366210006,0.000152590001,0,0.000823980023,0,0,0.000823980023,0,0,0.000427249994,0,0.000213620006,6.1040002e-05,0,0.000457760005,0,0,0.000457760005,0,0,0.000213620006,0,0.000152590001,3.0520001e-05,0,0.000305180001,0,0,0.000274660008,0,0,0.00012207,0,9.15499986e-05,0,0,0
14,0.999969006,0.00262451009,0.0614929013,0.000640870014,0.00039673,0.00708007999,0.000213620006,0.0151367001,0.00012207,0.00845337007,6.1040002e-05,0.000823980023,0.000305180001,3.0520001e-05,0.00323486002,3.0520001e-05,0.00354003999,3.0520001e-05,0.00103759998,0,0,0.000854489976,0,0.00180054002,0,0.00100707996,0,3.0520001e-05,0.000152590001,0,0.000915530021,0,0.000854489976,0,0.000152590001,0,0,0.00039673,0,0.000640870014,0,0.000274660008,0,0,0.00012207,0,0.000427249994,0,0.000335690012,0,3.0520001e-05,0,0,0.000244139999,0,0.000305180001,0,9.15499986e-05,0,0,0.00012207,0,0.000244139999,0
15,1.15966403,0.00286669005,0.128824115,0.00070782,0.0463624895,0.000318520004,0.0236412995,0.000176960006,0.01429806,0.000106170002,0.0095556397,7.07900035e-05,0.00683051022,3.53899995e-05,0.00513172988,3.53899995e-05,0.00399920996,3.53899995e-05,0.00318521005,0,0.00261895009,0,0.00215885998,0,0.00184033997,0,0.00155720999,0,0.00134486996,0,0.00120329997,0,0.00106173998,0,0.000920179999,0,0.000813990016,0,0.000743219978,0,0.000672429975,0,0.000601649983,0,0.000566260016,0,0.000495480024,0,0.000460089999,0,0.000424689992,0,0.000389299996,0,0.000353920012,0,0.000353920012,0,0.000318520004,0,0.000283130008,0,0.000283130008,0
16,0.122955002,0.0863647014,0.0702515021,0.0606689006,0.0541381985,0.0493469015,0.0456238016,0.0426025018,0.0401306003,0.0380248986,0.0362243988,0.0346679986,0.0332642011,0.0320435017,0.0309142992,0.0299376994,0.0290222,0.0281981993,0.0274048001,0.0267028995,0.0260620005,0.0254516993,0.0248718001,0.0243529994,0.0238342006,0.0233765002,0.0229186993,0.0224914998,0.0220947005,0.0217285007,0.0213622991,0.0210266002,0.0206908993,0.0203856993,0.0200805999,0.0198059008,0.0195311997,0.0192565992,0.0190124996,0.0187682994,0.0185241997,0.0183105003,0.0180664007,0.0178833008,0.0176697001,0.0174560994,0.0172729008,0.0170898009,0.0169066992,0.0167542007,0.0165710002,0.0164184999,0.0162354,0.0160828009,0.0159607008,0.0158080999,0.0156555008,0.0155333998,0.0153809004,0.0152588002,0.0151367001,0.0150146,0.0148925995,0
17,0.274048001,0.179138005,0.113770001,0.0534363016,0.0204163007,0.0185851995,0.0171814002,0.0160521995,0.0151367001,0.0143432999,0.0136414003,0.0305176005,0.0538939983,0.0664673001,0.0689392015,0.0620727986,0.0469971001,0.0248412993,0.0103455,0.0100707998,0.00982666016,0.00958252046,0.00936890021,0.00918579008,0.00897216983,0.0205687992,0.0371399,0.0466918983,0.0492858998,0.0450745001,0.0346069001,0.0185241997,0.00778198009,0.00769043015,0.00756835984,0.00744628999,0.00735474005,0.00726317987,0.00717162993,0.0165100005,0.0299987998,0.0379639007,0.0403136984,0.0370788984,0.0286254995,0.0153809004,0.00650023995,0.00643920992,0.0063781701,0.00631714007,0.00625609979,0.00619507022,0.00613402994,0.0141906999,0.0258483998,0.0327759013,0.0349120982,0.0321960002,0.0249329004,0.0134276999,0.0057067899,0.00564575009,0.00561523018,0
18,0.284545988,0.107787997,0.00521851005,0.00451660017,0.00402831985,0.00366211007,0.0569458008,0.0986327976,0.050079301,0.00280761998,0.0026855499,0.00256348005,0.0024719201,0.0399780013,0.071594201,0.0373535007,0.00213623,0.00207519997,0.00201415992,0.00198364002,0.032531701,0.0588988997,0.0310363993,0.00180054002,0.00177002,0.00173949997,0.00170897995,0.0280761998,0.0511780009,0.0271301009,0.00158690999,0.00155639998,0.00152587995,0.00149536005,0.0250549,0.0458373986,0.0243529994,0.00143433001,0.00140380999,0.00137328997,0.00137328997,0.0228271,0.0418700986,0.0223082993,0.00131226005,0.00128174003,0.00128174003,0.00125122,0.0211181995,0.0387572981,0.0206908993,0.00122069998,0.00119018997,0.00119018997,0.00115966995,0.0197144002,0.0362549014,0.0193786994,0.00112915004,0.00112915004,0.00109863002,0.00109863002,0.0185851995,0
19,0.286835015,0.0140380999,0.000976559997,0.000854489976,0.0505676009,0.0936278999,0.000640870014,0.000579830026,0.000549320015,0.0721741021,0.0338134989,0.000488279999,0.000457760005,0.00521851005,0.0721741021,0.0048522898,0.00039673,0.00039673,0.0256041996,0.050689701,0.000366210006,0.000335690012,0.000335690012,0.0462035984,0.0222472996,0.000305180001,0.000305180001,0.00366211007,0.0515746996,0.00350952009,0.000305180001,0.000274660008,0.0193176009,0.0386963002,0.000274660008,0.000274660008,0.000274660008,0.0365600996,0.0177306999,0.000244139999,0.000244139999,0.00296020997,0.0422057994,0.00289916992,0.000244139999,0.000244139999,0.0161438007,0.0324402004,0.000213620006,0.000213620006,0.000213620006,0.0311584007,0.0151672,0.000213620006,0.000213620006,0.00256348005,0.0365600996,0.00250244001,0.000213620006,0.000213620006,0.0141295996,0.0284729004,0.000183109994,0
20,0.321810007,0.000255349994,0.000206240002,0.0471710898,0.0421033911,0.000147319995,0.000137499999,0.11154893,0.000117850002,0.000108029999,0.0281769205,0.0269492697,9.82100028e-05,8.83899993e-05,0.0809853598,8.83899993e-05,8.83899993e-05,0.02192083,0.0213217698,7.85700031e-05,7.85700031e-05,0.0666267201,6.87499996e-05,6.87499996e-05,0.0185423698,0.0181789696,6.87499996e-05,5.89299998e-05,0.0578761101,5.89299998e-05,5.89299998e-05,0.0163522493,0.01609689,5.89299998e-05,5.89299998e-05,0.0518361889,5.89299998e-05,4.911e-05,0.0147808697,0.0145942504,4.911e-05,4.911e-05,0.0473477691,4.911e-05,4.911e-05,0.01359249,0.0134451902,4.911e-05,4.911e-05,0.0438515209,4.911e-05,4.911e-05,0.0126398299,0.0125219803,3.92799993e-05,3.92799993e-05,0.0410130583,3.92799993e-05,3.92799993e-05,0.01186396,0.0117657697,3.92799993e-05,3.92799993e-05,0
21,0.382008165,4.66300007e-05,3.49699985e-05,0.103386067,2.33200008e-05,0.0107839704,0.00744965998,2.33200008e-05,0.0750562325,1.16600004e-05,1.16600004e-05,0.107338071,1.16600004e-05,1.16600004e-05,0.0476008393,1.16600004e-05,0.00825408008,0.0033342801,1.16600004e-05,0.0543511286,1.16600004e-05,1.16600004e-05,0.0762806088,1.16600004e-05,1.16600004e-05,0.0321653187,1.16600004e-05,0.00814917032,0.00183036004,1.16600004e-05,0.0469013602,1.16600004e-05,1.16600004e-05,0.0614509694,1.16600004e-05,0,0.0237830002,0,0.00858050957,0.00103758997,0,0.0429841317,0,0,0.0520192795,0,3.49699985e-05,0.0182336196,0,0.0092450399,0.000571259996,0,0.0405361392,0,0,0.0451295488,0,8.16100001e-05,0.0142114898,0,0.0100611504,0.000303120003,0,0
22,0.501014471,0,0.0672312081,0,0,0.00845548045,0,0.142153233,0,0.0934997126,0,0.00114676997,0.0001529,0,0.05449453,0,0.110869423,0,0.01117713,0,0,0.0131954802,0,0.0956862122,0,0.0360390395,0,3.05799986e-05,0.00119264005,0,0.0575067215,0,0.0648613423,0,0.00243114005,0,0,0.0219108891,0,0.0761760995,0,0.0145257097,0,0,0.00414365018,0,0.0608395711,0,0.0376292616,0,0.0003211,0.000168190003,0,0.0320482813,0,0.0582251996,0,0.00486228988,0,0,0.00978572015,0,0.0597082488,0
23,0.239152595,0,0.136644065,0,0.105333239,0,0.088736251,0,0.078073062,0,0.0704823732,0,0.0647310466,0,0.0601841398,0,0.0564618483,0,0.053352531,0,0.0507033505,0,0.0484043099,0,0.0463898703,0,0.0446088389,0,0.0430105291,0,0.0415727012,0,0.0402735882,0,0.0390840098,0,0.0379891284,0,0.0369820297,0,0.0360550396,0,0.0351864211,0,0.0343835503,0,0.0336318798,0,0.0329239592,0,0.0322598107,0,0.0316320211,0,0.0310408194,0,0.0304787904,0,0.0299533606,0,0.0294496808,0,0.0289680194,0
24,0.0463562012,0.0398253985,0.0364684984,0.0342407003,0.0326232985,0.0313416012,0.0303039998,0.0294495001,0.0286864992,0.0280457009,0.0274657998,0.0269469991,0.0264893007,0.0260620005,0.0256653,0.0252991002,0.0249633994,0.0246581994,0.0243835002,0.0241088998,0.0238342006,0.0235901009,0.0233765002,0.0231628008,0.0229492001,0.0227661002,0.0225830004,0.0223999005,0.0222168006,0.0220641997,0.0219116006,0.0217589997,0.0216064006,0.0214539003,0.0213318001,0.0212097,0.0210570991,0.0209350996,0.0208435003,0.0207214002,0.0205994006,0.0205077995,0.0203856993,0.0202942006,0.0202025995,0.0200805999,0.0199890006,0.0198975001,0.0198059008,0.0197448991,0.0196532998,0.0195617992,0.0194701999,0.0194092002,0.0193176009,0.0192565992,0.0191649999,0.0191040002,0.0190430004,0.0189513993,0.0188903995,0.0188292991,0.0187682994,0
25,0.0697327033,0.0581054986,0.0478515998,0.0346069001,0.0229186993,0.0220337007,0.0213012993,0.0206908993,0.0201721005,0.0197144002,0.0192871001,0.0272217002,0.0347290002,0.0379943997,0.0386046991,0.0369262993,0.0327759013,0.0249329004,0.0171204004,0.0169373006,0.0167542007,0.0166015998,0.0164184999,0.0162659008,0.0161438007,0.0230103005,0.0296326,0.0326843001,0.0334472992,0.0321960002,0.0287475996,0.0219726991,0.0151977995,0.0150757004,0.0149841001,0.0148925995,0.0148010002,0.0147094997,0.0146484002,0.0209350996,0.0270386003,0.0299072005,0.0306701995,0.0296020992,0.0264893007,0.0203246996,0.0140685998,0.0139771001,0.0139159998,0.013855,0.0137938997,0.0137328999,0.0137024,0.0196228009,0.0253601,0.0280761998,0.0288391002,0.0278625004,0.0249633994,0.0191649999,0.0132750999,0.0132141002,0.0131836003,0
26,0.0946960002,0.0625,0.0170898009,0.0160521995,0.0152893001,0.0147094997,0.0475464016,0.0601501018,0.0450134017,0.0131531004,0.0128784003,0.0126342997,0.0124206999,0.0408629999,0.0524596982,0.0397033989,0.0117188003,0.0115662003,0.0114136003,0.0112915002,0.0374145992,0.0482482985,0.0366820991,0.0108642997,0.0107727004,0.0106811998,0.0105895996,0.0351256989,0.045410201,0.0346069001,0.0102538997,0.0101929,0.0101317996,0.0100707998,0.0334472992,0.0433349982,0.0330504999,0.00982666016,0.00976562034,0.00970458984,0.00964355003,0.0321655013,0.0416870005,0.0318298005,0.00946045015,0.00942992978,0.00936890021,0.00933837984,0.0310973991,0.0403136984,0.0308228005,0.00915526971,0.00912475958,0.00909424014,0.00906371977,0.0302124005,0.0391846001,0.0299683008,0.00891113002,0.00888061989,0.00885010045,0.00881958008,0.0294189006,0
27,0.115020998,0.0316161998,0.0101929,0.00958252046,0.0546875,0.0711975023,0.00848389044,0.00823974982,0.00802612025,0.0636902004,0.0460509993,0.00753783993,0.00741577009,0.0206604004,0.0636902004,0.0200805999,0.00698853005,0.00689696986,0.0408629999,0.0547485016,0.00665283017,0.00659180013,0.00653075986,0.052612301,0.0384826995,0.00634765998,0.00631714007,0.0177612007,0.0551757999,0.0175170992,0.00613402994,0.00607299991,0.0362243988,0.048767101,0.00595093006,0.00592041016,0.00588988978,0.0476073995,0.0349426009,0.00579833984,0.00576781994,0.0162659008,0.0506286994,0.0160828009,0.00564575009,0.00561523018,0.0335387997,0.0452270992,0.00552367978,0.00552367978,0.00549315987,0.0444641002,0.0326843001,0.00543212984,0.00540160993,0.0152588002,0.0476073995,0.0151672,0.00531005999,0.00531005999,0.0316772014,0.0427855998,0.00524902018,0
28,0.131255999,0.00625609979,0.0057067899,0.0576782003,0.0549315996,0.00491333008,0.00476073986,0.0833740011,0.00448607979,0.00439452985,0.0462341011,0.0453796014,0.00415039016,0.00408936013,0.0726929009,0.00396728981,0.00390625,0.0415344015,0.0410461016,0.00378417992,0.00372314011,0.0668639988,0.00366211007,0.00363158993,0.0386658013,0.0383301005,0.00354003999,0.00350952009,0.0629578009,0.00344849005,0.00341796991,0.0366211012,0.0363770016,0.0033569301,0.00332641997,0.0600586012,0.00329590007,0.00326537993,0.0350951999,0.0348815992,0.00323486002,0.00320434989,0.0577698015,0.00317382999,0.00314331008,0.0338440016,0.0336913988,0.00311278994,0.00311278994,0.0559081994,0.00308228005,0.00305175991,0.0328064002,0.0326843001,0.00302124,0.00302124,0.0543213002,0.0029907201,0.00296020997,0.0319214016,0.0318298005,0.00292969006,0.00292969006,0
29,0.147674993,0.00320434989,0.00292969006,0.0843811035,0.00262451009,0.0320435017,0.0273742992,0.00238036993,0.0735779032,0.00225830008,0.00219727005,0.085754402,0.00213623,0.0021057101,0.0605163984,0.00204468006,0.0285950005,0.0194092002,0.00195311999,0.0640563965,0.00192260998,0.00189208996,0.0740661994,0.00186157005,0.00183105003,0.0511780009,0.00180054002,0.0284119006,0.0149841001,0.00177002,0.0601501018,0.00173949997,0.00173949997,0.0675354004,0.00170897995,0.00170897995,0.044982899,0.00167847006,0.0290527008,0.0117798001,0.00164795003,0.0579528995,0.00164795003,0.00161743001,0.0628662035,0.00161743001,0.00277710008,0.0401306003,0.00158690999,0.0299987998,0.00918579008,0.00155639998,0.0565185994,0.00155639998,0.00155639998,0.0591735989,0.00152587995,0.00396728981,0.0360717997,0.00152587995,0.0310973991,0.00701904017,0.00149536005,0
30,0.162993997,0.00173949997,0.0689696968,0.00149536005,0.00140380999,0.0283812992,0.00131226005,0.095031701,0.00125122,0.079406701,0.00119018997,0.0120850001,0.00524902018,0.00112915004,0.0630187988,0.00109863002,0.0854187012,0.00106812001,0.0319823995,0.00103759998,0.00103759998,0.0343323015,0.00100707996,0.0802002028,0.00100707996,0.052795399,0.000976559997,0.00302124,0.0122680999,0.000946049986,0.0644835979,0.000946049986,0.0679015964,0.000915530021,0.0166625995,0.000915530021,0.000915530021,0.0426636003,0.000885009998,0.0727538988,0.000885009998,0.0357666016,0.000885009998,0.000885009998,0.0209350996,0.000854489976,0.0660706013,0.000854489976,0.0537719987,0.000854489976,0.00698853005,0.00531005999,0.000854489976,0.0502014011,0.000823980023,0.0648192987,0.000823980023,0.0223999005,0.000823980023,0.000823980023,0.0302124005,0.000823980023,0.0655518025,0
31,0.10343679,0.000584000023,0.0813933164,0.000501920003,0.0728069693,0.000457729999,0.067655243,0.000429320004,0.0640439466,0.000410379987,0.061300721,0.000394589995,0.0591067486,0.000381969992,0.0572884902,0.000369340007,0.0557448491,0.000359869999,0.0544095412,0.000353550015,0.0532351919,0.000344080006,0.0521872416,0.000337770005,0.0512464494,0.000331460004,0.050394211,0.000328299997,0.0496144816,0.000321989995,0.0488978513,0.000318829989,0.0482349992,0.000312519987,0.0476194285,0.00030936001,0.0470448211,0.000306200003,0.0465081818,0.000303050008,0.0460031815,0.000299890002,0.04552963,0.000296729995,0.0450782217,0.00029358,0.0446520485,0.000290419994,0.044248011,0.000287259987,0.0438629016,0.000287259987,0.0434967317,0.000284109992,0.0431462713,0.000280949986,0.0428116396,0.000277790008,0.0424928404,0.000277790008,0.0421834514,0.000274640013,0.0418867916,0
32,0.985046029,0.246245995,0.109435998,0.0615539998,0.0393982008,0.0273438003,0.0200805999,0.0153809004,0.0121459998,0.00982666016,0.00811768044,0.00683593983,0.00579833984,0.00500488002,0.00436400995,0.00384520995,0.00338745001,0.00302124,0.00271606003,0.00244140998,0.00222777994,0.00201415992,0.00186157005,0.00170897995,0.00155639998,0.00143433001,0.00134276995,0.00125122,0.00115966995,0.00106812001,0.00100707996,0.000946049986,0.000885009998,0.000823980023,0.00079346,0.000732420012,0.00070189999,0.000671389978,0.000640870014,0.000610349991,0.000579830026,0.000549320015,0.000518799992,0.000488279999,0.000457760005,0.000457760005,0.000427249994,0.000427249994,0.00039673,0.000366210006,0.000366210006,0.000335690012,0.000335690012,0.000335690012,0.000305180001,0.000305180001,0.000274660008,0.000274660008,0.000274660008,0.000244139999,0.000244139999,0.000244139999,0.000244139999,0
33,0.0191344991,0.689117014,0.306273997,0.119629003,0.0643310994,0.0402222015,0.0275573991,0.0200500004,0.0152588002,0.0119933998,0.0096740704,0.00796508975,0.00668335008,0.00567627,0.00488281017,0.0042419401,0.00372314011,0.00329590007,0.00292969006,0.00262451009,0.00238036993,0.00213623,0.00195311999,0.00177002,0.00164795003,0.00149536005,0.00137328997,0.00128174003,0.00119018997,0.00109863002,0.00103759998,0.000976559997,0.000915530021,0.000854489976,0.00079346,0.000762939977,0.00070189999,0.000671389978,0.000640870014,0.000610349991,0.000579830026,0.000549320015,0.000518799992,0.000488279999,0.000457760005,0.000457760005,0.000427249994,0.000427249994,0.00039673,0.000366210006,0.000366210006,0.000335690012,0.000335690012,0.000335690012,0.000305180001,0.000305180001,0.000274660008,0.000274660008,0.000274660008,0.000244139999,0.000244139999,0.000244139999,0.000244139999,0
34,0.531952024,0.0590820014,0.369414985,0.299225003,0.105071999,0.0542602986,0.0332336016,0.0224609002,0.0162048005,0.0122375004,0.00958252046,0.00769043015,0.00631714007,0.00527954008,0.00448607979,0.00384520995,0.00332641997,0.00292969006,0.00259398995,0.00228881999,0.00204468006,0.00186157005,0.00167847006,0.00152587995,0.00140380999,0.00128174003,0.00115966995,0.00106812001,0.00100707996,0.000915530021,0.000854489976,0.00079346,0.000762939977,0.00070189999,0.000671389978,0.000610349991,0.000579830026,0.000549320015,0.000518799992,0.000488279999,0.000457760005,0.000457760005,0.000427249994,0.00039673,0.00039673,0.000366210006,0.000335690012,0.000335690012,0.000305180001,0.000305180001,0.000274660008,0.000274660008,0.000274660008,0.000244139999,0.000244139999,0.000244139999,0.000213620006,0.000213620006,0.000213620006,0.000213620006,0.000183109994,0.000183109994,0.000183109994,0
35,0.114165999,0.383789003,0.114165999,0.202971995,0.317169011,0.101837002,0.0507201999,0.0304565001,0.0203552004,0.0145568997,0.0109253004,0.00851439964,0.00680541992,0.00558472006,0.00463867001,0.00393676991,0.0033569301,0.00292969006,0.00256348005,0.00225830008,0.00201415992,0.00180054002,0.00161743001,0.00146484002,0.00131226005,0.00122069998,0.00109863002,0.00100707996,0.000946049986,0.000854489976,0.00079346,0.000732420012,0.00070189999,0.000640870014,0.000610349991,0.000579830026,0.000549320015,0.000518799992,0.000488279999,0.000457760005,0.000427249994,0.00039673,0.00039673,0.000366210006,0.000335690012,0.000335690012,0.000305180001,0.000305180001,0.000274660008,0.000274660008,0.000274660008,0.000244139999,0.000244139999,0.000213620006,0.000213620006,0.000213620006,0.000213620006,0.000183109994,0.000183109994,0.000183109994,0.000183109994,0.000152590001,0.000152590001,0
36,0.0448607989,0.0900574028,0.280517995,0.179535002,0.100983001,0.339446992,0.100983001,0.0486754999,0.028717,0.0189513993,0.0134583004,0.0100403,0.00778198009,0.00619507022,0.00506591983,0.00421142997,0.0035705599,0.00305175991,0.00262451009,0.00228881999,0.00201415992,0.00180054002,0.00161743001,0.00143433001,0.00131226005,0.00119018997,0.00106812001,0.000976559997,0.000915530021,0.000823980023,0.000762939977,0.00070189999,0.000671389978,0.000610349991,0.000579830026,0.000549320015,0.000518799992,0.000488279999,0.000457760005,0.000427249994,0.00039673,0.000366210006,0.000366210006,0.000335690012,0.000335690012,0.000305180001,0.000305180001,0.000274660008,0.000274660008,0.000244139999,0.000244139999,0.000244139999,0.000213620006,0.000213620006,0.000213620006,0.000183109994,0.000183109994,0.000183109994,0.000183109994,0.000152590001,0.000152590001,0.000152590001,0.000152590001,0
37,0.0194701999,0.031280499,0.058685299,0.153748006,0.307709008,0.0131531004,0.374664009,0.0996093974,0.0456238016,0.0261230003,0.0169066992,0.0118407998,0.00875854027,0.00671386998,0.0053405799,0.00433349982,0.0035705599,0.00302124,0.00256348005,0.00222777994,0.00192260998,0.00170897995,0.00149536005,0.00134276995,0.00119018997,0.00109863002,0.000976559997,0.000885009998,0.000823980023,0.000762939977,0.00070189999,0.000640870014,0.000579830026,0.000549320015,0.000518799992,0.000488279999,0.000457760005,0.000427249994,0.00039673,0.000366210006,0.000335690012,0.000335690012,0.000305180001,0.000305180001,0.000274660008,0.000274660008,0.000244139999,0.000244139999,0.000213620006,0.000213620006,0.000213620006,0.000183109994,0.000183109994,0.000183109994,0.000183109994,0.000152590001,0.000152590001,0.000152590001,0.000152590001,0.000152590001,0.00012207,0.00012207,0.00012207,0
38,0.0107116997,0.0155028999,0.0243225005,0.0437012017,0.101104997,0.360778987,0.000305180001,0.371459991,0.09375,0.0418700986,0.0236205999,0.0151367001,0.0105285998,0.00772095006,0.00592041016,0.00466918992,0.00378417992,0.00314331008,0.00262451009,0.00222777994,0.00192260998,0.00167847006,0.00146484002,0.00131226005,0.00115966995,0.00103759998,0.000946049986,0.000854489976,0.000762939977,0.00070189999,0.000640870014,0.000610349991,0.000549320015,0.000518799992,0.000457760005,0.000427249994,0.00039673,0.00039673,0.000366210006,0.000335690012,0.000305180001,0.000305180001,0.000274660008,0.000274660008,0.000244139999,0.000244139999,0.000213620006,0.000213620006,0.000213620006,0.000183109994,0.000183109994,0.000183109994,0.000152590001,0.000152590001,0.000152590001,0.000152590001,0.000152590001,0.00012207,0.00012207,0.00012207,0.00012207,0.00012207,9.15499986e-05,0
39,0.00738525018,0.0100707998,0.0144958002,0.0226440001,0.0402831994,0.0906677023,0.362700999,0,0.362700999,0.0906677023,0.0402831994,0.0226440001,0.0144958002,0.0100707998,0.00738525018,0.00564575009,0.00445557013,0.00360107003,0.0029907201,0.00250244001,0.00213623,0.00183105003,0.00158690999,0.00140380999,0.00125122,0.00109863002,0.000976559997,0.000885009998,0.00079346,0.000732420012,0.000671389978,0.000610349991,0.000579830026,0.000518799992,0.000488279999,0.000457760005,0.000427249994,0.00039673,0.000366210006,0.000335690012,0.000305180001,0.000305180001,0.000274660008,0.000274660008,0.000244139999,0.000244139999,0.000213620006,0.000213620006,0.000213620006,0.000183109994,0.000183109994,0.000183109994,0.000152590001,0.000152590001,0.000152590001,0.000152590001,0.00012207,0.00012207,0.00012207,0.00012207,0.00012207,0.00012207,9.15499986e-05,0
40,0.817107975,0.204254001,0.0907898024,0.0510559008,0.0326843001,0.0226745997,0.0166625995,0.0127563002,0.00775146019,0.00100707996,0,0,0,0.138214007,0.0415649004,0.000762939977,0,0,0,0,0,0,0,0,0,0,0,0,0,0,0,0,0,0,0,0,0,0,0,0.000488279999,0.000457760005,0.000457760005,0.000427249994,0.00039673,0.00039673,0.000366210006,0.000366210006,0.000335690012,0.000335690012,0.000305180001,0.000305180001,0.000274660008,0.000274660008,0.000274660008,0.000244139999,0.000244139999,0.000244139999,0.000213620006,0.000213620006,0.000213620006,0.000213620006,0.000183109994,0.000183109994,0
41,0.641143978,0.160278007,0.0712279975,0.0400695987,0.0256347992,0.0177916996,0.0130615002,0.0100098001,0.00607299991,0.00079346,0,0.126464993,0.216582999,0.108429,0.0325927995,0,0,0,0,0,0,0,0,0,0,0,0,0,0,0,0,0,0,0,0,0,0,0,0,0.000366210006,0.000366210006,0.000335690012,0.000335690012,0.000305180001,0.000305180001,0.000274660008,0.000274660008,0.000274660008,0.000244139999,0.000244139999,0.000244139999,0.000213620006,0.000213620006,0.000213620006,0.000183109994,0.000183109994,0.000183109994,0.000183109994,0.000183109994,0.000152590001,0.000152590001,0.000152590001,0.000152590001,0
42,0.422607005,0.105651997,0.0469360016,0.0263976995,0.0168762002,0.0117188003,0.00860595983,0.00659180013,0.00399779994,0.0592650995,0.304168999,0.224456996,0.142761007,0.0127258003,0,0,0,0,0,0,0,0,0,0,0,0,0,0,0,0,0,0,0,0,0,0,0,0,0,0.000244139999,0.000244139999,0.000213620006,0.000213620006,0.000213620006,0.000183109994,0.000183109994,0.000183109994,0.000183109994,0.000152590001,0.000152590001,0.000152590001,0.000152590001,0.00012207,0.00012207,0.00012207,0.00012207,0.00012207,0.00012207,9.15499986e-05,9.15499986e-05,9.15499986e-05,9.15499986e-05,9.15499986e-05,0
43,0.285187006,0.0712890998,0.0316772014,0.0178222992,0.0113831004,0.00790404994,0.00579833984,0.0177002009,0.27749601,0.249512002,0.205261007,0.151489004,0,0,0,0,0,0,0,0,0,0,0,0,0,0,0,0,0,0,0,0,0,0,0,0,0,0,0,0.000152590001,0.000152590001,0.000152590001,0.000152590001,0.00012207,0.00012207,0.00012207,0.00012207,0.00012207,9.15499986e-05,9.15499986e-05,9.15499986e-05,9.15499986e-05,9.15499986e-05,9.15499986e-05,9.15499986e-05,6.1040002e-05,6.1040002e-05,6.1040002e-05,6.1040002e-05,6.1040002e-05,6.1040002e-05,6.1040002e-05,6.1040002e-05,0
44,0.254821986,0.0636902004,0.0282898005,0.0158996992,0.0101929,0.00817871001,0.156311005,0.254821986,0.247924998,0.222930998,0.0260010008,0,0,0,0,0,0,0,0,0,0,0,0,0,0,0,0,0,0,0,0,0,0,0,0,0,0,0,0,0.000152590001,0.00012207,0.00012207,0.00012207,0.00012207,0.00012207,9.15499986e-05,9.15499986e-05,9.15499986e-05,9.15499986e-05,9.15499986e-05,9.15499986e-05,9.15499986e-05,6.1040002e-05,6.1040002e-05,6.1040002e-05,6.1040002e-05,6.1040002e-05,6.1040002e-05,6.1040002e-05,6.1040002e-05,6.1040002e-05,6.1040002e-05,6.1040002e-05,0
45,0.239715993,0.0599059984,0.0266113002,0.0149536002,0.113159001,0.239715993,0.239715993,0.239715993,0.0921631008,0.000305180001,0,0,0,0,0,0,0,0,0,0,0,0,0,0,0,0,0,0,0,0,0,0,0,0,0,0,0,0,0,0.00012207,0.00012207,0.00012207,0.00012207,0.00012207,9.15499986e-05,9.15499986e-05,9.15499986e-05,9.15499986e-05,9.15499986e-05,9.15499986e-05,9.15499986e-05,6.1040002e-05,6.1040002e-05,6.1040002e-05,6.1040002e-05,6.1040002e-05,6.1040002e-05,6.1040002e-05,6.1040002e-05,6.1040002e-05,6.1040002e-05,6.1040002e-05,3.0520001e-05,0
46,0.223663002,0.0559081994,0.0701903999,0.223663002,0.223663002,0.223663002,0.219634995,0.0084228497,0.0021057101,0.000274660008,0,0,0,0,0,0,0,0,0,0,0,0,0,0,0,0,0,0,0,0,0,0,0,0,0,0,0,0,0,0.00012207,0.00012207,0.00012207,9.15499986e-05,9.15499986e-05,9.15499986e-05,9.15499986e-05,9.15499986e-05,9.15499986e-05,9.15499986e-05,6.1040002e-05,6.1040002e-05,6.1040002e-05,6.1040002e-05,6.1040002e-05,6.1040002e-05,6.1040002e-05,6.1040002e-05,6.1040002e-05,6.1040002e-05,6.1040002e-05,3.0520001e-05,3.0520001e-05,3.0520001e-05,0
47,0.244436413,0.244436413,0.244436413,0.244436413,0.244436413,0.0712488294,0.00498316018,0.0038119799,0.00232000998,0.00029838999,0,0,0,0,0,0,0,0,0,0,0,0,0,0,0,0,0,0,0,0,0,0,0,0,0,0,0,0,0,0.000141740005,0.000141740005,0.000134279995,0.000126819999,0.000119359996,0.000119359996,0.000111900001,0.000104439998,0.000104439998,9.69800021e-05,9.69800021e-05,8.95199992e-05,8.95199992e-05,8.20600035e-05,8.20600035e-05,7.46000005e-05,7.46000005e-05,7.46000005e-05,6.71399976e-05,6.71399976e-05,6.71399976e-05,5.96799982e-05,5.96799982e-05,5.96799982e-05,0
48,0.151398003,0.106812,0.0984802023,0.103821002,0.110596001,0.121795997,0.110443003,0.100647002,0.0933533013,0.0850830004,0.0847778022,0.0653991997,0.0409240983,0.0236205999,0.0185241997,0.0472716987,0.0375365987,0.0149231004,0.0146179004,0.0143127004,0.0415955,0.0355224982,0.0134888003,0.0132750999,0.0130310003,0.0372924991,0.0340270996,0.0124511998,0.0122680999,0.0120850001,0.0338134989,0.0328674018,0,0,0,0,0,0,0,0,0,0,0,0,0,0,0,0,0,0,0,0,0,0,0,0,0,0,0,0,0,0,0,0
49,0.143066004,0.0821838006,0.0602416992,0.070495598,0.0796203986,0.100983001,0.101531997,0.0927734002,0.0916747972,0.0877074972,0.0867004022,0.0822144002,0.0626221001,0.0455322005,0.0297241006,0.0225220006,0.0436096005,0.0368958004,0.0154724,0.0151367001,0.0148620997,0.0348511003,0.0381469987,0.0162659008,0.0138245001,0.0135802999,0.0234069992,0.0360413007,0.0275573991,0.0128173996,0.0126342997,0.0124816997,0.0250549,0,0,0,0,0,0,0,0,0,0,0,0,0,0,0,0,0,0,0,0,0,0,0,0,0,0,0,0,0,0,0
50,0.143676996,0.0839233026,0.0373535007,0.0346069001,0.0418091007,0.0718384013,0.0832213983,0.0780640021,0.0794982985,0.0826720968,0.0826416016,0.0868835002,0.0818175972,0.0643920973,0.0511474982,0.0366820991,0.0230713002,0.0419006012,0.0397339016,0.0170593001,0.0167235993,0.0164184999,0.0247802995,0.0382080004,0.0333862007,0.0153198,0.0150757004,0.0148620997,0.0268555004,0.035247799,0.0279236007,0.0140380999,0,0,0,0,0,0,0,0,0,0,0,0,0,0,0,0,0,0,0,0,0,0,0,0,0,0,0,0,0,0,0,0
51,0.146851003,0.0919189006,0.0428161994,0.0380248986,0.0346679986,0.0501099005,0.0651549995,0.0602112003,0.0474548005,0.0580444001,0.0661621019,0.0717467964,0.0811768025,0.0787354037,0.0652161017,0.054657001,0.0423889011,0.0285950005,0.0392761007,0.0423278995,0.0308228005,0.0187988002,0.0184630994,0.0181274004,0.0317687988,0.0382384993,0.0319519006,0.0170287993,0.0167846996,0.0165404994,0.0245360993,0.0346069001,0.0255431999,0,0,0,0,0,0,0,0,0,0,0,0,0,0,0,0,0,0,0,0,0,0,0,0,0,0,0,0,0,0,0
52,0.161956996,0.106995001,0.0529480018,0.0469971001,0.042877201,0.0397644006,0.067291297,0.0682983026,0.0531921014,0.0321960002,0.0346069001,0.0432434008,0.0553589016,0.071136497,0.073181197,0.0644835979,0.0552368015,0.0464783013,0.0353394002,0.0361937992,0.045410201,0.043060299,0.0254822001,0.0224303994,0.0220641997,0.0216979999,0.0347594991,0.0408325009,0.0368652008,0.0204467997,0.0201721005,0.0199280009,0,0,0,0,0,0,0,0,0,0,0,0,0,0,0,0,0,0,0,0,0,0,0,0,0,0,0,0,0,0,0,0
53,0.185271993,0.128051996,0.0686950982,0.0610046014,0.0556335002,0.0516051985,0.0666199028,0.0771789998,0.0732422024,0.0563049018,0.0401610993,0.0387572981,0.0375060998,0.0363158993,0.0552673005,0.0565185994,0.0477294996,0.0195007008,0.0213622991,0.0258179009,0.0292968992,0.0422974005,0.0500487983,0.0486450009,0.0376892015,0.0281677004,0.0277100001,0.0273132008,0.0269165002,0.0425415002,0.0448607989,0.0400085002,0,0,0,0,0,0,0,0,0,0,0,0,0,0,0,0,0,0,0,0,0,0,0,0,0,0,0,0,0,0,0,0
54,0.195648,0.139403999,0.0866698995,0.0722351,0.0658875033,0.0610961989,0.0573424995,0.0760802999,0.0787658989,0.0734253004,0.0583495982,0.0458984002,0.0444030985,0.043060299,0.0418395996,0.0545349009,0.0600586012,0.0494995005,0,0,0,0,0.0311890002,0.0429993011,0.0504761003,0.0507812016,0.0457152985,0.0323485993,0.0318908989,0.0314331017,0.0310059004,0.033783,0.0359496996,0,0,0,0,0,0,0,0,0,0,0,0,0,0,0,0,0,0,0,0,0,0,0,0,0,0,0,0,0,0,0
55,0.0504534394,0.0504534394,0.0504534394,0.0504534394,0.0504534394,0.0504534394,0.0504534394,0.0504534394,0.0504534394,0.0504534394,0.0504534394,0.0504534394,0.0504534394,0.0504534394,0.0504534394,0.0504534394,0.0504534394,0.0504534394,0.0504534394,0.0504534394,0,0,0,0,0.0504534394,0.0504534394,0.0504534394,0.0504534394,0.0504534394,0.0504534394,0.0504534394,0.0504534394,0.0504534394,0,0,0,0,0,0,0,0,0,0,0,0,0,0,0,0,0,0,0,0,0,0,0,0,0,0,0,0,0,0,0
56,0.106505997,0.0733032003,0.0589599982,0.0774841011,0.0998840034,0.0883179009,0.0492554009,0.0346985012,0.0325623006,0.0307617001,0.0292052999,0.0278930999,0.0267028995,0.0256653,0.0247191992,0.0238646995,0.0231017992,0.0223999005,0.0217589997,0.0221251994,0.0259705,0.0316466987,0.0374145992,0.0421448015,0.0451660007,0.0461121015,0.044799801,0.0413817987,0.0361022986,0.0296020992,0.0228576995,0.0175781008,0.0161438007,0.0158996992,0.0156555008,0.0154114002,0.0151977995,0.0149536002,0.0147705004,0.0145568997,0.0143737998,0.0141906999,0.0140076,0.0138245001,0.0136719001,0.0134888003,0.0133362003,0.0131836003,0.0130615002,0.0129089002,0.0127563002,0.0126342997,0.0125121996,0.0123901004,0.0122680999,0.0121459998,0.0120238997,0.0119019002,0.0118102999,0.0116881998,0.0115967002,0.0114746001,0.0113831004,0
57,0.105621003,0.0726623982,0.0584105998,0.0499878004,0.044342,0.0401916988,0.0382689983,0.0785522014,0.100341998,0.0737304986,0.0294495001,0.0276488997,0.0264893007,0.0254210997,0.0245056003,0.0236815996,0.0244446006,0.0284423996,0.0338745005,0.0391846001,0.0433959998,0.0458679013,0.0462341011,0.0444336012,0.0405884013,0.035064701,0.0285339002,0.0220947005,0.0176697001,0.0168456994,0.0165710002,0.0162963998,0.0160217006,0.0157471001,0.0155028999,0.0152893001,0.0150451995,0.0148315001,0.0146179004,0.0144347996,0.0142516997,0.0140685998,0.0138854999,0.0137024,0.0135498,0.0133972,0.0132446,0.013092,0.0129394997,0.0127868997,0.0126647996,0.0125427004,0.0123901004,0.0122680999,0.0121459998,0.0120238997,0.0119324001,0.0118102999,0.0116881998,0.0115967002,0.0115050999,0.0113831004,0.0112915002,0
58,0.105011001,0.0722656026,0.0580749996,0.0497131012,0.0440979004,0.0399474986,0.0367737003,0.0342102014,0.0321044996,0.0303345006,0.0344237983,0.0883484036,0.0996399,0.0532836989,0.0313416012,0.0364075005,0.0412291996,0.0448607989,0.0467528999,0.0465697981,0.0442504995,0.0400390998,0.0343017988,0.0277709998,0.0217589997,0.0182189997,0.0177306999,0.0173950009,0.0170593001,0.0167542007,0.0164794996,0.0162048005,0.0159302,0.0156555008,0.0154114002,0.0151977995,0.0149841001,0.0147705004,0.0145568997,0.0143432999,0.0141602,0.0139771001,0.0137938997,0.0136414003,0.0134583004,0.0133057004,0.0131531004,0.0130005004,0.0128784003,0.0127258003,0.0126037998,0.0124511998,0.0123290997,0.0122069996,0.0120850001,0.0119628999,0.0118407998,0.0117493002,0.0116272001,0.0115355998,0.0114136003,0.0113220001,0.0112305004,0
59,0.108306997,0.0745239034,0.0598754995,0.0512695014,0.0454711989,0.0411987007,0.0379027985,0.0352783017,0.0331115983,0.0314636007,0.032531701,0.0361328013,0.0408019982,0.0451355018,0.0582581013,0.108306997,0.104888998,0.0476378985,0.0411072001,0.0349730998,0.0283508003,0.0226134993,0.0199584998,0.0195007008,0.0190734994,0.0186768007,0.0183105003,0.0179443005,0.0176085997,0.0172729008,0.0169983003,0.0166931003,0.0164184999,0.0161438007,0.0158996992,0.0156555008,0.0154419001,0.0152283004,0.0150146,0.0148010002,0.0146179004,0.0144042997,0.0142211998,0.0140685998,0.0138854999,0.0137328999,0.0135802999,0.0134276999,0.0132750999,0.0131225996,0.0129699996,0.0128479004,0.0127258003,0.0125732003,0.0124511998,0.0123290997,0.0122375004,0.0121154999,0.0119933998,0.0119019002,0.0117798001,0.0116881998,0.0115967002,0
60,0.107000828,0.0736306235,0.0591677316,0.0506643206,0.0449203402,0.040714331,0.0378896296,0.038098719,0.0407372303,0.0444108918,0.0478462614,0.0501190312,0.050670851,0.0492406301,0.0458477512,0.0407665484,0.0345589183,0.0281715207,0.0520978607,0.107000828,0.0704010203,0.0202036705,0.0197236501,0.0192762595,0.0188583005,0.0184631404,0.0180908702,0.0177381802,0.0174084008,0.0170916691,0.0167912003,0.0165071003,0.0162360594,0.0159748606,0.0157267209,0.0154915303,0.0152629605,0.0150441397,0.0148351602,0.0146360304,0.0144400997,0.0142539199,0.01407436,0.0139012299,0.01373473,0.0135714402,0.01341468,0.0132644502,0.0131175304,0.01297714,0.0128367497,0.0127027798,0.0125754504,0.0124481097,0.0123239905,0.0122065004,0.0120889004,0.01197783,0.0118668703,0.0117591098,0.0116545698,0.0115533397,0.01145544,0
61,0.110442571,0.0759989917,0.0610810518,0.0535748117,0.0510671288,0.0516064391,0.0534366407,0.0551354103,0.0557286218,0.0546634793,0.0517344512,0.0470527485,0.0410262682,0.0344166309,0.0284540895,0.0248712208,0.0239645708,0.0232365094,0.0225692,0.0219523609,0.0213827901,0.0208535306,0.0289293397,0.110442571,0.0716847479,0.0190570094,0.0186727699,0.0183087401,0.0179683492,0.0176414307,0.0173313003,0.0170380604,0.0167583004,0.0164886992,0.0162325799,0.0159898195,0.0157539099,0.01552804,0.0153123401,0.0151068,0.0149045801,0.0147123998,0.0145270703,0.01434837,0.0141765196,0.01400798,0.0138461702,0.0136911096,0.0135394596,0.0133945597,0.0132496497,0.0131113697,0.0129799396,0.0128485104,0.0127203995,0.0125991302,0.01247775,0.0123631004,0.0122485701,0.0121373497,0.0120294504,0.0119249597,0.0118239103,0
62,0.115860723,0.0836876407,0.0725389421,0.068334803,0.0664324313,0.0646291226,0.0618181303,0.0575397313,0.0518115088,0.045043759,0.0380639806,0.0321801603,0.0290544797,0.0279158801,0.0268940795,0.0259746909,0.0251402408,0.0243764594,0.0236764103,0.0230293106,0.0224318001,0.0218765698,0.0213568099,0.0208723806,0.02041981,0.0199919194,0.0467763916,0.115860723,0.0221700594,0.0185068902,0.0181815401,0.0178739205,0.0175804403,0.01729762,0.0170289297,0.0167742595,0.0165267698,0.0162898302,0.0160635393,0.0158479195,0.0156357698,0.0154341701,0.01523975,0.0150522804,0.0148719996,0.0146951899,0.0145254498,0.0143627701,0.01420369,0.0140516805,0.0138996597,0.0137545997,0.0136167202,0.0134788398,0.0133444397,0.0132172201,0.0130898897,0.0129696196,0.0128494697,0.0127327899,0.0126195904,0.0125099896,0.0124039697,0
63,0.122690894,0.0975814164,0.0848542973,0.076875098,0.0697496012,0.0622572489,0.0542705618,0.0463400707,0.0395739488,0.0354663692,0.0336654596,0.0321227014,0.0307672899,0.0295615699,0.0284795295,0.0275059398,0.0266222991,0.0258134902,0.0250721704,0.02438692,0.0237541795,0.0231662299,0.0226158202,0.0221028402,0.0216235891,0.0211704802,0.0207436197,0.0203392208,0.0199610796,0.0195978992,0.122690894,0.0548209697,0.0186168309,0.0183173399,0.0180328097,0.0177631192,0.0175010506,0.0172501393,0.0170105193,0.0167821795,0.0165575296,0.0163440406,0.0161381606,0.0159396399,0.0157487206,0.0155614903,0.0153817404,0.0152094802,0.0150410198,0.0148800397,0.0147190699,0.0145654604,0.0144194504,0.0142734405,0.0141311204,0.0139963999,0.0138615603,0.0137342,0.01360696,0.0134834098,0.0133635402,0.0132474704,0.0131352004,0
