index,address,bits,value
0,0x08042674,0x3a1a965e,0.000589704025
1,0x08042678,0x3a1f1e02,0.000606984016
2,0x0804267c,0x3a23c79b,0.000624770008
3,0x08042680,0x3a28942b,0.000643077015
4,0x08042684,0x3a2d84c4,0.000661920989
5,0x08042688,0x3a329a69,0.000681317004
6,0x0804268c,0x3a37d62c,0.000701281009
7,0x08042690,0x3a3d3931,0.000721830002
8,0x08042694,0x3a42c49c,0.000742980978
9,0x08042698,0x3a4879a3,0.000764751981
10,0x0804269c,0x3a4e597b,0.000787161
11,0x080426a0,0x3a54656a,0.000810227008
12,0x080426a4,0x3a5a9ea5,0.000833967992
13,0x080426a8,0x3a610696,0.000858405023
14,0x080426ac,0x3a679e93,0.000883558008
15,0x080426b0,0x3a6e6817,0.000909449009
16,0x080426b4,0x3a756468,0.000936097
17,0x080426b8,0x3a7c9534,0.000963527011
18,0x080426bc,0x3a81fdfa,0.000991760986
19,0x080426c0,0x3a85cd12,0.00102082104
20,0x080426c4,0x3a89b8c8,0.00105073396
21,0x080426c8,0x3a8dc1e4,0.00108152302
22,0x080426cc,0x3a91e943,0.00111321395
23,0x080426d0,0x3a962fc7,0.00114583306
24,0x080426d4,0x3a9a9666,0.00117940898
25,0x080426d8,0x3a9f1e02,0.00121396803
26,0x080426dc,0x3aa3c79b,0.00124954002
27,0x080426e0,0x3aa8942b,0.00128615403
28,0x080426e4,0x3aad84c4,0.00132384198
29,0x080426e8,0x3ab29a60,0.00136263296
30,0x080426ec,0x3ab7d623,0.00140256097
31,0x080426f0,0x3abd3931,0.00144366
32,0x080426f4,0x3ac2c49c,0.00148596196
33,0x080426f8,0x3ac879a3,0.00152950396
34,0x080426fc,0x3ace597b,0.001574322
35,0x08042700,0x3ad46561,0.00162045297
36,0x08042704,0x3ada9ea5,0.00166793598
37,0x08042708,0x3ae10696,0.00171681005
38,0x0804270c,0x3ae79e9b,0.00176711695
39,0x08042710,0x3aee680e,0.00181889697
40,0x08042714,0x3af56471,0.00187219505
41,0x08042718,0x3afc9534,0.00192705402
42,0x0804271c,0x3b01fdf6,0.00198352104
43,0x08042720,0x3b05cd16,0.00204164302
44,0x08042724,0x3b09b8c8,0.00210146792
45,0x08042728,0x3b0dc1e0,0.00216304511
46,0x0804272c,0x3b11e93f,0.00222642696
47,0x08042730,0x3b162fcb,0.00229166704
48,0x08042734,0x3b1a9666,0.00235881796
49,0x08042738,0x3b1f1e02,0.00242793607
50,0x0804273c,0x3b23c79b,0.00249908003
51,0x08042740,0x3b28942f,0.00257230899
52,0x08042744,0x3b2d84c0,0.00264768302
53,0x08042748,0x3b329a60,0.00272526592
54,0x0804274c,0x3b37d628,0.00280512311
55,0x08042750,0x3b3d392d,0.00288731907
56,0x08042754,0x3b42c49c,0.00297192391
57,0x08042758,0x3b4879a3,0.00305900793
58,0x0804275c,0x3b4e597b,0.003148644
59,0x08042760,0x3b546561,0.00324090593
60,0x08042764,0x3b5a9ea5,0.00333587197
61,0x08042768,0x3b610696,0.00343362009
62,0x0804276c,0x3b679e97,0.00353423296
63,0x08042770,0x3b6e680e,0.00363779394
64,0x08042774,0x3b756471,0.00374439009
65,0x08042778,0x3b7c9538,0.00385410897
66,0x0804277c,0x3b81fdf8,0.00396704301
67,0x08042780,0x3b85cd16,0.00408328604
68,0x08042784,0x3b89b8c6,0.00420293491
69,0x08042788,0x3b8dc1e2,0.00432609115
70,0x0804278c,0x3b91e941,0.00445285486
71,0x08042790,0x3b962fc9,0.00458333315
72,0x08042794,0x3b9a9664,0.00471763499
73,0x08042798,0x3b9f1e04,0.00485587306
74,0x0804279c,0x3ba3c79b,0.00499816006
75,0x080427a0,0x3ba8942f,0.00514461799
76,0x080427a4,0x3bad84c2,0.00529536698
77,0x080427a8,0x3bb29a62,0.00545053277
78,0x080427ac,0x3bb7d625,0.00561024481
79,0x080427b0,0x3bbd392d,0.00577463815
80,0x080427b4,0x3bc2c49c,0.00594384782
81,0x080427b8,0x3bc879a3,0.00611801585
82,0x080427bc,0x3bce597b,0.006297288
83,0x080427c0,0x3bd46561,0.00648181187
84,0x080427c4,0x3bda9ea5,0.00667174393
85,0x080427c8,0x3be10698,0.00686724111
86,0x080427cc,0x3be79e97,0.00706846593
87,0x080427d0,0x3bee680e,0.00727558788
88,0x080427d4,0x3bf5646e,0.00748877879
89,0x080427d8,0x3bfc9536,0.00770821702
90,0x080427dc,0x3c01fdf7,0.00793408509
91,0x080427e0,0x3c05cd16,0.00816657208
92,0x080427e4,0x3c09b8c6,0.00840586983
93,0x080427e8,0x3c0dc1e1,0.00865218136
94,0x080427ec,0x3c11e940,0.00890570879
95,0x080427f0,0x3c162fca,0.00916666724
96,0x080427f4,0x3c1a9665,0.00943527091
97,0x080427f8,0x3c1f1e03,0.0097117452
98,0x080427fc,0x3c23c79c,0.00999632105
99,0x08042800,0x3c28942e,0.010289235
100,0x08042804,0x3c2d84c1,0.010590733
101,0x08042808,0x3c329a61,0.0109010646
102,0x0804280c,0x3c37d626,0.0112204906
103,0x08042810,0x3c3d392d,0.0115492763
104,0x08042814,0x3c42c49c,0.0118876956
105,0x08042818,0x3c4879a3,0.0122360317
106,0x0804281c,0x3c4e597a,0.0125945751
107,0x08042820,0x3c546561,0.0129636237
108,0x08042824,0x3c5a9ea5,0.0133434879
109,0x08042828,0x3c610698,0.0137344822
110,0x0804282c,0x3c679e98,0.0141369328
111,0x08042830,0x3c6e680e,0.0145511758
112,0x08042834,0x3c75646e,0.0149775576
113,0x08042838,0x3c7c9536,0.015416434
114,0x0804283c,0x3c81fdf7,0.0158681702
115,0x08042840,0x3c85cd15,0.0163331423
116,0x08042844,0x3c89b8c7,0.0168117415
117,0x08042848,0x3c8dc1e1,0.0173043627
118,0x0804284c,0x3c91e941,0.0178114194
119,0x08042850,0x3c962fc9,0.0183333326
120,0x08042854,0x3c9a9665,0.0188705418
121,0x08042858,0x3c9f1e03,0.0194234904
122,0x0804285c,0x3ca3c79c,0.0199926421
123,0x08042860,0x3ca8942e,0.0205784701
124,0x08042864,0x3cad84c1,0.0211814661
125,0x08042868,0x3cb29a61,0.0218021292
126,0x0804286c,0x3cb7d626,0.0224409811
127,0x08042870,0x3cbd392d,0.0230985526
128,0x08042874,0x3cc2c49c,0.0237753913
129,0x08042878,0x3cc879a3,0.0244720634
130,0x0804287c,0x3cce597a,0.0251891501
131,0x08042880,0x3cd46562,0.0259272493
132,0x08042884,0x3cda9ea5,0.0266869757
133,0x08042888,0x3ce10697,0.0274689626
134,0x0804288c,0x3ce79e98,0.0282738656
135,0x08042890,0x3cee680f,0.0291023534
136,0x08042894,0x3cf5646f,0.029955117
137,0x08042898,0x3cfc9536,0.0308328681
138,0x0804289c,0x3d01fdf7,0.0317363404
139,0x080428a0,0x3d05cd15,0.0326662846
140,0x080428a4,0x3d09b8c7,0.033623483
141,0x080428a8,0x3d0dc1e1,0.0346087255
142,0x080428ac,0x3d11e941,0.0356228389
143,0x080428b0,0x3d162fc9,0.0366666652
144,0x080428b4,0x3d1a9665,0.0377410837
145,0x080428b8,0x3d1f1e03,0.0388469808
146,0x080428bc,0x3d23c79c,0.0399852842
147,0x080428c0,0x3d28942e,0.0411569402
148,0x080428c4,0x3d2d84c1,0.0423629321
149,0x080428c8,0x3d329a62,0.0436042622
150,0x080428cc,0x3d37d626,0.0448819622
151,0x080428d0,0x3d3d392d,0.0461971052
152,0x080428d4,0x3d42c49c,0.0475507826
153,0x080428d8,0x3d4879a3,0.0489441268
154,0x080428dc,0x3d4e597a,0.0503783002
155,0x080428e0,0x3d546562,0.0518544987
156,0x080428e4,0x3d5a9ea5,0.0533739515
157,0x080428e8,0x3d610697,0.0549379252
158,0x080428ec,0x3d679e98,0.0565477312
159,0x080428f0,0x3d6e680f,0.0582047068
160,0x080428f4,0x3d75646f,0.0599102341
161,0x080428f8,0x3d7c9536,0.0616657361
162,0x080428fc,0x3d81fdf7,0.0634726807
163,0x08042900,0x3d85cd16,0.0653325766
164,0x08042904,0x3d89b8c7,0.0672469661
165,0x08042908,0x3d8dc1e1,0.0692174509
166,0x0804290c,0x3d91e941,0.0712456778
167,0x08042910,0x3d962fc9,0.0733333305
168,0x08042914,0x3d9a9665,0.0754821673
169,0x08042918,0x3d9f1e03,0.0776939616
170,0x0804291c,0x3da3c79c,0.0799705684
171,0x08042920,0x3da8942e,0.0823138803
172,0x08042924,0x3dad84c1,0.0847258642
173,0x08042928,0x3db29a62,0.0872085243
174,0x0804292c,0x3db7d626,0.0897639245
175,0x08042930,0x3dbd392d,0.0923942104
176,0x08042934,0x3dc2c49c,0.0951015651
177,0x08042938,0x3dc879a3,0.0978882536
178,0x0804293c,0x3dce597a,0.1007566
179,0x08042940,0x3dd46562,0.103708997
180,0x08042944,0x3dda9ea5,0.106747903
181,0x08042948,0x3de10697,0.10987585
182,0x0804294c,0x3de79e98,0.113095462
183,0x08042950,0x3dee680f,0.116409414
184,0x08042954,0x3df5646f,0.119820468
185,0x08042958,0x3dfc9536,0.123331472
186,0x0804295c,0x3e01fdf7,0.126945361
187,0x08042960,0x3e05cd15,0.130665138
188,0x08042964,0x3e09b8c7,0.134493932
189,0x08042968,0x3e0dc1e1,0.138434902
190,0x0804296c,0x3e11e941,0.142491356
191,0x08042970,0x3e162fc9,0.146666661
192,0x08042974,0x3e1a9665,0.150964335
193,0x08042978,0x3e1f1e03,0.155387923
194,0x0804297c,0x3e23c79c,0.159941137
195,0x08042980,0x3e28942e,0.164627761
196,0x08042984,0x3e2d84c1,0.169451728
197,0x08042988,0x3e329a62,0.174417049
198,0x0804298c,0x3e37d626,0.179527849
199,0x08042990,0x3e3d392d,0.184788421
200,0x08042994,0x3e42c49c,0.19020313
201,0x08042998,0x3e4879a3,0.195776507
202,0x0804299c,0x3e4e597a,0.201513201
203,0x080429a0,0x3e546562,0.207417995
204,0x080429a4,0x3e5a9ea5,0.213495806
205,0x080429a8,0x3e610697,0.219751701
206,0x080429ac,0x3e679e98,0.226190925
207,0x080429b0,0x3e6e680f,0.232818827
208,0x080429b4,0x3e75646f,0.239640936
209,0x080429b8,0x3e7c9536,0.246662945
210,0x080429bc,0x3e81fdf7,0.253890723
211,0x080429c0,0x3e85cd15,0.261330277
212,0x080429c4,0x3e89b8c7,0.268987864
213,0x080429c8,0x3e8dc1e1,0.276869804
214,0x080429cc,0x3e91e941,0.284982711
215,0x080429d0,0x3e962fc9,0.293333322
216,0x080429d4,0x3e9a9665,0.301928669
217,0x080429d8,0x3e9f1e03,0.310775846
218,0x080429dc,0x3ea3c79c,0.319882274
219,0x080429e0,0x3ea8942e,0.329255521
220,0x080429e4,0x3ead84c1,0.338903457
221,0x080429e8,0x3eb29a62,0.348834097
222,0x080429ec,0x3eb7d626,0.359055698
223,0x080429f0,0x3ebd392d,0.369576842
224,0x080429f4,0x3ec2c49c,0.38040626
225,0x080429f8,0x3ec879a3,0.391553015
226,0x080429fc,0x3ece597a,0.403026402
227,0x08042a00,0x3ed46562,0.414835989
228,0x08042a04,0x3eda9ea5,0.426991612
229,0x08042a08,0x3ee10697,0.439503402
230,0x08042a0c,0x3ee79e98,0.452381849
231,0x08042a10,0x3eee680f,0.465637654
232,0x08042a14,0x3ef5646f,0.479281873
233,0x08042a18,0x3efc9536,0.493325889
234,0x08042a1c,0x3f01fdf7,0.507781446
235,0x08042a20,0x3f05cd15,0.522660553
236,0x08042a24,0x3f09b8c7,0.537975729
237,0x08042a28,0x3f0dc1e1,0.553739607
238,0x08042a2c,0x3f11e941,0.569965422
239,0x08042a30,0x3f162fc9,0.586666644
240,0x08042a34,0x3f1a9665,0.603857338
241,0x08042a38,0x3f1f1e03,0.621551692
242,0x08042a3c,0x3f23c79c,0.639764547
243,0x08042a40,0x3f28942e,0.658511043
244,0x08042a44,0x3f2d84c1,0.677806914
245,0x08042a48,0x3f329a62,0.697668195
246,0x08042a4c,0x3f37d626,0.718111396
247,0x08042a50,0x3f3d392d,0.739153683
248,0x08042a54,0x3f42c49c,0.760812521
249,0x08042a58,0x3f4879a3,0.783106029
250,0x08042a5c,0x3f4e597a,0.806052804
251,0x08042a60,0x3f546562,0.829671979
252,0x08042a64,0x3f5a9ea5,0.853983223
253,0x08042a68,0x3f610697,0.879006803
254,0x08042a6c,0x3f679e98,0.904763699
255,0x08042a70,0x3f6e680f,0.931275308
