index,flash_address,raw_u32_hex,float32_exact_decimal
0,0x0802b9c4,0x00000000,0.0
1,0x0802b9c8,0x3649539c,3.000000106112566e-06
2,0x0802b9cc,0x37388ca4,1.1000000085914508e-05
3,0x0802b9d0,0x37fba882,2.9999999242136255e-05
4,0x0802b9d4,0x388a697b,6.600000051548705e-05
5,0x0802b9d8,0x3900f990,0.0001230000052601099
6,0x0802b9dc,0x395a1a93,0.00020799999765586108
7,0x0802b9e0,0x39ac7da2,0.00032900000223889947
8,0x0802b9e4,0x3a013cac,0.000493000028654933
9,0x0802b9e8,0x3a3955f8,0.0007070000283420086
10,0x0802b9ec,0x3a8094e6,0.000981000019237399
11,0x0802b9f0,0x3aad46f6,0.001322000054642558
12,0x0802b9f4,0x3ae410b6,0.0017399999778717756
13,0x0802b9f8,0x3b131013,0.0022440000902861357
14,0x0802b9fc,0x3b3a6267,0.0028440000023692846
15,0x0802ba00,0x3b689657,0.0035490000154823065
16,0x0802ba04,0x3b8f3238,0.004370000213384628
17,0x0802ba08,0x3bae3a3b,0.0053170002065598965
18,0x0802ba0c,0x3bd1bf7b,0.006401000078767538
19,0x0802ba10,0x3bfa1e3f,0.007633000146597624
20,0x0802ba14,0x3c13dd98,0.009025000035762787
21,0x0802ba18,0x3c2d7519,0.010587000288069248
22,0x0802ba1c,0x3c4a0c28,0.012331999838352203
23,0x0802ba20,0x3c69d0ea,0.014271000400185585
24,0x0802ba24,0x3c867cf2,0.0164170004427433
25,0x0802ba28,0x3c99dece,0.018782999366521835
26,0x0802ba2c,0x3caf251c,0.021379999816417694
27,0x0802ba30,0x3cc66d37,0.02422199957072735
28,0x0802ba34,0x3cdfd263,0.02732199989259243
29,0x0802ba38,0x3cfb71fc,0.03069400042295456
30,0x0802ba3c,0x3d0cb296,0.03435000032186508
31,0x0802ba40,0x3d1ce4a8,0.03830400109291077
32,0x0802ba44,0x3d2e5de1,0.042569998651742935
33,0x0802ba48,0x3d412dfd,0.04716299846768379
34,0x0802ba4c,0x3d55629e,0.05209600180387497
35,0x0802ba50,0x3d6b0b7c,0.05738399922847748
36,0x0802ba54,0x3d811c2a,0.06304199993610382
37,0x0802ba58,0x3d8d7bea,0.06908400356769562
38,0x0802ba5c,0x3d9aacda,0.07552500069141388
39,0x0802ba60,0x3da8b75f,0.0823810026049614
40,0x0802ba64,0x3db7a355,0.08966699987649918
41,0x0802ba68,0x3dc7789a,0.09739799797534943
42,0x0802ba6c,0x3dd83f0c,0.10558900237083435
43,0x0802ba70,0x3de9ff93,0.11425700038671494
44,0x0802ba74,0x3dfcc294,0.12341800332069397
45,0x0802ba78,0x3e084838,0.13308799266815186
46,0x0802ba7c,0x3e12b884,0.1432819962501526
47,0x0802ba80,0x3e1db6e5,0.15401799976825714
48,0x0802ba84,0x3e29478d,0.1653120070695877
49,0x0802ba88,0x3e356ead,0.17718000710010529
50,0x0802ba8c,0x3e4230fd,0.18964000046253204
51,0x0802ba90,0x3e4f92b0,0.20270800590515137
52,0x0802ba94,0x3e5d987c,0.21640199422836304
53,0x0802ba98,0x3e6c471b,0.2307399958372116
54,0x0802ba9c,0x3e7ba27b,0.2457370012998581
55,0x0802baa0,0x3e85d7ed,0.26141300797462463
56,0x0802baa4,0x3e8e39b4,0.27778398990631104
57,0x0802baa8,0x3e96f912,0.29486900568008423
58,0x0802baac,0x3ea01840,0.3126850128173828
59,0x0802bab0,0x3ea999bb,0.33125099539756775
60,0x0802bab4,0x3eb38002,0.3505859971046448
61,0x0802bab8,0x3ebdcd2d,0.3707059919834137
62,0x0802babc,0x3ec883dc,0.39163100719451904
63,0x0802bac0,0x3ed3a68b,0.4133799970149994
64,0x0802bac4,0x3edf37b9,0.4359720051288605
65,0x0802bac8,0x3eeb399f,0.4594239890575409
66,0x0802bacc,0x3ef7aeff,0.48375698924064636
67,0x0802bad0,0x3f024d1a,0.5089889764785767
68,0x0802bad4,0x3f08feef,0.5351399779319763
69,0x0802bad8,0x3f0fee3d,0.5622289776802063
70,0x0802badc,0x3f171c54,0.5902760028839111
71,0x0802bae0,0x3f1e8a72,0.6193000078201294
72,0x0802bae4,0x3f2639e7,0.6493210196495056
73,0x0802bae8,0x3f2e2c02,0.6803590059280396
74,0x0802baec,0x3f366213,0.7124339938163757
75,0x0802baf0,0x3f3edd6a,0.7455660104751587
76,0x0802baf4,0x3f479f56,0.7797750234603882
77,0x0802baf8,0x3f50a937,0.8150820136070251
78,0x0802bafc,0x3f59fc5d,0.8515070080757141
79,0x0802bb00,0x3f639a28,0.889070987701416
80,0x0802bb04,0x3f6d83f9,0.9277949929237366
81,0x0802bb08,0x3f77bb0e,0.9676979780197144
82,0x0802bb0c,0x3f812075,1.0088030099868774
83,0x0802bb10,0x3f868b6e,1.0511300563812256
84,0x0802bb14,0x3f8c1f21,1.0946999788284302
85,0x0802bb18,0x3f91dc48,1.1395349502563477
86,0x0802bb1c,0x3f97c393,1.185655951499939
87,0x0802bb20,0x3f9dd5b2,1.233083963394165
88,0x0802bb24,0x3fa4135e,1.2818410396575928
89,0x0802bb28,0x3faa7d4e,1.33194899559021
90,0x0802bb2c,0x3fb11434,1.3834290504455566
91,0x0802bb30,0x3fb7d8c7,1.4363030195236206
92,0x0802bb34,0x3fbecbc9,1.4905940294265747
93,0x0802bb38,0x3fc5ede9,1.5463229417800903
94,0x0802bb3c,0x3fcd3fea,1.6035130023956299
95,0x0802bb40,0x3fd4c283,1.6621860265731812
96,0x0802bb44,0x3fdc766c,1.7223639488220215
97,0x0802bb48,0x3fe45c68,1.7840700149536133
98,0x0802bb4c,0x3fec752e,1.8473260402679443
99,0x0802bb50,0x3ff4c17f,1.912155032157898
100,0x0802bb54,0x3ffd4224,1.9785809516906738
101,0x0802bb58,0x4002fbe7,2.0466248989105225
102,0x0802bb5c,0x4007719f,2.116309881210327
103,0x0802bb60,0x400c02a3,2.1876609325408936
104,0x0802bb64,0x4010af4f,2.260699987411499
105,0x0802bb68,0x40157803,2.3354499340057373
106,0x0802bb6c,0x401a5d29,2.411936044692993
107,0x0802bb70,0x401f5f18,2.4901790618896484
108,0x0802bb74,0x40247e39,2.570204019546509
109,0x0802bb78,0x4029baf1,2.6520349979400635
110,0x0802bb7c,0x402f15a0,2.7356948852539062
111,0x0802bb80,0x40348eac,2.8212080001831055
112,0x0802bb84,0x403a2678,2.908597946166992
113,0x0802bb88,0x403fdd6a,2.9978890419006348
114,0x0802bb8c,0x4045b3ea,3.0891060829162598
115,0x0802bb90,0x404baa58,3.182271957397461
116,0x0802bb94,0x4051c11e,3.277411937713623
117,0x0802bb98,0x4057f8a1,3.3745501041412354
118,0x0802bb9c,0x405e5148,3.4737110137939453
119,0x0802bba0,0x4064cb79,3.5749189853668213
120,0x0802bba4,0x406b679d,3.678199052810669
121,0x0802bba8,0x4072261c,3.783576011657715
122,0x0802bbac,0x4079075f,3.8910748958587646
123,0x0802bbb0,0x408005e6,4.000720024108887
124,0x0802bbb4,0x408399e7,4.112536907196045
125,0x0802bbb8,0x40873fe6,4.226550102233887
126,0x0802bbbc,0x408af81a,4.342785835266113
127,0x0802bbc0,0x408ec2b5,4.461267948150635
128,0x0802bbc4,0x40929ff1,4.582024097442627
129,0x0802bbc8,0x40968ffe,4.705077171325684
130,0x0802bbcc,0x409a9314,4.830453872680664
131,0x0802bbd0,0x409ea969,4.958179950714111
132,0x0802bbd4,0x40a2d333,5.088281154632568
133,0x0802bbd8,0x40a710a8,5.220783233642578
134,0x0802bbdc,0x40ab61fe,5.355711936950684
135,0x0802bbe0,0x40afc76b,5.493093013763428
136,0x0802bbe4,0x40b44127,5.63295316696167
137,0x0802bbe8,0x40b8cf68,5.775318145751953
138,0x0802bbec,0x40bd7265,5.9202141761779785
139,0x0802bbf0,0x40c22a54,6.067667007446289
140,0x0802bbf4,0x40c6f76e,6.217703819274902
141,0x0802bbf8,0x40cbd9ea,6.3703508377075195
142,0x0802bbfc,0x40d0d200,6.525634765625
143,0x0802bc00,0x40d5dfe7,6.683581829071045
144,0x0802bc04,0x40db03da,6.844220161437988
145,0x0802bc08,0x40e03e0c,7.007574081420898
146,0x0802bc0c,0x40e58eb9,7.173672199249268
147,0x0802bc10,0x40eaf619,7.342541217803955
148,0x0802bc14,0x40f07464,7.51420783996582
149,0x0802bc18,0x40f609d2,7.688698768615723
150,0x0802bc1c,0x40fbb6a0,7.8660430908203125
151,0x0802bc20,0x4100bd80,8.0462646484375
152,0x0802bc24,0x4103ab9a,8.229394912719727
153,0x0802bc28,0x4106a5b7,8.415457725524902
154,0x0802bc2c,0x4109abf6,8.604482650756836
155,0x0802bc30,0x410cbe75,8.79649829864502
156,0x0802bc34,0x410fdd4e,8.99152946472168
157,0x0802bc38,0x4113089e,9.189603805541992
158,0x0802bc3c,0x41164085,9.390751838684082
159,0x0802bc40,0x4119851f,9.595000267028809
160,0x0802bc44,0x411cd688,9.802375793457031
161,0x0802bc48,0x412034e0,10.012908935546875
162,0x0802bc4c,0x4123a042,10.226625442504883
163,0x0802bc50,0x412718cd,10.443554878234863
164,0x0802bc54,0x412a9e9e,10.663724899291992
165,0x0802bc58,0x412e31d3,10.887164115905762
166,0x0802bc5c,0x4131d289,11.113900184631348
167,0x0802bc60,0x413580df,11.343962669372559
168,0x0802bc64,0x41393cf3,11.577380180358887
169,0x0802bc68,0x413d06e2,11.814180374145508
170,0x0802bc6c,0x4140deca,12.054391860961914
171,0x0802bc70,0x4144c4cb,12.29804515838623
172,0x0802bc74,0x4148b901,12.545166969299316
173,0x0802bc78,0x414cbb8b,12.79578685760498
174,0x0802bc7c,0x4150cc89,13.049935340881348
175,0x0802bc80,0x4154ec18,13.307640075683594
176,0x0802bc84,0x41591a56,13.568929672241211
177,0x0802bc88,0x415d5762,13.833833694458008
178,0x0802bc8c,0x4161a35c,14.10238265991211
179,0x0802bc90,0x4165fe62,14.374605178833008
180,0x0802bc94,0x416a6893,14.650530815124512
181,0x0802bc98,0x416ee20d,14.930188179016113
182,0x0802bc9c,0x41736aef,15.213606834411621
183,0x0802bca0,0x4178035a,15.500818252563477
184,0x0802bca4,0x417cab6b,15.791850090026855
185,0x0802bca8,0x4180b1a2,16.086734771728516
186,0x0802bcac,0x41831580,16.385498046875
187,0x0802bcb0,0x41858160,16.68817138671875
188,0x0802bcb4,0x4187f553,16.994787216186523
189,0x0802bcb8,0x418a7168,17.305374145507812
190,0x0802bcbc,0x418cf5ae,17.61996078491211
191,0x0802bcc0,0x418f8236,17.938579559326172
192,0x0802bcc4,0x4192170f,18.261259078979492
193,0x0802bcc8,0x4194b449,18.588029861450195
194,0x0802bccc,0x419759f5,18.91892433166504
195,0x0802bcd0,0x419a0821,19.253969192504883
196,0x0802bcd4,0x419cbedf,19.593198776245117
197,0x0802bcd8,0x419f7e3e,19.936641693115234
198,0x0802bcdc,0x41a2464e,20.28432846069336
199,0x0802bce0,0x41a5171f,20.636289596557617
200,0x0802bce4,0x41a7f0c2,20.992557525634766
201,0x0802bce8,0x41aad347,21.35316276550293
202,0x0802bcec,0x41adbebd,21.7181339263916
203,0x0802bcf0,0x41b0b335,22.08750343322754
204,0x0802bcf4,0x41b3b0c1,22.461305618286133
205,0x0802bcf8,0x41b6b76e,22.83956527709961
206,0x0802bcfc,0x41b9c74f,23.222318649291992
207,0x0802bd00,0x41bce073,23.609594345092773
208,0x0802bd04,0x41c002ec,24.001426696777344
209,0x0802bd08,0x41c32ec8,24.397842407226562
210,0x0802bd0c,0x41c6641a,24.798877716064453
211,0x0802bd10,0x41c9a2f0,25.204559326171875
212,0x0802bd14,0x41cceb5d,25.61492347717285
213,0x0802bd18,0x41d03d70,26.029998779296875
214,0x0802bd1c,0x41d3993b,26.449819564819336
215,0x0802bd20,0x41d6fecd,26.874414443969727
216,0x0802bd24,0x41da6e38,27.303817749023438
217,0x0802bd28,0x41dde78b,27.73805809020996
218,0x0802bd2c,0x41e16ad9,28.17717170715332
219,0x0802bd30,0x41e4f832,28.62118911743164
220,0x0802bd34,0x41e88fa6,29.070140838623047
221,0x0802bd38,0x41ec3147,29.52406120300293
222,0x0802bd3c,0x41efdd25,29.982980728149414
223,0x0802bd40,0x41f39351,30.446931838989258
224,0x0802bd44,0x41f753dd,30.91594886779785
225,0x0802bd48,0x41fb1ed8,31.390060424804688
226,0x0802bd4c,0x41fef456,31.869304656982422
227,0x0802bd50,0x42016a32,32.35370635986328
228,0x0802bd54,0x42035f8c,32.84330749511719
229,0x0802bd58,0x42055a3f,33.338130950927734
230,0x0802bd5c,0x42075a56,33.838218688964844
231,0x0802bd60,0x42095fd8,34.343597412109375
232,0x0802bd64,0x420b6acd,34.85429763793945
233,0x0802bd68,0x420d7b40,35.370361328125
234,0x0802bd6c,0x420f9138,35.891815185546875
235,0x0802bd70,0x4211acbe,36.41869354248047
236,0x0802bd74,0x4213cdda,36.951026916503906
237,0x0802bd78,0x4215f496,37.488853454589844
238,0x0802bd7c,0x421820f9,38.03219985961914
239,0x0802bd80,0x421a530e,38.58110809326172
240,0x0802bd84,0x421c8adc,39.13560485839844
241,0x0802bd88,0x421ec86c,39.69572448730469
242,0x0802bd8c,0x42210bc7,40.26150131225586
243,0x0802bd90,0x422354f6,40.832969665527344
244,0x0802bd94,0x4225a401,41.410160064697266
245,0x0802bd98,0x4227f8f2,41.99311065673828
246,0x0802bd9c,0x422a53d1,42.581851959228516
247,0x0802bda0,0x422cb4a7,43.17641830444336
248,0x0802bda4,0x422f1b7d,43.7768440246582
249,0x0802bda8,0x4231885c,44.38316345214844
250,0x0802bdac,0x4233fb4c,44.99540710449219
251,0x0802bdb0,0x42367457,45.61361312866211
252,0x0802bdb4,0x4238f386,46.237815856933594
253,0x0802bdb8,0x423b78e1,46.868045806884766
254,0x0802bdbc,0x423e0472,47.50434112548828
255,0x0802bdc0,0x42409640,48.146728515625
