instruction,target
0x8020f76,0x8020ee8
0x8020f88,0x8020f74
0x8020f9c,0x8020f74
0x8020fb0,0x8020f74
0x8020fd8,0x8020f64
0x80210de,0x8020f98
0x80210f6,0x8021104
0x802110e,0x8020ab4
0x8021112,0x8021064
0x8021118,0x80209c0
0x8021120,0x8020ab4
0x802112c,0x8020744
0x8021130,0x8021064
0x802143a,0x802145c
0x802143e,0x8022b68
0x80215fe,0x80323fc
0x8021634,0x8032be8
0x8021646,0x80323fc
0x80216b0,0x8032be8
0x80216c0,0x80323fc
0x8021736,0x8032be8
0x8021744,0x80323fc
0x8021764,0x80323fc
0x802176e,0x8026c80
0x8021780,0x8032be8
0x80217e8,0x8032be8
0x80217fa,0x80323fc
0x8021888,0x8032be8
0x8021894,0x80323fc
0x80218be,0x8032be8
0x80218d2,0x8032be8
0x80218e4,0x8032688
0x8021906,0x8032be8
0x8021918,0x80323fc
0x8021974,0x8032be8
0x8021986,0x8032688
0x8021996,0x8032be8
0x80219a4,0x8032688
0x80219b6,0x8032be8
0x80219ca,0x8032688
0x8021a02,0x8032be8
0x8021a10,0x8032688
0x8021a1c,0x8032be8
0x8021a38,0x8032be8
0x8021a4c,0x8032688
0x8021a7e,0x8032be8
0x8021a92,0x8032688
0x8021acc,0x8032688
0x8021ae8,0x8032be8
0x8021b04,0x8032be8
0x8021b0c,0x803328c
0x8021b12,0x80326e0
0x8021b5c,0x8032be8
0x8021b70,0x8032688
0x8021b7c,0x8032be8
0x8021b8e,0x8032688
0x8021ba2,0x8032be8
0x8021bb2,0x8032688
0x80222fa,0x8021f74
0x8022300,0x80333dc
0x8022312,0x8021f74
0x802231a,0x8033128
0x8022328,0x8021f74
0x8022330,0x8033848
0x8022a74,0x802bfac
0x8022a7a,0x802d3dc
0x8022a96,0x802d33c
0x8022aa0,0x802d484
0x8022aac,0x802dca8
0x8022c82,0x802bf64
0x8022c9c,0x802b6b4
0x8022cec,0x80265d4
0x8022cf0,0x8026110
0x8022cf4,0x8025e30
0x8022cfc,0x802b35c
0x8022d04,0x802b40c
0x8022d0c,0x8026730
0x8022d14,0x80261f8
0x8022d1c,0x802592c
0x8022d44,0x80257dc
0x8022d48,0x80259d8
0x8022d52,0x8025b04
0x8022d56,0x8025c20
0x8022ee8,0x802df7c
0x8022ef0,0x802e1a0
0x8022ef8,0x802e374
0x8022f00,0x802e374
0x8022f04,0x802df9c
0x8022f32,0x8022a6c
0x8022f3e,0x8026574
0x8022f54,0x8022860
0x8022fa8,0x80274c8
0x8023020,0x8021f74
0x8023028,0x8033128
0x8023036,0x8021f74
0x802303e,0x8033848
0x8023054,0x80274c8
0x8023084,0x80327a8
0x802308c,0x8021f74
0x8023090,0x8027208
0x802309a,0x8032260
0x80230a6,0x8032be8
0x80230c4,0x80215e8
0x80230e0,0x8021b40
0x80230ee,0x80327a8
0x80230fa,0x803219c
0x8023110,0x8026c80
0x8023114,0x80274c8
0x8023132,0x803219c
0x80231ce,0x8021f74
0x80231d6,0x8033128
0x80231ea,0x8021f74
0x80231f8,0x8032260
0x80231fe,0x8021b40
0x802328c,0x802734c
0x80232ae,0x8021f74
0x80232b6,0x8033128
0x80232c4,0x8021f74
0x80232cc,0x8033848
0x80232ea,0x8032260
0x8023304,0x803449c
0x8023462,0x8032be8
0x8023470,0x80327a8
0x802347c,0x803219c
0x802353e,0x8037944
0x8023546,0x80201d4
0x80235c2,0x8037944
0x80235ca,0x80201d4
0x8023638,0x8037944
0x8023640,0x80201d4
0x802369c,0x8032be8
0x80236aa,0x8032be8
0x80236ce,0x80327a8
0x80236de,0x8033128
0x8023710,0x8021f74
0x8023714,0x8027208
0x802371e,0x8032260
0x802372a,0x8032be8
0x8023748,0x80215e8
0x8023764,0x8021b40
0x8023780,0x8021f74
0x8023788,0x8033128
0x8023796,0x8021f74
0x802379e,0x8033848
0x80237c6,0x8026c80
0x80237cc,0x80274c8
0x80237ea,0x80327a8
0x80237f4,0x803219c
0x802380a,0x80327a8
0x8023814,0x803219c
0x8023862,0x802187c
0x8023886,0x80274c8
0x80238b2,0x802187c
0x802394a,0x803328c
0x8023950,0x80326e0
0x8023966,0x8032be8
0x8023986,0x8032688
0x802399a,0x8032be8
0x80239b4,0x802187c
0x80239bc,0x80326e0
0x80239fa,0x8027208
0x8023a04,0x8022060
0x8023a0e,0x8032260
0x8023a22,0x803449c
0x8023ac0,0x8026c80
0x8023aea,0x802187c
0x8023afc,0x8032688
0x8023b2c,0x8027208
0x8023b36,0x8022060
0x8023b40,0x8032260
0x8023b4a,0x80327a8
0x8023bc2,0x8026c80
0x8023bd0,0x803449c
0x8023c32,0x803328c
0x8023c3e,0x80327a8
0x8023c4a,0x803219c
0x8023cc0,0x8032be8
0x8023cce,0x80327a8
0x8023cda,0x803219c
0x8023d4c,0x8032be8
0x8023d58,0x80323fc
0x8023e70,0x802187c
0x8023f58,0x803328c
0x8023f62,0x80326e0
0x8023fe0,0x8032688
0x8024018,0x8032be8
0x802402c,0x802187c
0x8024032,0x80326e0
0x8024044,0x80327a8
0x802404e,0x803219c
0x80241de,0x8026d98
0x80241fa,0x80327a8
0x8024212,0x80327a8
0x802421c,0x803219c
0x8024232,0x8032be8
0x8024240,0x8027208
0x8024294,0x80327a8
0x802429e,0x803219c
0x80242b0,0x8032260
0x80242f0,0x803328c
0x8024342,0x80327a8
0x802434e,0x80222f0
0x8024370,0x8032be8
0x80243a4,0x8034804
0x80243ae,0x8034804
0x80243c2,0x8034804
0x80243d0,0x8034804
0x80243da,0x8034804
0x80243e6,0x8034804
0x80243f2,0x8034804
0x80243fe,0x8034804
0x802440a,0x8034804
0x8024416,0x8034804
0x8024422,0x8034804
0x802442e,0x8034804
0x802443a,0x8034804
0x8024446,0x8034804
0x802445a,0x8021c64
0x8024466,0x8034804
0x802447a,0x8021c64
0x8024486,0x8034804
0x802449a,0x8021c64
0x80244a6,0x8034804
0x80244b0,0x8034804
0x80244ba,0x8034804
0x80244c4,0x8034804
0x80244ce,0x8034804
0x80244d8,0x8034804
0x80244e2,0x8034804
0x80244ec,0x8034804
0x80244f6,0x8034804
0x8024500,0x8034804
0x802450a,0x8034804
0x8024514,0x8034804
0x802451e,0x8034804
0x8024528,0x8034804
0x8024532,0x8034804
0x802453c,0x8034804
0x8024546,0x8034804
0x8024550,0x8034804
0x802455a,0x8034804
0x8024562,0x80327a8
0x802456e,0x8034804
0x8024576,0x80327a8
0x8024580,0x803219c
0x802458e,0x80327a8
0x8024658,0x802d0d0
0x8024724,0x802dcd4
0x802494e,0x802b7ac
0x8024958,0x802b7b0
0x8024d8c,0x802b7ac
0x8024d9c,0x802b7b0
0x8024e58,0x8022860
0x8024e64,0x802b7b0
0x8024e6e,0x802b7ac
0x8025082,0x80257dc
0x802542c,0x8027208
0x8025438,0x8026c80
0x802556e,0x8027208
0x8025594,0x8027040
0x80255b8,0x8026f40
0x80255f4,0x8027208
0x80256d8,0x802bba8
0x80256ea,0x802b998
0x8025704,0x802bb80
0x8025718,0x802b9c8
0x8025732,0x802bb80
0x802574a,0x802bac8
0x8025762,0x802bb80
0x8025776,0x802bac8
0x802578a,0x802bba8
0x8025796,0x802b9b0
0x80257e8,0x80256b4
0x80258a0,0x802bf64
0x80258b2,0x802b6b4
0x80258bc,0x802b7cc
0x80258c6,0x802b7cc
0x80258da,0x802b6b4
0x80258e6,0x802b6b4
0x80258f0,0x802b7cc
0x80258fa,0x802b7cc
0x8025904,0x802b7cc
0x802590e,0x802b7cc
0x8025918,0x802b7cc
0x8025932,0x8025894
0x802593c,0x802bfac
0x8025944,0x802b7f4
0x8025960,0x802b954
0x8025968,0x802b860
0x8025970,0x802bfac
0x8025976,0x802c318
0x8025992,0x802c428
0x802599a,0x802c5bc
0x80259a2,0x80256b4
0x80259ae,0x80256b4
0x80259e6,0x802bf64
0x80259ee,0x802c86c
0x80259f4,0x802c6c4
0x8025a54,0x802c7f0
0x8025a5e,0x802c63c
0x8025a66,0x802c86c
0x8025a6c,0x802c6c4
0x8025aae,0x802c7f0
0x8025ab8,0x802c970
0x8025b2a,0x802c7f0
0x8025b38,0x802c7f0
0x8025b40,0x802c86c
0x8025b48,0x802c86c
0x8025b60,0x802c52c
0x8025ba4,0x802c904
0x8025bb0,0x802c904
0x8025bd0,0x8027518
0x8025bda,0x802c940
0x8025be4,0x802c904
0x8025bfe,0x8027518
0x8025c46,0x802bf64
0x8025c52,0x802bfac
0x8025c68,0x802b6b4
0x8025c70,0x802bfac
0x8025c76,0x802d3dc
0x8025c8a,0x802d33c
0x8025c92,0x802de48
0x8025c9a,0x802d484
0x8025cb6,0x802c164
0x8025cbc,0x802c6c4
0x8025cfa,0x802c7f0
0x8025d04,0x802c970
0x8025d14,0x802c86c
0x8025d1c,0x802c19c
0x8025d24,0x802c294
0x8025d5e,0x802c904
0x8025d8c,0x802c940
0x8025d94,0x802c904
0x8025e3e,0x802bf64
0x8025e50,0x802b6b4
0x8025e5a,0x802b7cc
0x8025e64,0x802b7cc
0x8025e70,0x802b6b4
0x8025e7a,0x802b7cc
0x8025e88,0x802b6b4
0x8025e92,0x802b7cc
0x8025e9c,0x802b7cc
0x8025ea6,0x802b7cc
0x8025eb0,0x802b7cc
0x8025eba,0x802b7cc
0x8025ec8,0x802b7cc
0x8025ed2,0x802b7cc
0x8025ee0,0x802b6b4
0x8025eea,0x802b7cc
0x8025ef4,0x802b7cc
0x8025efe,0x802b7cc
0x8025f08,0x802b7cc
0x8025f12,0x802b7cc
0x8025f1c,0x802b7cc
0x8025f26,0x802b7cc
0x8025f30,0x802b7cc
0x8025f3a,0x802b7cc
0x8025f48,0x802b7cc
0x8025f52,0x802b7cc
0x8025f60,0x802b6b4
0x8025f6a,0x802b7cc
0x8025f74,0x802b7cc
0x8025f7e,0x802b7cc
0x8025f88,0x802b7cc
0x8025f92,0x802b7cc
0x8025f9c,0x802b7cc
0x8025fa6,0x802b7cc
0x8025fb0,0x802b7cc
0x8025fba,0x802b7cc
0x8025fc8,0x802b7cc
0x8025fd2,0x802b7cc
0x8025fe0,0x802b6b4
0x8025fea,0x802b7cc
0x8025ff4,0x802b7cc
0x8025ffe,0x802b7cc
0x8026008,0x802b7cc
0x8026012,0x802b7cc
0x802601c,0x802b7cc
0x8026026,0x802b7cc
0x8026054,0x802b40c
0x8026060,0x802b2fc
0x802608e,0x802b40c
0x8026098,0x802b2fc
0x80260b0,0x802b40c
0x80260ba,0x802b2fc
0x80260c2,0x802b40c
0x80260cc,0x802b2fc
0x80260e6,0x802b40c
0x80260f0,0x802b2fc
0x80260f8,0x802b33c
0x8026100,0x802b40c
0x8026114,0x8025e30
0x802611c,0x802bf94
0x8026172,0x802b208
0x8026176,0x802603c
0x802625c,0x802bf64
0x8026266,0x802bfc4
0x80262b0,0x802c7f0
0x80262b8,0x802c86c
0x80262cc,0x802cab4
0x80262ec,0x802ca50
0x80262fe,0x802b6b4
0x8026314,0x802b6b4
0x8026322,0x802cb58
0x802632e,0x802cb58
0x802633a,0x802cb58
0x8026346,0x802cb58
0x8026352,0x802cb58
0x802635e,0x802cb58
0x8026368,0x802c970
0x8026376,0x802cc6c
0x802637e,0x802cc58
0x8026386,0x802cae8
0x802638c,0x802cbe4
0x80263ec,0x802c904
0x8026fbc,0x8026d98
0x80273c6,0x8026618
0x802926a,0x802734c
0x802936a,0x8026618
0x802940c,0x802734c
0x802a54e,0x802734c
0x802a6ce,0x8026618
0x802a770,0x802734c
0x802a836,0x8026618
0x802a850,0x8026618
0x802b810,0x802c024
0x802b828,0x802c024
0x802b840,0x802c024
0x802b86c,0x802bdf4
0x802c346,0x802c03c
0x802c35e,0x802c03c
0x802c376,0x802c024
0x802c38e,0x802c024
0x802c3a6,0x802c03c
0x802c3be,0x802c03c
0x802e1b6,0x802e0f8
0x802e1c2,0x802e0f8
0x802e1f4,0x802e0f8
0x802e37a,0x802e0f8
0x802e3a0,0x802e0f8
0x802fc06,0x8035068
0x802fcd0,0x802f8fc
0x802fcf0,0x802f928
0x802fd20,0x802f928
0x802fd58,0x802fcb8
0x802fd86,0x802fcb8
0x802fda8,0x802fcb8
0x802fdd0,0x802fcb8
0x802fe72,0x802fd34
0x802fee4,0x802fd34
0x802ff5a,0x802fcb8
0x802ff90,0x802fcb8
0x802ffc8,0x802fcb8
0x802fff4,0x802fcb8
0x8030048,0x802fcb8
0x803007c,0x802f954
0x8030096,0x802f928
0x80300c0,0x802f928
0x8030108,0x802f928
0x803013a,0x802fcb8
0x8030248,0x802fd34
0x803038a,0x80350b0
0x80303a0,0x80350b0
0x80303fc,0x802fe0c
0x803046e,0x8035068
0x8030590,0x802fe0c
0x803059a,0x803011c
0x80306ac,0x8035068
0x803077a,0x802fcb8
0x803091e,0x802fd34
0x8030b64,0x802fe0c
0x8030b82,0x802fcb8
0x8030bde,0x802fcb8
0x8030c0e,0x802fd34
0x8030c6a,0x802f8fc
0x8030cc6,0x802fa88
0x8030ce4,0x802f8e4
0x8030d08,0x802f8cc
0x8030d1c,0x8030c4c
0x8030e62,0x8030c4c
0x8030e8e,0x8030c4c
0x8030eac,0x8030c4c
0x8030ebc,0x8030c4c
0x8030f0c,0x802fcb8
0x8030fa6,0x802fd34
0x8030fec,0x802fcb8
0x8031010,0x802fcb8
0x8031058,0x802fcb8
0x8031082,0x802fcb8
0x80310c8,0x802ff30
0x8031102,0x802ff30
0x80311e6,0x802f928
0x8031210,0x802f8fc
0x80312c4,0x802f928
0x803138a,0x8030f70
0x803139a,0x8030f70
0x80313ec,0x802f8e4
0x8031408,0x8031124
0x803141a,0x80313a8
0x803144a,0x802fd34
0x8031488,0x802fcb8
0x80314ca,0x802fcb8
0x8031510,0x802fcb8
0x8031546,0x802fcb8
0x803157a,0x802fcb8
0x80315bc,0x802fe0c
0x80315f2,0x802fcb8
0x8031650,0x802fcb8
0x8031688,0x802fd34
0x80316a8,0x8030f70
0x803171e,0x802f928
0x8031746,0x802f928
0x80317b4,0x802f928
0x80317e6,0x802f928
0x8031baa,0x802fe0c
0x8031bb2,0x803011c
0x8031c0e,0x80315b0
0x8031c1e,0x802fe0c
0x8031d24,0x802fea8
0x8031d3e,0x802fcb8
0x8031eb6,0x80315b0
0x8031eca,0x802fcb8
0x80321f4,0x8030cb8
0x803227e,0x8030cb8
0x803229c,0x80303d8
0x8032302,0x8031800
0x8032310,0x802f974
0x8032370,0x803142c
0x8032388,0x802fcb8
0x803242c,0x802f8e4
0x80324c0,0x802f928
0x80324dc,0x802f8fc
0x80325ba,0x802f8fc
0x803261c,0x802fd34
0x80326b4,0x802f8e4
0x80326fe,0x802f8e4
0x803271c,0x802fcb8
0x8032750,0x802f974
0x8032790,0x802f928
0x80327c6,0x802f8e4
0x80327e2,0x802fcb8
0x8032816,0x802f974
0x8032840,0x8030068
0x8032860,0x802f8e4
0x8032878,0x802f928
0x8032c0e,0x802f8e4
0x8032ca8,0x802f928
0x8032cc4,0x802f8fc
0x8032d30,0x802f928
0x8032d4a,0x802f8fc
0x8032d8c,0x802fd34
0x8032e2c,0x802fd34
0x8032e5a,0x8030f70
0x8032e98,0x8030f70
0x8033138,0x8030cb8
0x8033154,0x80303d8
0x803316a,0x802fb1c
0x80332ac,0x802f8e4
0x80332e8,0x802fd34
0x8033304,0x802ff30
0x8033342,0x802f928
0x8033366,0x802fd34
0x803338a,0x802ff30
0x803339e,0x803142c
0x80333ea,0x8030cb8
0x8033402,0x80303d8
0x8033472,0x802fe0c
0x803347e,0x8030758
0x803348c,0x8030b50
0x80334a2,0x803142c
0x80334ac,0x8030068
0x80334c4,0x8030b50
0x8033858,0x8030cb8
0x8033874,0x80303d8
0x80338d6,0x802fa88
0x80338ee,0x80303d8
0x80338fc,0x8031800
0x8033954,0x8030b50
0x803395e,0x8030068
0x80339ae,0x802fcb8
0x80344e8,0x802f928
0x8034504,0x802f8fc
0x8034550,0x802f8e4
0x80345e2,0x802fd34
0x803482a,0x80313a8
0x8034bee,0x802f8e4
0x8034c0a,0x8031124
0x8034c26,0x80313a8
0x8034c7c,0x80313a8
0x8034d4c,0x80313a8
0x8034da6,0x802f8e4
0x8034dc6,0x8031124
0x8034dec,0x80313a8
0x8034e4a,0x802f8e4
0x8034e68,0x8031124
0x8034e94,0x802f8e4
0x8034eb2,0x8031124
0x8034ecc,0x802f8e4
0x8034eee,0x8031124
0x8034f6c,0x802f8e4
0x8034f8a,0x8031124
0x8034fa8,0x80313a8
0x80357a2,0x802cfdc
0x80357b2,0x802cff0
0x80357d0,0x802cfdc
0x80357da,0x802cff0
0x80357e6,0x802cfdc
0x80357ee,0x802cfdc
0x80357f8,0x802cff0
0x8035806,0x802cff0
0x8035812,0x802cfdc
0x803581c,0x802cfdc
0x803582a,0x802cff0
0x803583a,0x802cff0
0x8037982,0x8037f7c
0x80379b6,0x8037f88
0x80379d2,0x8037f7c
0x8037ae8,0x8037f88
0x8037b6e,0x8037f94
0x8037bc8,0x8037f94
0x8037c4c,0x8037f88
0x8037c6e,0x8037f88
0x8037d1c,0x8037f88
0x8037d38,0x8037f88
0x8037d5a,0x8037f88
0x8037d8a,0x8037f88
0x8037dfc,0x8037f94
0x8037e9e,0x803bbd4
0x8037fa0,0x803e2ec
0x8038044,0x803cc2c
0x803806a,0x8020ab4
0x8038092,0x8021c08
0x8038162,0x803d064
0x8038188,0x80209c0
0x80381b8,0x8020ab4
0x80381c2,0x80209c0
0x80381ce,0x8020748
0x803840a,0x8020ab4
0x8038428,0x803c72c
0x8038456,0x803c640
0x8038476,0x8020274
0x8038484,0x803cd34
0x8038494,0x803c864
0x8038520,0x803ca48
0x8038532,0x803cb34
0x8038548,0x803cafc
0x803855c,0x803cdf4
0x8038570,0x8020fac
0x80385b6,0x8020fac
0x80385c0,0x8021064
0x80385ca,0x80209c0
0x8038600,0x803cc2c
0x803860c,0x8020ab4
0x8038614,0x8020748
0x8038630,0x803c68c
0x8038638,0x803c68c
0x8038640,0x803c68c
0x8038648,0x803c68c
0x8038660,0x8020ab4
0x8038686,0x803c9a8
0x8038696,0x803c878
0x80386a4,0x803c68c
0x80386b8,0x803ca48
0x8038706,0x803c9a8
0x8038732,0x803ca48
0x803878e,0x8020f98
0x80387a0,0x8020ab4
0x80387d8,0x803cc2c
0x80387e4,0x8020ab4
0x80387ec,0x8020748
0x8038830,0x80210d4
0x8038834,0x8020a58
0x8038840,0x8020744
0x803885c,0x8020f98
0x803886c,0x8020fd4
0x8038884,0x803c68c
0x803888c,0x803c68c
0x8038894,0x803c68c
0x803889c,0x803c68c
0x80388a4,0x803c68c
0x80388f2,0x8020f98
0x8038918,0x8020d08
0x80389e2,0x8020d08
0x8038a0e,0x8020ab4
0x8038a56,0x8020f84
0x8038a76,0x803d064
0x8038b18,0x803be60
0x8038c00,0x8020ab4
0x8038c2e,0x8020ab4
0x8038c7e,0x803ce94
0x8038c86,0x803c68c
0x8038d16,0x8020ab4
0x8038d4c,0x8020ab4
0x8038d5c,0x8020ab4
0x8038d9a,0x8038038
0x8038da6,0x8020748
0x8038dc8,0x8020ab4
0x8038e6e,0x803ca48
0x8038e76,0x803cafc
0x8038eba,0x8038038
0x8038ec6,0x8020744
0x8038ed2,0x8020f84
0x803bb3c,0x8037f7c
0x803bb66,0x8037f94
0x803bb74,0x8037f88
0x803bb80,0x8037f94
0x803bb9c,0x8037f88
0x803bba8,0x8037f94
0x803bbde,0x8037f7c
0x803bd2c,0x803bb34
0x803be76,0x8021c08
0x803bece,0x803d064
0x803bf14,0x803c640
0x803bf78,0x803d064
0x803bfa0,0x803c7c4
0x803bff0,0x803c68c
0x803c0a2,0x803d064
0x803c116,0x803cedc
0x803c148,0x803bdc0
0x803c184,0x803bdc0
0x803c218,0x803ca48
0x803c286,0x803bdc0
0x803c29c,0x803c68c
0x803c2c2,0x803cedc
0x803c2ce,0x803cedc
0x803c308,0x803cedc
0x803c33c,0x803c640
0x803c34e,0x8020274
0x803c356,0x803c68c
0x803c372,0x803c7c4
0x803c662,0x803de50
0x803c67e,0x803de50
0x803c6f6,0x803c640
0x803c708,0x8020274
0x803c75e,0x803c640
0x803c782,0x803c6a0
0x803c7a6,0x803c6a0
0x803c86a,0x803c640
0x803c8a4,0x803c640
0x803c9dc,0x803c878
0x803ca02,0x803c878
0x803ca1e,0x803c6a0
0x803ca2a,0x803c640
0x803ca70,0x803c640
0x803cb82,0x803c640
0x803cc1c,0x803c640
0x803cc8e,0x803c7c4
0x803cd44,0x803c640
0x803cd66,0x803c804
0x803cdbc,0x803c804
0x803cde0,0x803c7c4
0x803ce00,0x803cc7c
0x803ce0c,0x803cc7c
0x803ce3a,0x8020d08
0x803de56,0x803796c
0x803dea0,0x8037edc
