instruction,literal_address,u32_hex,float32
0x8021108,0x8021138,0x3df00000,0.1171875
0x802111e,0x802113c,0x41f00000,30.0
0x8021418,0x8021444,0x08047250,3.985667880096511e-34
0x8021420,0x8021448,0x20000000,1.0842021724855044e-19
0x8021422,0x802144c,0x20000ff0,1.084729500126007e-19
0x802142a,0x8021450,0x20000ff0,1.084729500126007e-19
0x8021434,0x8021454,0x200243c8,1.1033855248663748e-19
0x802145c,0x802155c,0xe000ed00,-3.7160326425340805e+19
0x802145e,0x8021560,0x40023800,2.03466796875
0x8021464,0x8021564,0x24003010,2.7796286136656323e-17
0x80214be,0x8021560,0x40023800,2.03466796875
0x80214d2,0x8021560,0x40023800,2.03466796875
0x80214d4,0x8021568,0x30004080,4.665778874368698e-10
0x80214f0,0x802155c,0xe000ed00,-3.7160326425340805e+19
0x80214fc,0x8021560,0x40023800,2.03466796875
0x80214fe,0x802156c,0x40007000,2.0068359375
0x8021502,0x8021570,0x08405a19,5.788380761756128e-34
0x8021536,0x8021574,0x40023c00,2.034912109375
0x8021538,0x8021560,0x40023800,2.03466796875
0x8021606,0x8021844,0x46464952,12690.330078125
0x8021624,0x8021878,0x20746d66,2.0703800819622366e-19
0x8021656,0x8021848,0x61746164,2.8175145550653004e+20
0x802165c,0x802184c,0x20657563,1.9435894499291964e-19
0x8021710,0x8021850,0x6d753038,4.7426325186308803e+27
0x802179e,0x8021854,0x696d6164,1.7935958341994553e+25
0x80217ac,0x8021858,0x6d736164,4.70766221423361e+27
0x80217ba,0x802185c,0x666c3332,2.7885571919617434e+23
0x80217c8,0x8021860,0x616c3038,2.7230663303174816e+20
0x80217d4,0x8021864,0x69626164,1.7104821841009495e+25
0x802181e,0x8021868,0x73693332,1.847600604761546e+31
0x802182e,0x802186c,0x75733038,3.082778635405369e+32
0x8021836,0x8021870,0x73693136,1.8475391913299096e+31
0x802183e,0x8021874,0x73693234,1.8475698980457278e+31
0x8021898,0x8021b1c,0x46464952,12690.330078125
0x80218f2,0x8021b30,0x20746d66,2.0703800819622366e-19
0x80218f6,0x8021b34,0x61746164,2.8175145550653004e+20
0x802194e,0x8021b20,0x00020003,1.836751962113754e-40
0x8021950,0x8021b24,0x0005dc00,5.3809861030072976e-40
0x80219d6,0x8021b28,0x20001064,1.0847444927746095e-19
0x8021a5e,0x8021b38,0x2002208c,1.102219717190558e-19
0x8021a72,0x8021b2c,0x20657563,1.9435894499291964e-19
0x8021aac,0x8021b3c,0x2002215c,1.102246600560466e-19
0x8021ab0,0x8021b34,0x61746164,2.8175145550653004e+20
0x8021b44,0x8021bb8,0x46464952,12690.330078125
0x8021b46,0x8021bbc,0x45564157,3428.083740234375
0x8021b48,0x8021bc0,0x20746d66,2.0703800819622366e-19
0x8021b98,0x8021bc4,0x61746164,2.8175145550653004e+20
0x8021ca4,0x8021f40,0x42c80000,100.0
0x8021cb4,0x8021f44,0x447a0000,1000.0
0x8021cc4,0x8021f48,0x461c4000,10000.0
0x8021cd4,0x8021f4c,0x47c35000,100000.0
0x8021cf2,0x8021f50,0x2e5be6ff,5.00000006675716e-11
0x8021ec0,0x8021f54,0x66666667,2.7200832022193067e+23
0x8021f04,0x8021f58,0x0803eb10,3.96976931900164e-34
0x8021f10,0x8021f5c,0x36a7c5ac,4.999999873689376e-06
0x8021f18,0x8021f60,0x350637bd,4.999999987376214e-07
0x8021f20,0x8021f64,0x3851b717,4.999999873689376e-05
0x8021f28,0x8021f68,0x3a03126f,0.0005000000237487257
0x8021f30,0x8021f6c,0x3ba3d70a,0.004999999888241291
0x8021f38,0x8021f70,0x3d4ccccd,0.05000000074505806
0x8021f7c,0x8022058,0x0803e308,3.968825250101136e-34
0x8021fb4,0x802205c,0x0803e310,3.968828923520982e-34
0x8022068,0x8022144,0x0803e314,3.968830760230905e-34
0x80220a0,0x8022148,0x0803e31c,3.9688344336507514e-34
0x80222f6,0x8022354,0x2000128c,1.0848158371024422e-19
0x802233e,0x8022358,0x200012a0,1.0848184220418564e-19
0x8022348,0x8022358,0x200012a0,1.0848184220418564e-19
0x8022860,0x8022a2c,0x20001038,1.0847388059078982e-19
0x8022878,0x8022a30,0x20021330,1.101777692550725e-19
0x802287a,0x8022a34,0x3e99999a,0.30000001192092896
0x802287c,0x8022a38,0x20001018,1.0847346700048354e-19
0x802287e,0x8022a3c,0x2000105c,1.0847434587988438e-19
0x802288a,0x8022a40,0x2000103c,1.084739322895781e-19
0x80228aa,0x8022a44,0x20021334,1.1017782095386077e-19
0x80228ae,0x8022a48,0x2000101c,1.0847351869927183e-19
0x80228b0,0x8022a4c,0x20001060,1.0847439757867267e-19
0x80228c0,0x8022a30,0x20021330,1.101777692550725e-19
0x80228c2,0x8022a3c,0x2000105c,1.0847434587988438e-19
0x80228c4,0x8022a38,0x20001018,1.0847346700048354e-19
0x80228c6,0x8022a34,0x3e99999a,0.30000001192092896
0x80228d6,0x8022a30,0x20021330,1.101777692550725e-19
0x80228d8,0x8022a3c,0x2000105c,1.0847434587988438e-19
0x80228da,0x8022a38,0x20001018,1.0847346700048354e-19
0x80228dc,0x8022a50,0x3f666666,0.8999999761581421
0x80228de,0x8022a54,0x3f4ccccd,0.800000011920929
0x80228ee,0x8022a30,0x20021330,1.101777692550725e-19
0x80228f0,0x8022a3c,0x2000105c,1.0847434587988438e-19
0x80228f2,0x8022a38,0x20001018,1.0847346700048354e-19
0x80228f4,0x8022a58,0x3f333333,0.699999988079071
0x8022904,0x8022a30,0x20021330,1.101777692550725e-19
0x8022906,0x8022a38,0x20001018,1.0847346700048354e-19
0x8022908,0x8022a3c,0x2000105c,1.0847434587988438e-19
0x802290a,0x8022a5c,0x3f7d70a4,0.9900000095367432
0x802291a,0x8022a30,0x20021330,1.101777692550725e-19
0x802291c,0x8022a3c,0x2000105c,1.0847434587988438e-19
0x802291e,0x8022a38,0x20001018,1.0847346700048354e-19
0x8022920,0x8022a60,0x3ecccccd,0.4000000059604645
0x8022922,0x8022a64,0x3dcccccd,0.10000000149011612
0x8022924,0x8022a50,0x3f666666,0.8999999761581421
0x802292e,0x8022a30,0x20021330,1.101777692550725e-19
0x8022930,0x8022a3c,0x2000105c,1.0847434587988438e-19
0x8022932,0x8022a38,0x20001018,1.0847346700048354e-19
0x8022934,0x8022a68,0x3eb33333,0.3499999940395355
0x8022948,0x8022a30,0x20021330,1.101777692550725e-19
0x802294a,0x8022a3c,0x2000105c,1.0847434587988438e-19
0x802294c,0x8022a38,0x20001018,1.0847346700048354e-19
0x802294e,0x8022a50,0x3f666666,0.8999999761581421
0x8022950,0x8022a64,0x3dcccccd,0.10000000149011612
0x802295a,0x8022a30,0x20021330,1.101777692550725e-19
0x802295c,0x8022a3c,0x2000105c,1.0847434587988438e-19
0x802295e,0x8022a38,0x20001018,1.0847346700048354e-19
0x8022972,0x8022a30,0x20021330,1.101777692550725e-19
0x8022978,0x8022a44,0x20021334,1.1017782095386077e-19
0x802297a,0x8022a4c,0x20001060,1.0847439757867267e-19
0x802297c,0x8022a48,0x2000101c,1.0847351869927183e-19
0x802297e,0x8022a34,0x3e99999a,0.30000001192092896
0x802298e,0x8022a44,0x20021334,1.1017782095386077e-19
0x8022990,0x8022a4c,0x20001060,1.0847439757867267e-19
0x8022992,0x8022a48,0x2000101c,1.0847351869927183e-19
0x8022994,0x8022a50,0x3f666666,0.8999999761581421
0x8022996,0x8022a54,0x3f4ccccd,0.800000011920929
0x80229a6,0x8022a44,0x20021334,1.1017782095386077e-19
0x80229a8,0x8022a4c,0x20001060,1.0847439757867267e-19
0x80229aa,0x8022a48,0x2000101c,1.0847351869927183e-19
0x80229ac,0x8022a58,0x3f333333,0.699999988079071
0x80229bc,0x8022a44,0x20021334,1.1017782095386077e-19
0x80229be,0x8022a48,0x2000101c,1.0847351869927183e-19
0x80229c0,0x8022a4c,0x20001060,1.0847439757867267e-19
0x80229c2,0x8022a5c,0x3f7d70a4,0.9900000095367432
0x80229d2,0x8022a44,0x20021334,1.1017782095386077e-19
0x80229d4,0x8022a4c,0x20001060,1.0847439757867267e-19
0x80229d6,0x8022a48,0x2000101c,1.0847351869927183e-19
0x80229d8,0x8022a60,0x3ecccccd,0.4000000059604645
0x80229da,0x8022a64,0x3dcccccd,0.10000000149011612
0x80229dc,0x8022a50,0x3f666666,0.8999999761581421
0x80229e6,0x8022a44,0x20021334,1.1017782095386077e-19
0x80229e8,0x8022a4c,0x20001060,1.0847439757867267e-19
0x80229ea,0x8022a48,0x2000101c,1.0847351869927183e-19
0x80229ec,0x8022a68,0x3eb33333,0.3499999940395355
0x8022a00,0x8022a44,0x20021334,1.1017782095386077e-19
0x8022a02,0x8022a4c,0x20001060,1.0847439757867267e-19
0x8022a04,0x8022a48,0x2000101c,1.0847351869927183e-19
0x8022a06,0x8022a50,0x3f666666,0.8999999761581421
0x8022a08,0x8022a64,0x3dcccccd,0.10000000149011612
0x8022a12,0x8022a44,0x20021334,1.1017782095386077e-19
0x8022a14,0x8022a34,0x3e99999a,0.30000001192092896
0x8022a18,0x8022a44,0x20021334,1.1017782095386077e-19
0x8022a1a,0x8022a4c,0x20001060,1.0847439757867267e-19
0x8022a1c,0x8022a48,0x2000101c,1.0847351869927183e-19
0x8022b6c,0x8022de4,0x20001298,1.0848173880660907e-19
0x8022b6e,0x8022de8,0x2002138c,1.1017895832720303e-19
0x8022b70,0x8022dec,0x20001044,1.0847403568715467e-19
0x8022b72,0x8022df0,0x20001048,1.0847408738594296e-19
0x8022b74,0x8022df4,0x20021384,1.1017885492962646e-19
0x8022b76,0x8022df8,0x200213bc,1.1017957871266245e-19
0x8022b78,0x8022eb0,0x2000129c,1.0848179050539736e-19
0x8022b7c,0x8022eb4,0x20021320,1.1017756245991935e-19
0x8022b80,0x8022eb8,0x200213c4,1.1017968211023902e-19
0x8022b84,0x8022ebc,0x200012e4,1.0848272108358648e-19
0x8022b88,0x8022ec0,0x200213c8,1.101797338090273e-19
0x8022b8c,0x8022ec4,0x20001074,1.084746560726141e-19
0x8022b90,0x8022dfc,0x20022074,1.1022166152632608e-19
0x8022b9e,0x8022e00,0x20001050,1.0847419078351953e-19
0x8022ba0,0x8022e04,0x20001070,1.084746043738258e-19
0x8022ba2,0x8022e08,0x20001014,1.0847341530169526e-19
0x8022baa,0x8022e0c,0x20001034,1.0847382889200154e-19
0x8022bac,0x8022e10,0x20001030,1.0847377719321325e-19
0x8022bae,0x8022e14,0x20001058,1.084742941810961e-19
0x8022bb6,0x8022e18,0x20001054,1.0847424248230781e-19
0x8022bb8,0x8022e1c,0x20001290,1.084816354090325e-19
0x8022bba,0x8022e20,0x200012ec,1.0848282448116305e-19
0x8022bc2,0x8022e24,0x200012e8,1.0848277278237477e-19
0x8022bc4,0x8022e28,0x20021338,1.1017787265264906e-19
0x8022bc6,0x8022e2c,0x2000102c,1.0847372549442497e-19
0x8022bd8,0x8022e30,0x20001300,1.0848308297510447e-19
0x8022bda,0x8022e34,0x20001028,1.0847367379563668e-19
0x8022bdc,0x8022e38,0x20021388,1.1017890662841475e-19
0x8022bde,0x8022e3c,0x20001040,1.084739839883664e-19
0x8022bfe,0x8022ec8,0x2000128c,1.0848158371024422e-19
0x8022c0e,0x8022e40,0x20021c88,1.1020868513046666e-19
0x8022c10,0x8022e44,0x200213b0,1.101794236162976e-19
0x8022c12,0x8022e48,0x20001020,1.0847357039806011e-19
0x8022c14,0x8022e4c,0x112a8800,1.3452543624347067e-28
0x8022c22,0x8022e50,0x2002133c,1.1017792435143734e-19
0x8022c2a,0x8022e54,0x2000104c,1.0847413908473124e-19
0x8022c2c,0x8022e58,0x2002139c,1.1017916512235617e-19
0x8022c2e,0x8022e5c,0x2002132c,1.101777175562842e-19
0x8022c30,0x8022ecc,0x20021394,1.101790617247796e-19
0x8022c3c,0x8022ed0,0x20021340,1.1017797605022563e-19
0x8022c40,0x8022ed4,0x200213a4,1.1017926851993274e-19
0x8022c44,0x8022ed8,0x200213b8,1.1017952701387416e-19
0x8022c48,0x8022e60,0x20021418,1.10180767784793e-19
0x8022c4a,0x8022e64,0x200213cc,1.1017978550781559e-19
0x8022c4c,0x8022e68,0x20021328,1.1017766585749592e-19
0x8022c4e,0x8022edc,0x200213ac,1.101793719175093e-19
0x8022c52,0x8022e6c,0x20001068,1.0847450097624924e-19
0x8022c54,0x8022e70,0x40023800,2.03466796875
0x8022c74,0x8022e74,0x20001308,1.0848318637268104e-19
0x8022c92,0x8022e78,0x40021800,2.03271484375
0x8022ca0,0x8022e7c,0x200012a8,1.0848194560176221e-19
0x8022ca2,0x8022e80,0x3faaa993,1.333299994468689
0x8022cb4,0x8022e84,0x2002206c,1.1022155812874951e-19
0x8022cbe,0x8022ee0,0x2002211c,1.1022383287543404e-19
0x8022cd4,0x8022e88,0x20022110,1.1022367777906918e-19
0x8022ce8,0x8022e74,0x20001308,1.0848318637268104e-19
0x8022d10,0x8022e8c,0x20000ff0,1.084729500126007e-19
0x8022d12,0x8022e90,0x000f4240,1.401298464324817e-39
0x8022d26,0x8022e90,0x000f4240,1.401298464324817e-39
0x8022d2e,0x8022e90,0x000f4240,1.401298464324817e-39
0x8022d36,0x8022e90,0x000f4240,1.401298464324817e-39
0x8022d40,0x8022e94,0x0800c000,3.87442938031026e-34
0x8022d42,0x8022e98,0x20001294,1.084816871078208e-19
0x8022d4e,0x8022e9c,0x20021344,1.101780277490139e-19
0x8022d50,0x8022ea0,0x200213d0,1.1017983720660387e-19
0x8022d5a,0x8022ea4,0xe0001000,-3.6911502545928585e+19
0x8022d6c,0x8022ea8,0x20001288,1.0848153201145594e-19
0x8022d86,0x8022eac,0x40021000,2.0322265625
0x8022d9a,0x8022ee4,0x20021c68,1.1020827154016038e-19
0x8022dc2,0x8022e90,0x000f4240,1.401298464324817e-39
0x8022ef6,0x8023160,0x0800c000,3.87442938031026e-34
0x8022efe,0x8023164,0x0800c004,3.874431217020183e-34
0x8022f0c,0x8023168,0x20021c88,1.1020868513046666e-19
0x8022f0e,0x802316c,0x20021410,1.1018066438721642e-19
0x8022f10,0x8023170,0x2000106c,1.0847455267503752e-19
0x8022f28,0x8023174,0x0101031c,2.369578887591694e-38
0x8022f2a,0x8023178,0x20001038,1.0847388059078982e-19
0x8022f2c,0x802317c,0x2000107c,1.0847475947019066e-19
0x8022f42,0x8023180,0x2000103c,1.084739322895781e-19
0x8022f44,0x8023184,0x20021414,1.101807160860047e-19
0x8022f5a,0x8023188,0x000f4240,1.401298464324817e-39
0x8022f66,0x8023168,0x20021c88,1.1020868513046666e-19
0x8022f68,0x802318c,0x20001290,1.084816354090325e-19
0x8022f6a,0x8023190,0x20001024,1.084736220968484e-19
0x8022f70,0x8023194,0x38000100,3.0518509447574615e-05
0x8022f88,0x8023198,0x40020800,2.03173828125
0x8022f96,0x802319c,0x20021388,1.1017890662841475e-19
0x8022fac,0x802318c,0x20001290,1.084816354090325e-19
0x8022fc8,0x80231a0,0x20021390,1.1017901002599132e-19
0x8022fca,0x8023168,0x20021c88,1.1020868513046666e-19
0x8022fde,0x80231a4,0x20021338,1.1017787265264906e-19
0x8022fe8,0x802319c,0x20021388,1.1017890662841475e-19
0x8023002,0x802319c,0x20021388,1.1017890662841475e-19
0x8023050,0x80231a8,0x200012a0,1.0848184220418564e-19
0x802305a,0x802318c,0x20001290,1.084816354090325e-19
0x802305c,0x802319c,0x20021388,1.1017890662841475e-19
0x8023076,0x80231a8,0x200012a0,1.0848184220418564e-19
0x8023078,0x80231ac,0x20001040,1.084739839883664e-19
0x8023080,0x80231ac,0x20001040,1.084739839883664e-19
0x80230cc,0x80231b0,0x666c3332,2.7885571919617434e+23
0x80230f2,0x80231b4,0x0803e974,3.969580137879554e-34
0x80230f4,0x802318c,0x20001290,1.084816354090325e-19
0x802311a,0x802318c,0x20001290,1.084816354090325e-19
0x802312c,0x80231b4,0x0803e974,3.969580137879554e-34
0x802313c,0x802318c,0x20001290,1.084816354090325e-19
0x8023142,0x80231b8,0x2002208c,1.102219717190558e-19
0x8023144,0x80231bc,0x20021328,1.1017766585749592e-19
0x80231e2,0x80234c8,0x20001040,1.084739839883664e-19
0x802320c,0x80234cc,0x20001290,1.084816354090325e-19
0x802320e,0x80234d0,0x20021328,1.1017766585749592e-19
0x802321e,0x80234d4,0x20021338,1.1017787265264906e-19
0x8023226,0x80234d8,0x20021388,1.1017890662841475e-19
0x8023232,0x80234dc,0x40020800,2.03173828125
0x8023234,0x80234e0,0x200012a0,1.0848184220418564e-19
0x8023238,0x80234c8,0x20001040,1.084739839883664e-19
0x802325e,0x80234cc,0x20001290,1.084816354090325e-19
0x802326a,0x80234d4,0x20021338,1.1017787265264906e-19
0x802326c,0x80234d8,0x20021388,1.1017890662841475e-19
0x802327a,0x80234dc,0x40020800,2.03173828125
0x802327c,0x80234c8,0x20001040,1.084739839883664e-19
0x802327e,0x80234e0,0x200012a0,1.0848184220418564e-19
0x8023290,0x80234e4,0x200012e0,1.084826693847982e-19
0x80232de,0x80234e0,0x200012a0,1.0848184220418564e-19
0x80232e0,0x80234e8,0x0803e324,3.968838107070598e-34
0x80232f4,0x80234ec,0x726d6f64,4.7028870611381947e+30
0x80232f6,0x80234f0,0x73746570,1.936306503916425e+31
0x80232f8,0x80234f4,0x76736f70,1.2343636305118848e+33
0x802333a,0x80234f8,0x6d637233,4.3994472258482515e+27
0x802335c,0x80234fc,0x6d637231,4.399446635552441e+27
0x8023368,0x8023500,0x696e6f70,1.8015662111451033e+25
0x8023372,0x8023504,0x200012a8,1.0848194560176221e-19
0x8023384,0x8023508,0x706d696e,2.9390161599612573e+29
0x80233a0,0x8023504,0x200012a8,1.0848194560176221e-19
0x80233aa,0x802350c,0x636b6f70,4.343014775457346e+21
0x80233bc,0x8023504,0x200012a8,1.0848194560176221e-19
0x80233d2,0x8023510,0x72736f70,4.82173293168705e+30
0x80233dc,0x8023504,0x200012a8,1.0848194560176221e-19
0x802344a,0x80234c8,0x20001040,1.084739839883664e-19
0x802344e,0x8023514,0x20022060,1.1022140303238466e-19
0x802345c,0x8023518,0x20001064,1.0847444927746095e-19
0x802346e,0x80234cc,0x20001290,1.084816354090325e-19
0x8023478,0x802351c,0x0803e974,3.969580137879554e-34
0x8023488,0x8023504,0x200012a8,1.0848194560176221e-19
0x8023496,0x8023504,0x200012a8,1.0848194560176221e-19
0x80234a4,0x8023504,0x200012a8,1.0848194560176221e-19
0x80234b2,0x8023504,0x200012a8,1.0848194560176221e-19
0x802354e,0x8023824,0x200012a8,1.0848194560176221e-19
0x802355e,0x8023828,0x3d800000,0.0625
0x802357a,0x8023824,0x200012a8,1.0848194560176221e-19
0x8023584,0x802382c,0x20022124,1.102239362730106e-19
0x8023590,0x8023824,0x200012a8,1.0848194560176221e-19
0x80235d2,0x8023824,0x200012a8,1.0848194560176221e-19
0x80235e2,0x8023828,0x3d800000,0.0625
0x80235fe,0x8023824,0x200012a8,1.0848194560176221e-19
0x8023608,0x802382c,0x20022124,1.102239362730106e-19
0x8023648,0x8023824,0x200012a8,1.0848194560176221e-19
0x8023658,0x8023828,0x3d800000,0.0625
0x8023674,0x8023824,0x200012a8,1.0848194560176221e-19
0x802367e,0x802382c,0x20022124,1.102239362730106e-19
0x802368a,0x8023824,0x200012a8,1.0848194560176221e-19
0x8023694,0x8023830,0x20021390,1.1017901002599132e-19
0x80236b4,0x8023834,0x20001290,1.084816354090325e-19
0x80236c2,0x8023838,0x00000000,0.0
0x80236d4,0x802383c,0x0803e978,3.9695819745894775e-34
0x80236e8,0x8023840,0x2002208c,1.102219717190558e-19
0x80236ee,0x8023844,0x20021328,1.1017766585749592e-19
0x80236f8,0x8023848,0x200012e0,1.084826693847982e-19
0x8023704,0x802384c,0x20001040,1.084739839883664e-19
0x8023706,0x8023850,0x200012ec,1.0848282448116305e-19
0x8023750,0x8023854,0x666c3332,2.7885571919617434e+23
0x80237b0,0x8023858,0x200012a0,1.0848184220418564e-19
0x80237be,0x8023834,0x20001290,1.084816354090325e-19
0x80237e4,0x8023858,0x200012a0,1.0848184220418564e-19
0x80237ee,0x802385c,0x0803e974,3.969580137879554e-34
0x80237fa,0x8023834,0x20001290,1.084816354090325e-19
0x8023812,0x802385c,0x0803e974,3.969580137879554e-34
0x8023818,0x8023834,0x20001290,1.084816354090325e-19
0x802388c,0x8023b74,0x20001290,1.084816354090325e-19
0x80238a0,0x8023b74,0x20001290,1.084816354090325e-19
0x80238c4,0x8023b78,0xbd800000,-0.0625
0x80238e4,0x8023b7c,0x200012a8,1.0848194560176221e-19
0x80238f0,0x8023b78,0xbd800000,-0.0625
0x8023910,0x8023b7c,0x200012a8,1.0848194560176221e-19
0x802391c,0x8023b78,0xbd800000,-0.0625
0x802393c,0x8023b7c,0x200012a8,1.0848194560176221e-19
0x8023958,0x8023b80,0x2002131c,1.1017751076113107e-19
0x802395a,0x8023b84,0x20001064,1.0847444927746095e-19
0x8023960,0x8023b88,0x20021318,1.1017745906234278e-19
0x8023974,0x8023b8c,0x20022110,1.1022367777906918e-19
0x802398a,0x8023b80,0x2002131c,1.1017751076113107e-19
0x802398c,0x8023b84,0x20001064,1.0847444927746095e-19
0x80239c8,0x8023b90,0x20001054,1.0847424248230781e-19
0x80239ca,0x8023b74,0x20001290,1.084816354090325e-19
0x80239e0,0x8023b94,0x2002208c,1.102219717190558e-19
0x80239e2,0x8023b84,0x20001064,1.0847444927746095e-19
0x80239e4,0x8023b98,0x20021418,1.10180767784793e-19
0x80239fe,0x8023b9c,0x20001040,1.084739839883664e-19
0x8023ace,0x8023b74,0x20001290,1.084816354090325e-19
0x8023adc,0x8023b94,0x2002208c,1.102219717190558e-19
0x8023ade,0x8023ba0,0x2002215c,1.102246600560466e-19
0x8023af2,0x8023b8c,0x20022110,1.1022367777906918e-19
0x8023b12,0x8023b94,0x2002208c,1.102219717190558e-19
0x8023b14,0x8023b84,0x20001064,1.0847444927746095e-19
0x8023b16,0x8023b98,0x20021418,1.10180767784793e-19
0x8023b30,0x8023b9c,0x20001040,1.084739839883664e-19
0x8023c44,0x8023ef4,0x0803e974,3.969580137879554e-34
0x8023c46,0x8023ef8,0x20001290,1.084816354090325e-19
0x8023c50,0x8023efc,0x20001054,1.0847424248230781e-19
0x8023c6c,0x8023f00,0x2002208c,1.102219717190558e-19
0x8023c6e,0x8023f04,0x20021cbc,1.1020935721471436e-19
0x8023c74,0x8023f08,0x2002215c,1.102246600560466e-19
0x8023c86,0x8023f0c,0x20021388,1.1017890662841475e-19
0x8023c88,0x8023f10,0x200012e8,1.0848277278237477e-19
0x8023c9e,0x8023ef8,0x20001290,1.084816354090325e-19
0x8023ca0,0x8023f0c,0x20021388,1.1017890662841475e-19
0x8023cba,0x8023f14,0x20001064,1.0847444927746095e-19
0x8023cd4,0x8023ef8,0x20001290,1.084816354090325e-19
0x8023cd6,0x8023ef4,0x0803e974,3.969580137879554e-34
0x8023cf0,0x8023f18,0x20021310,1.1017735566476621e-19
0x8023cf2,0x8023f14,0x20001064,1.0847444927746095e-19
0x8023cf4,0x8023f1c,0x20021338,1.1017787265264906e-19
0x8023cfa,0x8023f0c,0x20021388,1.1017890662841475e-19
0x8023d08,0x8023f20,0x200012f0,1.0848287617995134e-19
0x8023d0a,0x8023f24,0x002ee000,4.304788882405838e-39
0x8023d24,0x8023f10,0x200012e8,1.0848277278237477e-19
0x8023d26,0x8023f28,0x20021314,1.101774073635545e-19
0x8023d28,0x8023f2c,0x20001308,1.0848318637268104e-19
0x8023d2a,0x8023f30,0x46fffe00,32767.0
0x8023d32,0x8023f34,0x200213cc,1.1017978550781559e-19
0x8023d3e,0x8023f14,0x20001064,1.0847444927746095e-19
0x8023d52,0x8023f38,0x00020004,1.8367659750983972e-40
0x8023d7e,0x8023f3c,0x200012f4,1.0848292787873962e-19
0x8023d86,0x8023f10,0x200012e8,1.0848277278237477e-19
0x8023d94,0x8023f40,0x200220fc,1.1022341928512776e-19
0x8023d96,0x8023f44,0x20022100,1.1022347098391604e-19
0x8023db2,0x8023f2c,0x20001308,1.0848318637268104e-19
0x8023df0,0x8023f10,0x200012e8,1.0848277278237477e-19
0x8023df8,0x8023f20,0x200012f0,1.0848287617995134e-19
0x8023dfa,0x8023f28,0x20021314,1.101774073635545e-19
0x8023e10,0x8023f34,0x200213cc,1.1017978550781559e-19
0x8023e12,0x8023f20,0x200012f0,1.0848287617995134e-19
0x8023e22,0x8023f34,0x200213cc,1.1017978550781559e-19
0x8023e28,0x8023efc,0x20001054,1.0847424248230781e-19
0x8023e32,0x8023f10,0x200012e8,1.0848277278237477e-19
0x8023e34,0x8023f48,0x200012ec,1.0848282448116305e-19
0x8023e36,0x8023f0c,0x20021388,1.1017890662841475e-19
0x8023e4e,0x8023f34,0x200213cc,1.1017978550781559e-19
0x8023e60,0x8023ef8,0x20001290,1.084816354090325e-19
0x8023e8c,0x8023f2c,0x20001308,1.0848318637268104e-19
0x8023eb0,0x8023f4c,0x2000130a,1.0848321222207518e-19
0x8023ec6,0x8023f50,0x2000130b,1.0848322514677226e-19
0x8023eda,0x8023f54,0x2000130c,1.0848323807146933e-19
0x8023eec,0x8023ef8,0x20001290,1.084816354090325e-19
0x8023f66,0x8024260,0x200220fc,1.1022341928512776e-19
0x8023f68,0x8024264,0x20022100,1.1022347098391604e-19
0x8023f6c,0x8024268,0x2002208c,1.102219717190558e-19
0x8023f70,0x802426c,0x20022110,1.1022367777906918e-19
0x8023f78,0x8024270,0x2002215c,1.102246600560466e-19
0x8023fe4,0x8024268,0x2002208c,1.102219717190558e-19
0x8023fe6,0x8024270,0x2002215c,1.102246600560466e-19
0x8024010,0x8024274,0x20001064,1.0847444927746095e-19
0x8024048,0x8024278,0x0803e974,3.969580137879554e-34
0x8024052,0x802427c,0x20001290,1.084816354090325e-19
0x8024066,0x8024260,0x200220fc,1.1022341928512776e-19
0x8024068,0x8024264,0x20022100,1.1022347098391604e-19
0x802414c,0x8024260,0x200220fc,1.1022341928512776e-19
0x802414e,0x8024264,0x20022100,1.1022347098391604e-19
0x80241b4,0x8024270,0x2002215c,1.102246600560466e-19
0x80241d0,0x8024270,0x2002215c,1.102246600560466e-19
0x80241d2,0x8024268,0x2002208c,1.102219717190558e-19
0x80241ea,0x802427c,0x20001290,1.084816354090325e-19
0x8024216,0x8024278,0x0803e974,3.969580137879554e-34
0x8024220,0x802427c,0x20001290,1.084816354090325e-19
0x8024222,0x8024280,0x200213cc,1.1017978550781559e-19
0x8024238,0x802427c,0x20001290,1.084816354090325e-19
0x802424e,0x8024284,0x200012f4,1.0848292787873962e-19
0x8024254,0x8024288,0x200012e8,1.0848277278237477e-19
0x802429a,0x80245a4,0x0803e974,3.969580137879554e-34
0x80242a2,0x80245a8,0x20001290,1.084816354090325e-19
0x80242aa,0x80245ac,0x0803e324,3.968838107070598e-34
0x8024302,0x80245b0,0x200012f4,1.0848292787873962e-19
0x802430c,0x80245b4,0x200012e8,1.0848277278237477e-19
0x8024346,0x80245b8,0x20001040,1.084739839883664e-19
0x8024348,0x80245bc,0x200012a0,1.0848184220418564e-19
0x802437a,0x80245c0,0x20022060,1.1022140303238466e-19
0x802437c,0x80245b8,0x20001040,1.084739839883664e-19
0x8024384,0x80245c4,0x0803e330,3.968843617200367e-34
0x80243a8,0x80245c8,0x0803e33c,3.968849127330137e-34
0x80243b2,0x80245cc,0x20021414,1.101807160860047e-19
0x80243bc,0x80245d0,0x0803e35c,3.968863821009522e-34
0x80243c6,0x80245d4,0x200012a8,1.0848194560176221e-19
0x80243c8,0x80245c8,0x0803e33c,3.968849127330137e-34
0x80243ca,0x80245d8,0x20022124,1.102239362730106e-19
0x80243d4,0x80245dc,0x0803e374,3.968874841269061e-34
0x80243e0,0x80245e0,0x0803e38c,3.9688858615286e-34
0x80243ec,0x80245e4,0x0803e3f8,3.968935452696525e-34
0x80243f8,0x80245e8,0x0803e438,3.968964840055296e-34
0x8024404,0x80245ec,0x0803e4c4,3.969029124902606e-34
0x8024410,0x80245f0,0x0803e514,3.9690658591010696e-34
0x802441c,0x80245f4,0x0803e54c,3.969091573039994e-34
0x8024428,0x80245f8,0x0803e5f4,3.9691687148567665e-34
0x8024434,0x80245fc,0x0803e634,3.969198102215537e-34
0x8024440,0x8024600,0x0803e6a0,3.969247693383462e-34
0x8024460,0x8024604,0x0803e6d4,3.9692715706124635e-34
0x8024480,0x8024608,0x0803e71c,3.96930463139108e-34
0x80244a0,0x802460c,0x0803e764,3.969337692169697e-34
0x80244aa,0x80245c8,0x0803e33c,3.968849127330137e-34
0x80244b4,0x8024610,0x0803e7ac,3.969370752948314e-34
0x80244be,0x80245c8,0x0803e33c,3.968849127330137e-34
0x80244c8,0x8024614,0x0803e7d0,3.9693872833376225e-34
0x80244d2,0x8024618,0x0803e7f4,3.969403813726931e-34
0x80244dc,0x802461c,0x0803e808,3.969412997276547e-34
0x80244e6,0x8024620,0x0803e820,3.969424017536086e-34
0x80244f0,0x8024624,0x0803e838,3.969435037795625e-34
0x80244fa,0x8024628,0x0803e850,3.969446058055164e-34
0x8024504,0x802462c,0x0803e868,3.969457078314703e-34
0x802450e,0x8024630,0x0803e880,3.9694680985742416e-34
0x8024518,0x8024634,0x0803e894,3.969477282123857e-34
0x8024522,0x8024638,0x0803e8ac,3.969488302383396e-34
0x802452c,0x802463c,0x0803e8c4,3.969499322642935e-34
0x8024536,0x8024640,0x0803e8dc,3.969510342902474e-34
0x8024540,0x8024644,0x0803e8f4,3.969521363162013e-34
0x802454a,0x8024648,0x0803e90c,3.969532383421552e-34
0x8024554,0x802464c,0x0803e920,3.969541566971168e-34
0x8024568,0x8024650,0x0803e340,3.96885096404006e-34
0x802457a,0x80245a4,0x0803e974,3.969580137879554e-34
0x8024584,0x80245a8,0x20001290,1.084816354090325e-19
0x8024594,0x80245a8,0x20001290,1.084816354090325e-19
0x802465e,0x80246e4,0x2002138c,1.1017895832720303e-19
0x8024660,0x80246e8,0x20001048,1.0847408738594296e-19
0x8024666,0x80246ec,0x20021384,1.1017885492962646e-19
0x802466c,0x80246f0,0x20001044,1.0847403568715467e-19
0x8024670,0x80246f4,0x20021338,1.1017787265264906e-19
0x8024676,0x80246f8,0x40021800,2.03271484375
0x8024678,0x80246fc,0x2000129c,1.0848179050539736e-19
0x80246a2,0x8024700,0x40021000,2.0322265625
0x80246b0,0x8024704,0x200213b0,1.101794236162976e-19
0x80246b6,0x8024708,0x20021c88,1.1020868513046666e-19
0x80246b8,0x802470c,0x200213bc,1.1017957871266245e-19
0x80246ba,0x8024710,0x200213a8,1.1017932021872103e-19
0x80246c0,0x8024714,0x200213c0,1.1017963041145073e-19
0x80246ca,0x8024700,0x40021000,2.0322265625
0x80246d4,0x8024704,0x200213b0,1.101794236162976e-19
0x80246d6,0x8024710,0x200213a8,1.1017932021872103e-19
0x80246da,0x8024714,0x200213c0,1.1017963041145073e-19
0x802472e,0x8024a04,0x20021c88,1.1020868513046666e-19
0x8024730,0x8024a08,0x2000106c,1.0847455267503752e-19
0x8024736,0x8024a0c,0x40020800,2.03173828125
0x802473a,0x8024a10,0x20021398,1.1017911342356789e-19
0x8024770,0x8024a14,0x40021800,2.03271484375
0x8024772,0x8024a18,0x20021324,1.1017761415870764e-19
0x802478e,0x8024a1c,0x40021000,2.0322265625
0x8024790,0x8024a20,0x200213a0,1.1017921682114446e-19
0x80247ac,0x8024a24,0x20021384,1.1017885492962646e-19
0x80247ae,0x8024a28,0x200213b8,1.1017952701387416e-19
0x80247b0,0x8024a80,0x200213ac,1.101793719175093e-19
0x80247b6,0x8024a84,0x20001010,1.0847336360290698e-19
0x80247ba,0x8024a2c,0x2002133c,1.1017792435143734e-19
0x80247c2,0x8024a30,0x43480000,200.0
0x80247fe,0x8024a14,0x40021800,2.03271484375
0x8024808,0x8024a34,0x20001014,1.0847341530169526e-19
0x802480e,0x8024a38,0x200012f8,1.084829795775279e-19
0x8024816,0x8024a3c,0x200012e4,1.0848272108358648e-19
0x8024824,0x8024a88,0x40020000,2.03125
0x8024828,0x8024a40,0x20001054,1.0847424248230781e-19
0x802483c,0x8024a3c,0x200012e4,1.0848272108358648e-19
0x802484e,0x8024a44,0x20021338,1.1017787265264906e-19
0x802485a,0x8024a3c,0x200012e4,1.0848272108358648e-19
0x802486a,0x8024a8c,0x20001020,1.0847357039806011e-19
0x80248b4,0x8024a48,0x200213bc,1.1017957871266245e-19
0x80248c4,0x8024a4c,0x20022074,1.1022166152632608e-19
0x80248d8,0x8024a50,0x20021340,1.1017797605022563e-19
0x80248f2,0x8024a50,0x20021340,1.1017797605022563e-19
0x80248fc,0x8024a54,0x20001078,1.0847470777140237e-19
0x80248fe,0x8024a58,0x3f68f5c2,0.9099999666213989
0x8024912,0x8024a90,0x20001074,1.084746560726141e-19
0x8024916,0x8024a5c,0x00000000,0.0
0x802492c,0x8024a94,0x20001034,1.0847382889200154e-19
0x802493a,0x8024a60,0x20001070,1.084746043738258e-19
0x802493e,0x8024a14,0x40021800,2.03271484375
0x8024956,0x8024a14,0x40021800,2.03271484375
0x8024964,0x8024a64,0x2002138c,1.1017895832720303e-19
0x802497a,0x8024a68,0x20001298,1.0848173880660907e-19
0x8024986,0x8024a6c,0x20001040,1.084739839883664e-19
0x8024988,0x8024a98,0x20001038,1.0847388059078982e-19
0x802498e,0x8024a70,0x2000103c,1.084739322895781e-19
0x80249c6,0x8024a74,0x20001058,1.084742941810961e-19
0x80249ce,0x8024a78,0x20001068,1.0847450097624924e-19
0x80249d8,0x8024a7c,0x2000107c,1.0847475947019066e-19
0x8024a9c,0x8024de0,0x20001014,1.0847341530169526e-19
0x8024aa6,0x8024de4,0x43480000,200.0
0x8024ab6,0x8024de8,0xc3480000,-200.0
0x8024ace,0x8024e4c,0x20001074,1.084746560726141e-19
0x8024ad2,0x8024dec,0x3db851ec,0.09000000357627869
0x8024ae8,0x8024df0,0x200220dc,1.1022300569482148e-19
0x8024af8,0x8024df4,0x200220e8,1.1022316079118634e-19
0x8024b1e,0x8024df8,0x20000214,1.084270931873923e-19
0x8024b20,0x8024dfc,0x20000014,1.0842047574249187e-19
0x8024b80,0x8024e00,0x3d800000,0.0625
0x8024bc0,0x8024e04,0x20000114,1.0842378446494208e-19
0x8024be2,0x8024e08,0x20001070,1.084746043738258e-19
0x8024bf6,0x8024e0c,0x20021330,1.101777692550725e-19
0x8024bf8,0x8024e10,0x2000105c,1.0847434587988438e-19
0x8024c02,0x8024e14,0x20001018,1.0847346700048354e-19
0x8024c04,0x8024e18,0x20021334,1.1017782095386077e-19
0x8024c0e,0x8024e1c,0x20001060,1.0847439757867267e-19
0x8024c10,0x8024e20,0x2000101c,1.0847351869927183e-19
0x8024c1a,0x8024e24,0x20021320,1.1017756245991935e-19
0x8024c92,0x8024e28,0x3f4ccccd,0.800000011920929
0x8024ca6,0x8024e2c,0x20022108,1.1022357438149261e-19
0x8024cc8,0x8024e30,0x20001290,1.084816354090325e-19
0x8024cd6,0x8024e34,0x20021388,1.1017890662841475e-19
0x8024d20,0x8024e38,0x20001058,1.084742941810961e-19
0x8024d2a,0x8024e50,0x20021de8,1.102132346238357e-19
0x8024d40,0x8024e54,0x2000104c,1.0847413908473124e-19
0x8024d56,0x8024e3c,0x20001050,1.0847419078351953e-19
0x8024d8a,0x8024e40,0x40021800,2.03271484375
0x8024d90,0x8024e44,0x20001034,1.0847382889200154e-19
0x8024dc8,0x8024e48,0x20021cbc,1.1020935721471436e-19
0x8024e62,0x802516c,0x40021800,2.03271484375
0x8024e6c,0x802516c,0x40021800,2.03271484375
0x8024e90,0x8025170,0x00000000,0.0
0x8024e94,0x8025174,0x20001070,1.084746043738258e-19
0x8024e96,0x8025178,0x20021f48,1.1021778411720474e-19
0x8024f02,0x802517c,0x20021cb0,1.102092021183495e-19
0x8024f16,0x8025180,0x200012a8,1.0848194560176221e-19
0x8024f3e,0x8025180,0x200012a8,1.0848194560176221e-19
0x8024f56,0x8025170,0x00000000,0.0
0x8024f5a,0x8025174,0x20001070,1.084746043738258e-19
0x8024f5c,0x8025178,0x20021f48,1.1021778411720474e-19
0x8024fbc,0x8025184,0x3eaaaa9f,0.33333298563957214
0x8024fe2,0x802517c,0x20021cb0,1.102092021183495e-19
0x8024ff8,0x8025180,0x200012a8,1.0848194560176221e-19
0x802500c,0x8025188,0x20001290,1.084816354090325e-19
0x8025018,0x802518c,0x20001040,1.084739839883664e-19
0x802501e,0x8025190,0x20001024,1.084736220968484e-19
0x8025040,0x8025194,0x20021320,1.1017756245991935e-19
0x802505e,0x8025198,0x200213c8,1.101797338090273e-19
0x802506e,0x802519c,0x20001068,1.0847450097624924e-19
0x8025070,0x80251a0,0x20001058,1.084742941810961e-19
0x8025096,0x8025190,0x20001024,1.084736220968484e-19
0x8025098,0x80251a4,0x2002139c,1.1017916512235617e-19
0x80250ae,0x8025198,0x200213c8,1.101797338090273e-19
0x80250c2,0x8025194,0x20021320,1.1017756245991935e-19
0x80250d0,0x80251a8,0x200213bc,1.1017957871266245e-19
0x80250ec,0x80251ac,0x200213a4,1.1017926851993274e-19
0x80250fe,0x80251ac,0x200213a4,1.1017926851993274e-19
0x8025100,0x80251a4,0x2002139c,1.1017916512235617e-19
0x8025102,0x8025190,0x20001024,1.084736220968484e-19
0x802511a,0x8025190,0x20001024,1.084736220968484e-19
0x8025144,0x80251a8,0x200213bc,1.1017957871266245e-19
0x8025154,0x8025190,0x20001024,1.084736220968484e-19
0x80251b6,0x80254a8,0x200213bc,1.1017957871266245e-19
0x80251cc,0x80254ac,0x200012e4,1.0848272108358648e-19
0x80251dc,0x80254b0,0x200012e0,1.084826693847982e-19
0x80251de,0x80254b4,0x2002139c,1.1017916512235617e-19
0x80251e0,0x80254b8,0x20001024,1.084736220968484e-19
0x8025204,0x80254bc,0x2002208c,1.102219717190558e-19
0x8025210,0x80254c0,0x20021320,1.1017756245991935e-19
0x8025212,0x80254c4,0x200213a8,1.1017932021872103e-19
0x8025224,0x80254c8,0x20001058,1.084742941810961e-19
0x802522e,0x80254cc,0x20022074,1.1022166152632608e-19
0x8025240,0x80254d0,0x20021388,1.1017890662841475e-19
0x8025246,0x80254d4,0x200213cc,1.1017978550781559e-19
0x802524c,0x80254b8,0x20001024,1.084736220968484e-19
0x802526e,0x80254b8,0x20001024,1.084736220968484e-19
0x802527e,0x80254d8,0x3eaaaa9f,0.33333298563957214
0x80252d0,0x80254b8,0x20001024,1.084736220968484e-19
0x80252e6,0x80254b8,0x20001024,1.084736220968484e-19
0x80252fc,0x80254dc,0x200012a0,1.0848184220418564e-19
0x8025306,0x80254cc,0x20022074,1.1022166152632608e-19
0x8025308,0x80254e0,0x20001050,1.0847419078351953e-19
0x8025328,0x80254c4,0x200213a8,1.1017932021872103e-19
0x802532a,0x80254e4,0x200213c0,1.1017963041145073e-19
0x8025346,0x80254b4,0x2002139c,1.1017916512235617e-19
0x8025348,0x80254e8,0x20021340,1.1017797605022563e-19
0x8025352,0x80254ec,0x200012a8,1.0848194560176221e-19
0x8025364,0x80254f0,0x200213c8,1.101797338090273e-19
0x8025374,0x80254f0,0x200213c8,1.101797338090273e-19
0x802538a,0x80254f4,0x20001068,1.0847450097624924e-19
0x802538c,0x80254c8,0x20001058,1.084742941810961e-19
0x80253a2,0x80254c4,0x200213a8,1.1017932021872103e-19
0x80253aa,0x80254e4,0x200213c0,1.1017963041145073e-19
0x80253ac,0x80254b8,0x20001024,1.084736220968484e-19
0x80253c4,0x80254c0,0x20021320,1.1017756245991935e-19
0x80253ce,0x80254b4,0x2002139c,1.1017916512235617e-19
0x80253f0,0x80254b4,0x2002139c,1.1017916512235617e-19
0x80253f2,0x80254b8,0x20001024,1.084736220968484e-19
0x8025402,0x80254c0,0x20021320,1.1017756245991935e-19
0x8025412,0x80254bc,0x2002208c,1.102219717190558e-19
0x8025414,0x80254f8,0x2002215c,1.102246600560466e-19
0x8025418,0x8025500,0x20021418,1.10180767784793e-19
0x802543c,0x80254cc,0x20022074,1.1022166152632608e-19
0x802543e,0x80254e4,0x200213c0,1.1017963041145073e-19
0x8025442,0x8025504,0x200213b4,1.1017947531508588e-19
0x8025446,0x80254c4,0x200213a8,1.1017932021872103e-19
0x8025452,0x80254fc,0x200213a4,1.1017926851993274e-19
0x802546e,0x80254b4,0x2002139c,1.1017916512235617e-19
0x8025470,0x80254f0,0x200213c8,1.101797338090273e-19
0x8025472,0x80254a8,0x200213bc,1.1017957871266245e-19
0x8025498,0x80254fc,0x200213a4,1.1017926851993274e-19
0x802550e,0x8025650,0x20001024,1.084736220968484e-19
0x8025522,0x8025624,0x20022074,1.1022166152632608e-19
0x8025524,0x8025628,0x200213c0,1.1017963041145073e-19
0x8025528,0x8025638,0x200213b4,1.1017947531508588e-19
0x802552c,0x802562c,0x200213a8,1.1017932021872103e-19
0x8025538,0x8025630,0x200012e4,1.0848272108358648e-19
0x8025554,0x8025634,0x200213c8,1.101797338090273e-19
0x8025572,0x8025624,0x20022074,1.1022166152632608e-19
0x8025598,0x8025638,0x200213b4,1.1017947531508588e-19
0x802559c,0x8025628,0x200213c0,1.1017963041145073e-19
0x802559e,0x802562c,0x200213a8,1.1017932021872103e-19
0x80255a2,0x802563c,0x20021340,1.1017797605022563e-19
0x80255bc,0x8025638,0x200213b4,1.1017947531508588e-19
0x80255c0,0x8025628,0x200213c0,1.1017963041145073e-19
0x80255c2,0x802562c,0x200213a8,1.1017932021872103e-19
0x80255c6,0x8025640,0x200213a4,1.1017926851993274e-19
0x80255e0,0x8025644,0x200012e0,1.084826693847982e-19
0x80255ec,0x8025630,0x200012e4,1.0848272108358648e-19
0x80255f8,0x8025624,0x20022074,1.1022166152632608e-19
0x80255fa,0x8025648,0x20021c88,1.1020868513046666e-19
0x8025604,0x802564c,0x20001050,1.0847419078351953e-19
0x802568c,0x8025690,0x08025655,3.922193481039512e-34
0x80256b8,0x80257a0,0x20000314,1.084304019098425e-19
0x80256ba,0x80257a4,0x40005800,2.00537109375
0x80256e0,0x80257a4,0x40005800,2.00537109375
0x80256e2,0x80257b0,0x00030001,2.7550788977243796e-40
0x80256e6,0x80257a4,0x40005800,2.00537109375
0x8025710,0x80257a4,0x40005800,2.00537109375
0x8025712,0x80257b4,0x00070082,6.430306419063007e-40
0x8025716,0x80257a4,0x40005800,2.00537109375
0x8025742,0x80257a4,0x40005800,2.00537109375
0x8025744,0x80257a8,0x00070080,6.4302783930937206e-40
0x802576a,0x80257a4,0x40005800,2.00537109375
0x8025774,0x80257ac,0x10000004,2.524356100413453e-29
0x8025794,0x80257a4,0x40005800,2.00537109375
0x802589a,0x8025920,0x40020400,2.031494140625
0x802589c,0x8025924,0x40020800,2.03173828125
0x80258a4,0x8025928,0x00010202,9.255576356865417e-41
0x8025940,0x80259bc,0x40005800,2.00537109375
0x8025942,0x80259c0,0x0803eb3c,3.9697895228107945e-34
0x8025948,0x80259c4,0xbfff0000,-1.9921875
0x802594a,0x80259c8,0x04000033,1.504641916728903e-36
0x802594c,0x80259cc,0x000186a0,1.401298464324817e-40
0x8025956,0x80259bc,0x40005800,2.00537109375
0x8025966,0x80259bc,0x40005800,2.00537109375
0x8025974,0x80259d0,0x40003800,2.00341796875
0x802598a,0x80259d0,0x40003800,2.00341796875
0x8025998,0x80259d4,0x40003400,2.003173828125
0x80259dc,0x8025ae8,0x40026070,2.0371360778808594
0x80259de,0x8025aec,0x40026058,2.037130355834961
0x8025a00,0x8025afc,0x20021420,1.1018087118236956e-19
0x8025a5c,0x8025af0,0x40003800,2.00341796875
0x8025a70,0x8025b00,0x20021460,1.1018169836298212e-19
0x8025abc,0x8025af4,0xe000e100,-3.714681562645869e+19
0x8025abe,0x8025af8,0x40003400,2.003173828125
0x8025b06,0x8025b94,0x2002149c,1.1018247384480638e-19
0x8025b0a,0x8025b78,0x20021420,1.1018087118236956e-19
0x8025b0c,0x8025b98,0x200214a4,1.1018257724238295e-19
0x8025b10,0x8025b7c,0x200214a0,1.1018252554359467e-19
0x8025b1e,0x8025b80,0x40026070,2.0371360778808594
0x8025b2e,0x8025b84,0x20021460,1.1018169836298212e-19
0x8025b30,0x8025b88,0x40026058,2.037130355834961
0x8025b3e,0x8025b80,0x40026070,2.0371360778808594
0x8025b46,0x8025b88,0x40026058,2.037130355834961
0x8025b4c,0x8025b8c,0x40003800,2.00341796875
0x8025b54,0x8025b90,0x40003400,2.003173828125
0x8025b64,0x8025b90,0x40003400,2.003173828125
0x8025ba2,0x8025c10,0x40026058,2.037130355834961
0x8025bae,0x8025c10,0x40026058,2.037130355834961
0x8025bb8,0x8025c14,0x200214a0,1.1018252554359467e-19
0x8025bba,0x8025c18,0x200214a4,1.1018257724238295e-19
0x8025bbe,0x8025c1c,0x2002149c,1.1018247384480638e-19
0x8025bd8,0x8025c10,0x40026058,2.037130355834961
0x8025be2,0x8025c10,0x40026058,2.037130355834961
0x8025bec,0x8025c14,0x200214a0,1.1018252554359467e-19
0x8025bee,0x8025c18,0x200214a4,1.1018257724238295e-19
0x8025bf2,0x8025c1c,0x2002149c,1.1018247384480638e-19
0x8025c06,0x8025c10,0x40026058,2.037130355834961
0x8025c24,0x8025d38,0x200214b8,1.1018283573632438e-19
0x8025c3c,0x8025d3c,0x20021538,1.1018449009754948e-19
0x8025c3e,0x8025d40,0x00200001,2.938737278354183e-39
0x8025c5c,0x8025d44,0x40020000,2.03125
0x8025c80,0x8025d48,0x40001000,2.0009765625
0x8025c90,0x8025d48,0x40001000,2.0009765625
0x8025c98,0x8025d48,0x40001000,2.0009765625
0x8025c9e,0x8025d4c,0x200214a8,1.1018262894117124e-19
0x8025cba,0x8025d50,0x40026088,2.037141799926758
0x8025ce2,0x8025d50,0x40026088,2.037141799926758
0x8025d02,0x8025d50,0x40026088,2.037141799926758
0x8025d08,0x8025d54,0xe000e100,-3.714681562645869e+19
0x8025d0a,0x8025d50,0x40026088,2.037141799926758
0x8025d5a,0x8025dcc,0x20000800,1.0844668702815214e-19
0x8025d5c,0x8025dd0,0x40026088,2.037141799926758
0x8025d64,0x8025dd4,0x20021d40,1.1021106327472775e-19
0x8025d66,0x8025dd8,0x200214f6,1.1018363706754279e-19
0x8025d68,0x8025ddc,0x457ff000,4095.0
0x8025d88,0x8025dcc,0x20000800,1.0844668702815214e-19
0x8025d8a,0x8025dd0,0x40026088,2.037141799926758
0x8025d90,0x8025de0,0x20000400,1.084334521383513e-19
0x8025d92,0x8025dd0,0x40026088,2.037141799926758
0x8025d9a,0x8025de4,0x20021cc0,1.1020940891350264e-19
0x8025d9c,0x8025de8,0x200214b6,1.1018280988693023e-19
0x8025d9e,0x8025ddc,0x457ff000,4095.0
0x8025dbe,0x8025de0,0x20000400,1.084334521383513e-19
0x8025dc0,0x8025dd0,0x40026088,2.037141799926758
0x8025e32,0x8026030,0x40020400,2.031494140625
0x8025e34,0x8026034,0x40020800,2.03173828125
0x8025e36,0x8026038,0x40020c00,2.031982421875
0x8026064,0x802610c,0x001e8480,2.802596928649634e-39
0x80261fc,0x80263a0,0x20021b40,1.1020444582982732e-19
0x80261fe,0x80263dc,0x20021638,1.101877988199997e-19
0x8026202,0x80263e0,0x20021538,1.1018449009754948e-19
0x8026206,0x80263a4,0x20021838,1.1019441626490012e-19
0x8026208,0x80263a8,0x20021738,1.101911075424499e-19
0x802620a,0x80263ac,0x20021a38,1.1020103370980054e-19
0x802620c,0x80263b0,0x20021938,1.1019772498735033e-19
0x802623a,0x80263b4,0x20021c48,1.102078579498541e-19
0x802623c,0x80263b8,0x20021c44,1.1020780625106582e-19
0x802623e,0x80263bc,0x20021c42,1.1020778040167168e-19
0x8026240,0x80263c0,0x20021c40,1.1020775455227754e-19
0x8026242,0x80263c4,0x00400025,5.877523602154618e-39
0x8026294,0x80263c8,0x40026410,2.0373573303222656
0x80262b6,0x80263c8,0x40026410,2.0373573303222656
0x80262d6,0x80263cc,0x40012200,2.0177001953125
0x80262f2,0x80263d0,0x40020000,2.03125
0x8026308,0x80263d4,0x40021400,2.032470703125
0x802631e,0x80263cc,0x40012200,2.0177001953125
0x8026320,0x80263d8,0xe000e100,-3.714681562645869e+19
0x802632c,0x80263cc,0x40012200,2.0177001953125
0x8026338,0x80263cc,0x40012200,2.0177001953125
0x8026344,0x80263cc,0x40012200,2.0177001953125
0x8026350,0x80263cc,0x40012200,2.0177001953125
0x802635c,0x80263cc,0x40012200,2.0177001953125
0x8026366,0x80263c8,0x40026410,2.0373573303222656
0x8026374,0x80263cc,0x40012200,2.0177001953125
0x802637c,0x80263cc,0x40012200,2.0177001953125
0x8026384,0x80263cc,0x40012200,2.0177001953125
0x802638a,0x80263cc,0x40012200,2.0177001953125
0x80263e8,0x8026528,0x10000020,2.5243645263569597e-29
0x80263ea,0x802652c,0x40026410,2.0373573303222656
0x80263f6,0x8026530,0x20000ff0,1.084729500126007e-19
0x80263f8,0x8026534,0x20021c40,1.1020775455227754e-19
0x8026406,0x8026538,0x20021540,1.1018459349512605e-19
0x8026408,0x802653c,0x20021c48,1.102078579498541e-19
0x802640a,0x8026540,0x20021640,1.1018790221757626e-19
0x802640c,0x8026544,0x20021c44,1.1020780625106582e-19
0x802640e,0x8026548,0x20021c42,1.1020778040167168e-19
0x802641c,0x8026550,0x20021740,1.1019121094002648e-19
0x8026428,0x8026554,0x20021840,1.1019451966247669e-19
0x8026458,0x8026558,0x20021c68,1.1020827154016038e-19
0x8026472,0x802654c,0x20021940,1.101978283849269e-19
0x802648c,0x802655c,0x20021a40,1.102011371073771e-19
0x80264a6,0x802654c,0x20021940,1.101978283849269e-19
0x80264da,0x8026534,0x20021c40,1.1020775455227754e-19
0x80264e0,0x8026544,0x20021c44,1.1020780625106582e-19
0x80264f6,0x8026548,0x20021c42,1.1020778040167168e-19
0x80264fe,0x8026534,0x20021c40,1.1020775455227754e-19
0x8026508,0x8026544,0x20021c44,1.1020780625106582e-19
0x802650e,0x8026528,0x10000020,2.5243645263569597e-29
0x8026510,0x802652c,0x40026410,2.0373573303222656
0x802651e,0x8026548,0x20021c42,1.1020778040167168e-19
0x8026586,0x80265cc,0xe000ed00,-3.7160326425340805e+19
0x8026590,0x80265d0,0xe000e100,-3.714681562645869e+19
0x80265c2,0x80265d0,0xe000e100,-3.714681562645869e+19
0x80265dc,0x80265e4,0xe000ed00,-3.7160326425340805e+19
0x802661a,0x802670c,0x2002208c,1.102219717190558e-19
0x8026628,0x8026710,0x20021ca4,1.1020904702198465e-19
0x8026636,0x8026714,0x2002215c,1.102246600560466e-19
0x8026684,0x8026718,0x20021dec,1.1021328632262398e-19
0x802668a,0x802671c,0x3f8ccccd,1.100000023841858
0x8026694,0x8026714,0x2002215c,1.102246600560466e-19
0x8026696,0x8026718,0x20021dec,1.1021328632262398e-19
0x8026698,0x802671c,0x3f8ccccd,1.100000023841858
0x80266a4,0x8026720,0x20021c68,1.1020827154016038e-19
0x80266a6,0x8026724,0x200220a4,1.102222819117855e-19
0x80266aa,0x802672c,0x20022074,1.1022166152632608e-19
0x80266da,0x8026728,0x20024128,1.1032986709020568e-19
0x8026704,0x8026714,0x2002215c,1.102246600560466e-19
0x8026734,0x8026a54,0x20024124,1.103298153914174e-19
0x8026736,0x8026a58,0x20024120,1.103297636926291e-19
0x8026738,0x8026a5c,0x20021cac,1.1020915041956122e-19
0x802673a,0x8026a60,0x20021dc0,1.1021271763595285e-19
0x802673c,0x8026a64,0x20022038,1.1022088604450182e-19
0x802673e,0x8026a68,0x2002215c,1.102246600560466e-19
0x8026740,0x8026b08,0x2002411c,1.1032971199384082e-19
0x8026744,0x8026b0c,0x20022088,1.102219200202675e-19
0x802674c,0x8026a6c,0x20022108,1.1022357438149261e-19
0x8026752,0x8026a70,0x20021cb0,1.102092021183495e-19
0x8026754,0x8026a74,0x20021cb4,1.102092538171378e-19
0x802675a,0x8026a78,0x2002203c,1.102209377432901e-19
0x802675c,0x8026a7c,0x20021cb8,1.1020930551592607e-19
0x8026762,0x8026a80,0x200220ec,1.1022321248997462e-19
0x8026764,0x8026a84,0x20021c88,1.1020868513046666e-19
0x802676c,0x8026a88,0x20021ca8,1.1020909872077293e-19
0x802676e,0x8026a8c,0x20021c98,1.102088919256198e-19
0x8026770,0x8026a90,0x20022098,1.1022212681542065e-19
0x8026776,0x8026a94,0x2002214c,1.1022445326089345e-19
0x8026778,0x8026a98,0x20021c9c,1.1020894362440808e-19
0x8026784,0x8026a9c,0x20022118,1.1022378117664575e-19
0x8026788,0x8026aa0,0x20022148,1.1022440156210517e-19
0x802678a,0x8026aa4,0x20021e20,1.1021395840687168e-19
0x802679a,0x8026aa8,0x20021e1c,1.102139067080834e-19
0x802679e,0x8026aac,0x20022064,1.1022145473117295e-19
0x80267a0,0x8026ab0,0x20022154,1.1022455665847002e-19
0x80267a6,0x8026ab4,0x20021e18,1.1021385500929511e-19
0x80267aa,0x8026ab8,0x200220e8,1.1022316079118634e-19
0x80267f8,0x8026b10,0x200220d4,1.1022290229724491e-19
0x8026806,0x8026abc,0x20021e64,1.1021483728627252e-19
0x8026808,0x8026b14,0x2002208c,1.102219717190558e-19
0x802680c,0x8026b18,0x20021cbc,1.1020935721471436e-19
0x8026810,0x8026b1c,0x2002205c,1.1022135133359638e-19
0x8026814,0x8026ac0,0x20022140,1.102242981645286e-19
0x8026816,0x8026ac4,0xbe4ccccd,-0.20000000298023224
0x802681e,0x8026ac8,0x200220d8,1.102229539960332e-19
0x8026820,0x8026acc,0x200220d0,1.1022285059845663e-19
0x8026822,0x8026ad0,0x200220c8,1.1022274720088006e-19
0x8026824,0x8026b20,0x20022060,1.1022140303238466e-19
0x8026838,0x8026b24,0x20021f70,1.1021830110508759e-19
0x802683c,0x8026b28,0x20021c90,1.1020878852804323e-19
0x8026840,0x8026ad4,0x20021ff8,1.1022005886388926e-19
0x8026848,0x8026b2c,0x3f333333,0.699999988079071
0x802684c,0x8026ad8,0x20021fd8,1.1021964527358299e-19
0x8026862,0x8026adc,0x20021fb8,1.102192316832767e-19
0x8026864,0x8026b30,0x200220a0,1.1022223021299721e-19
0x8026868,0x8026b34,0x3995cbec,0.0002857142826542258
0x802688c,0x8026b38,0x20022080,1.1022181662269094e-19
0x8026890,0x8026ae0,0x20021f4c,1.1021783581599303e-19
0x80268a2,0x8026ae4,0x20022124,1.102239362730106e-19
0x80268a8,0x8026ae8,0x20022078,1.1022171322511437e-19
0x80268aa,0x8026b3c,0x3faaaaaa,1.3333332538604736
0x80268b2,0x8026b40,0x20022120,1.1022388457422232e-19
0x80268b6,0x8026b44,0x20022138,1.1022419476695203e-19
0x80268da,0x8026aec,0x200220f4,1.102233158875512e-19
0x80268dc,0x8026b48,0x2002211c,1.1022383287543404e-19
0x80268e8,0x8026af0,0x200220fc,1.1022341928512776e-19
0x80268f2,0x8026b4c,0x2002206c,1.1022155812874951e-19
0x80268f6,0x8026b50,0x20022100,1.1022347098391604e-19
0x8026908,0x8026af4,0x20021ca4,1.1020904702198465e-19
0x802690a,0x8026af8,0x20021ca0,1.1020899532319637e-19
0x802690c,0x8026afc,0x200220f8,1.1022336758633947e-19
0x802691a,0x8026b54,0x007fffff,1.1754942106924411e-38
0x802691e,0x8026b58,0xc63ee771,-12217.8603515625
0x8026932,0x8026b5c,0x20021dec,1.1021328632262398e-19
0x802693a,0x8026b00,0xd0000004,-8589938688.0
0x802693c,0x8026b60,0x0bb38435,6.914721504058095e-32
0x8026940,0x8026b64,0x3619636b,2.285664550072397e-06
0x8026966,0x8026b04,0x20021cc0,1.1020940891350264e-19
0x8026984,0x8026b68,0x20021ee8,1.1021654334628591e-19
0x8026988,0x8026b6c,0x20022018,1.1022047245419554e-19
0x802698c,0x8026b70,0xba83126f,-0.0010000000474974513
0x8026bac,0x8026c54,0x20000468,1.084347963068467e-19
0x8026bae,0x8026c58,0x3f6f9db2,0.9359999895095825
0x8026bc6,0x8026c5c,0x20021c68,1.1020827154016038e-19
0x8026bc8,0x8026c60,0x200220a4,1.102222819117855e-19
0x8026bec,0x8026c64,0x20022104,1.1022352268270433e-19
0x8026bfa,0x8026c68,0x20022040,1.1022098944207838e-19
0x8026bfc,0x8026c6c,0x20022070,1.102216098275378e-19
0x8026bfe,0x8026c70,0x2002213c,1.1022424646574031e-19
0x8026c00,0x8026c74,0x200220cc,1.1022279889966834e-19
0x8026c0a,0x8026c78,0x20024128,1.1032986709020568e-19
0x8026c3c,0x8026c7c,0x3f8ccccd,1.100000023841858
0x8026c82,0x8026d74,0x2002208c,1.102219717190558e-19
0x8026c90,0x8026d78,0x20021ca4,1.1020904702198465e-19
0x8026c9e,0x8026d7c,0x2002215c,1.102246600560466e-19
0x8026cec,0x8026d80,0x20021dec,1.1021328632262398e-19
0x8026cf2,0x8026d84,0x3f8ccccd,1.100000023841858
0x8026cfc,0x8026d7c,0x2002215c,1.102246600560466e-19
0x8026cfe,0x8026d80,0x20021dec,1.1021328632262398e-19
0x8026d00,0x8026d84,0x3f8ccccd,1.100000023841858
0x8026d0c,0x8026d88,0x20021c68,1.1020827154016038e-19
0x8026d0e,0x8026d8c,0x200220a4,1.102222819117855e-19
0x8026d12,0x8026d94,0x20022074,1.1022166152632608e-19
0x8026d42,0x8026d90,0x20024128,1.1032986709020568e-19
0x8026d6c,0x8026d7c,0x2002215c,1.102246600560466e-19
0x8026d98,0x8026f08,0x20021cbc,1.1020935721471436e-19
0x8026d9a,0x8026f0c,0x2002208c,1.102219717190558e-19
0x8026d9c,0x8026f10,0x20021de4,1.1021318292504742e-19
0x8026da6,0x8026f14,0x20022088,1.102219200202675e-19
0x8026dba,0x8026f18,0x20021fb8,1.102192316832767e-19
0x8026dbc,0x8026f1c,0x2002215c,1.102246600560466e-19
0x8026dc0,0x8026f20,0x20021ff8,1.1022005886388926e-19
0x8026dc2,0x8026f24,0x20021fd8,1.1021964527358299e-19
0x8026eba,0x8026f28,0x20021e14,1.1021380331050683e-19
0x8026ec2,0x8026f2c,0x20021cb8,1.1020930551592607e-19
0x8026ec4,0x8026f24,0x20021fd8,1.1021964527358299e-19
0x8026ec8,0x8026f20,0x20021ff8,1.1022005886388926e-19
0x8026ed2,0x8026f30,0x20021e0c,1.1021369991293026e-19
0x8026ed4,0x8026f34,0x20021f70,1.1021830110508759e-19
0x8026eda,0x8026f38,0x20021f4c,1.1021783581599303e-19
0x8026edc,0x8026f3c,0x20021f90,1.1021871469539386e-19
0x8026f44,0x8027020,0x2002208c,1.102219717190558e-19
0x8026f4c,0x8027024,0x20021cbc,1.1020935721471436e-19
0x8026f5a,0x8027028,0x2002215c,1.102246600560466e-19
0x8026fc0,0x802702c,0x20022074,1.1022166152632608e-19
0x8026fc2,0x8027030,0x20021c68,1.1020827154016038e-19
0x8026fe2,0x8027034,0x200220a4,1.102222819117855e-19
0x8026ff2,0x8027038,0x20024128,1.1032986709020568e-19
0x802700e,0x802703c,0x20022160,1.1022471175483487e-19
0x8027040,0x80271f4,0x2002208c,1.102219717190558e-19
0x802704e,0x80271c8,0x20022074,1.1022166152632608e-19
0x802705c,0x80271cc,0x20021c68,1.1020827154016038e-19
0x802705e,0x80271d0,0x200220a4,1.102222819117855e-19
0x802707e,0x80271d4,0x20024128,1.1032986709020568e-19
0x80270a0,0x80271d8,0x2002215c,1.102246600560466e-19
0x80270d4,0x80271dc,0x20022088,1.102219200202675e-19
0x80270d6,0x80271e0,0x3f8ccccd,1.100000023841858
0x80270e2,0x80271e4,0x20021dec,1.1021328632262398e-19
0x80270f2,0x80271f8,0x20021e64,1.1021483728627252e-19
0x80270f6,0x80271fc,0x20021f70,1.1021830110508759e-19
0x80270fa,0x8027200,0x20021f4c,1.1021783581599303e-19
0x80270fe,0x80271e8,0x20021fb8,1.102192316832767e-19
0x8027100,0x80271ec,0x20021ff8,1.1022005886388926e-19
0x8027102,0x80271f0,0x20021fd8,1.1021964527358299e-19
0x8027104,0x8027204,0xbe4ccccd,-0.20000000298023224
0x8027208,0x8027318,0x2002215c,1.102246600560466e-19
0x8027246,0x802731c,0x20022088,1.102219200202675e-19
0x8027248,0x8027320,0x2002208c,1.102219717190558e-19
0x802724c,0x8027324,0x20021dec,1.1021328632262398e-19
0x802724e,0x8027328,0x3f8ccccd,1.100000023841858
0x802725c,0x802733c,0x20021e64,1.1021483728627252e-19
0x8027260,0x8027340,0x20021f70,1.1021830110508759e-19
0x8027264,0x802732c,0x20021f4c,1.1021783581599303e-19
0x8027266,0x8027330,0x20021fb8,1.102192316832767e-19
0x8027268,0x8027334,0x20021ff8,1.1022005886388926e-19
0x802726a,0x8027338,0x20021fd8,1.1021964527358299e-19
0x802726c,0x8027344,0xbe4ccccd,-0.20000000298023224
0x802734e,0x80273e4,0x20021314,1.101774073635545e-19
0x8027350,0x80273e8,0x2002210c,1.102236260802809e-19
0x8027356,0x80273ec,0x20021320,1.1017756245991935e-19
0x8027358,0x80273f0,0x20022108,1.1022357438149261e-19
0x802735a,0x80273f4,0x20021c9c,1.1020894362440808e-19
0x8027370,0x80273f8,0x20001290,1.084816354090325e-19
0x802737c,0x80273fc,0x20021328,1.1017766585749592e-19
0x8027382,0x8027400,0x20021c68,1.1020827154016038e-19
0x8027384,0x8027404,0x200220a4,1.102222819117855e-19
0x80273a4,0x8027408,0x20024128,1.1032986709020568e-19
0x80273ca,0x80273f8,0x20001290,1.084816354090325e-19
0x80273cc,0x802740c,0x20001054,1.0847424248230781e-19
0x80273d6,0x8027410,0x20022074,1.1022166152632608e-19
0x80274c8,0x802750c,0x20021c68,1.1020827154016038e-19
0x80274ca,0x8027510,0x200220a4,1.102222819117855e-19
0x80274ec,0x8027514,0x20024128,1.1032986709020568e-19
0x802751c,0x8027634,0xe0001000,-3.6911502545928585e+19
0x802751e,0x8027638,0x20021394,1.101790617247796e-19
0x8027520,0x802763c,0x20021e14,1.1021380331050683e-19
0x802752a,0x8027640,0x2002205c,1.1022135133359638e-19
0x8027532,0x8027644,0x200012e4,1.0848272108358648e-19
0x8027546,0x8027648,0x2002411c,1.1032971199384082e-19
0x8027548,0x802764c,0x2002409c,1.1032805763261572e-19
0x802754c,0x8027680,0x20024124,1.103298153914174e-19
0x802755a,0x8027650,0x20021c68,1.1020827154016038e-19
0x8027560,0x8027654,0x200220a4,1.102222819117855e-19
0x802756a,0x8027658,0x20024120,1.103297636926291e-19
0x802757c,0x8027640,0x2002205c,1.1022135133359638e-19
0x8027590,0x802765c,0x20021cb0,1.102092021183495e-19
0x8027596,0x8027660,0x20022144,1.1022434986331688e-19
0x802759e,0x8027684,0x20021338,1.1017787265264906e-19
0x80275a2,0x8027664,0x20021ca8,1.1020909872077293e-19
0x80275ae,0x8027668,0x20021cac,1.1020915041956122e-19
0x80275b6,0x802766c,0x40021800,2.03271484375
0x80275be,0x8027670,0x20022068,1.1022150642996123e-19
0x80275c0,0x8027674,0x20021cb4,1.102092538171378e-19
0x80275e8,0x8027664,0x20021ca8,1.1020909872077293e-19
0x80275fa,0x8027678,0x0803ef50,3.970268904100739e-34
0x80275fc,0x802767c,0x45bb8000,6000.0
0x8027600,0x8027660,0x20022144,1.1022434986331688e-19
0x8027602,0x802765c,0x20021cb0,1.102092021183495e-19
0x8027624,0x802765c,0x20021cb0,1.102092021183495e-19
0x8027688,0x802799c,0x40021800,2.03271484375
0x802768a,0x80279a0,0x20021ca8,1.1020909872077293e-19
0x8027694,0x80279a4,0x20021cac,1.1020915041956122e-19
0x80276a6,0x80279a8,0x20021cb4,1.102092538171378e-19
0x80276ae,0x80279ac,0x20022038,1.1022088604450182e-19
0x80276b0,0x80279b0,0x20021cb0,1.102092021183495e-19
0x80276be,0x80279b4,0x20021c68,1.1020827154016038e-19
0x80276c0,0x80279b8,0x398a26fe,0.0002635046257637441
0x80276c6,0x80279bc,0x3f864064,1.048840045928955
0x80276ea,0x80279c0,0x20022080,1.1022181662269094e-19
0x80276ec,0x80279b4,0x20021c68,1.1020827154016038e-19
0x80276f2,0x80279c4,0x20022078,1.1022171322511437e-19
0x8027702,0x80279c8,0x200220a0,1.1022223021299721e-19
0x8027712,0x80279cc,0x00000000,0.0
0x8027716,0x80279d0,0x200220a4,1.102222819117855e-19
0x8027718,0x80279d4,0x20021cbc,1.1020935721471436e-19
0x802771e,0x80279d8,0x2002208c,1.102219717190558e-19
0x8027758,0x80279b4,0x20021c68,1.1020827154016038e-19
0x802775a,0x80279d0,0x200220a4,1.102222819117855e-19
0x8027772,0x80279d0,0x200220a4,1.102222819117855e-19
0x802777c,0x80279b4,0x20021c68,1.1020827154016038e-19
0x802778c,0x80279dc,0x20024128,1.1032986709020568e-19
0x8027796,0x80279e0,0x20021dec,1.1021328632262398e-19
0x80277b0,0x80279e4,0x3a83126f,0.0010000000474974513
0x80277b4,0x80279d4,0x20021cbc,1.1020935721471436e-19
0x80277d4,0x80279e8,0x20001040,1.084739839883664e-19
0x80277e8,0x80279ec,0x200230fc,1.1027635884433115e-19
0x80277ea,0x80279d4,0x20021cbc,1.1020935721471436e-19
0x8027806,0x80279b4,0x20021c68,1.1020827154016038e-19
0x802780c,0x80279f0,0x20021e64,1.1021483728627252e-19
0x8027842,0x80279f4,0x20021cb8,1.1020930551592607e-19
0x8027844,0x80279f8,0x20021fb8,1.102192316832767e-19
0x802784c,0x80279fc,0x20001294,1.084816871078208e-19
0x802784e,0x8027a00,0x20021de4,1.1021318292504742e-19
0x802785a,0x8027a04,0x20021410,1.1018066438721642e-19
0x8027878,0x80279cc,0x00000000,0.0
0x8027882,0x8027a08,0x20021e14,1.1021380331050683e-19
0x8027888,0x80279e4,0x3a83126f,0.0010000000474974513
0x80278c8,0x80279ac,0x20022038,1.1022088604450182e-19
0x80278cc,0x80279d0,0x200220a4,1.102222819117855e-19
0x80278ce,0x8027a0c,0x2002215c,1.102246600560466e-19
0x80278e4,0x8027a10,0x200220c4,1.1022269550209178e-19
0x80278fa,0x8027a14,0x490ca000,576000.0
0x80278fe,0x8027a18,0x20021f90,1.1021871469539386e-19
0x8027900,0x80279d0,0x200220a4,1.102222819117855e-19
0x8027938,0x8027a1c,0x08044d10,3.981289163639698e-34
0x802793a,0x80279b0,0x20021cb0,1.102092021183495e-19
0x8027962,0x8027a20,0x200220e8,1.1022316079118634e-19
0x802796a,0x80279b4,0x20021c68,1.1020827154016038e-19
0x802796c,0x8027a24,0x4207f5c3,33.9900016784668
0x8027974,0x80279b8,0x398a26fe,0.0002635046257637441
0x8027978,0x8027a28,0x200003e0,1.0843303854804502e-19
0x802797a,0x8027a2c,0x20000358,1.0843128078924334e-19
0x802797c,0x8027a30,0x200004f0,1.0843655406564837e-19
0x802797e,0x8027a34,0x3d480c74,0.0488400012254715
0x8027a5c,0x8027d7c,0x20021f48,1.1021778411720474e-19
0x8027a5e,0x8027d80,0x2002209c,1.1022217851420893e-19
0x8027a78,0x8027d84,0x3f864064,1.048840045928955
0x8027a8c,0x8027d88,0x3f7fffef,0.9999989867210388
0x8027a90,0x8027d8c,0x2002208c,1.102219717190558e-19
0x8027aa4,0x8027d90,0x20022140,1.102242981645286e-19
0x8027abe,0x8027d94,0x20021e14,1.1021380331050683e-19
0x8027ac8,0x8027d98,0x2002214c,1.1022445326089345e-19
0x8027aca,0x8027d94,0x20021e14,1.1021380331050683e-19
0x8027ad2,0x8027d9c,0x20021e64,1.1021483728627252e-19
0x8027ad4,0x8027da0,0x20000468,1.084347963068467e-19
0x8027ade,0x8027da4,0x20022094,1.1022207511663236e-19
0x8027b4c,0x8027da8,0x20021e0c,1.1021369991293026e-19
0x8027b58,0x8027dac,0x20021e84,1.102152508765788e-19
0x8027b5a,0x8027db0,0x437a0000,250.0
0x8027b62,0x8027db4,0x20021e08,1.1021364821414198e-19
0x8027b8c,0x8027db8,0x437a0000,250.0
0x8027b8e,0x8027dbc,0x3b83126f,0.004000000189989805
0x8027b94,0x8027dc0,0x200012e0,1.084826693847982e-19
0x8027ba4,0x8027dc4,0x20021320,1.1017756245991935e-19
0x8027bba,0x8027dc8,0x3c23d70a,0.009999999776482582
0x8027bbe,0x8027dcc,0xbc23d70a,-0.009999999776482582
0x8027bde,0x8027dd0,0x20022154,1.1022455665847002e-19
0x8027be0,0x8027dd4,0x3ca3d70a,0.019999999552965164
0x8027bf8,0x8027dd8,0xbca3d70a,-0.019999999552965164
0x8027bfc,0x8027ddc,0x38d1b717,9.999999747378752e-05
0x8027c36,0x8027dc8,0x3c23d70a,0.009999999776482582
0x8027c3a,0x8027de0,0x20022038,1.1022088604450182e-19
0x8027c3c,0x8027de4,0x20021cb8,1.1020930551592607e-19
0x8027c3e,0x8027de8,0x200220e8,1.1022316079118634e-19
0x8027c40,0x8027dec,0x200220ec,1.1022321248997462e-19
0x8027c42,0x8027df0,0x200012a8,1.0848194560176221e-19
0x8027c44,0x8027df4,0x20022108,1.1022357438149261e-19
0x8027c46,0x8027df8,0x200213a8,1.1017932021872103e-19
0x8027c48,0x8027dfc,0x20022114,1.1022372947785747e-19
0x8027c4e,0x8027e00,0x200220e0,1.1022305739360977e-19
0x8027c50,0x8027e04,0x20022084,1.1022186832147922e-19
0x8027c54,0x8027e08,0x200220d4,1.1022290229724491e-19
0x8027c5c,0x8027e0c,0x200220f8,1.1022336758633947e-19
0x8027c62,0x8027e10,0x20022124,1.102239362730106e-19
0x8027c64,0x8027e14,0x20001054,1.0847424248230781e-19
0x8027c6a,0x8027e18,0x20021e18,1.1021385500929511e-19
0x8027c6c,0x8027e1c,0x20021e20,1.1021395840687168e-19
0x8027c72,0x8027e20,0x20021f4c,1.1021783581599303e-19
0x8027c74,0x8027e24,0x20022088,1.102219200202675e-19
0x8027c78,0x8027e28,0x20022158,1.102246083572583e-19
0x8027c8a,0x8027e2c,0x20022064,1.1022145473117295e-19
0x8027c8c,0x8027e30,0x20022090,1.1022202341784408e-19
0x8027c8e,0x8027e34,0x200213c0,1.1017963041145073e-19
0x8027c90,0x8027e38,0x200220c8,1.1022274720088006e-19
0x8027c92,0x8027e3c,0x20021dc0,1.1021271763595285e-19
0x8027c94,0x8027e40,0x20021cc0,1.1020940891350264e-19
0x8027c96,0x8027e44,0x20021c88,1.1020868513046666e-19
0x8027c98,0x8027e48,0x00000000,0.0
0x8027cc0,0x8027e4c,0x38000100,3.0518509447574615e-05
0x8027cee,0x8027e50,0x3f7fffac,0.9999949932098389
0x8027cf6,0x8027e54,0x3a83126f,0.0010000000474974513
0x8027cfa,0x8027e58,0x0bb38435,6.914721504058095e-32
0x8027d6a,0x8027e5c,0x3619636b,2.285664550072397e-06
0x8027e7a,0x80281a4,0x20022154,1.1022455665847002e-19
0x8027ebe,0x80281a8,0x20021c68,1.1020827154016038e-19
0x8027ec0,0x80281ac,0x44fa0000,2000.0
0x8027ecc,0x80281b0,0x20022098,1.1022212681542065e-19
0x8027ef2,0x80281b4,0x461c4000,10000.0
0x8027f08,0x80281b8,0x3a83126f,0.0010000000474974513
0x8027f1e,0x80281bc,0x20021e14,1.1021380331050683e-19
0x802800a,0x80281c0,0x20021cb0,1.102092021183495e-19
0x802800c,0x80281c4,0x20021f48,1.1021778411720474e-19
0x802801a,0x80281c8,0x20021ca8,1.1020909872077293e-19
0x802803c,0x80281cc,0x463b8000,12000.0
0x80280a0,0x80281d0,0x2002208c,1.102219717190558e-19
0x80280c2,0x80281d4,0x20021cbc,1.1020935721471436e-19
0x8028108,0x80281d8,0x2002215c,1.102246600560466e-19
0x802815a,0x80281dc,0x200220fc,1.1022341928512776e-19
0x8028160,0x80281b0,0x20022098,1.1022212681542065e-19
0x8028162,0x80281e0,0x20021de8,1.102132346238357e-19
0x8028166,0x80281e4,0x2002214c,1.1022445326089345e-19
0x802816a,0x80281e8,0x20021ca0,1.1020899532319637e-19
0x802816c,0x80281ec,0x20022070,1.102216098275378e-19
0x802816e,0x80281f0,0x20001290,1.084816354090325e-19
0x8028176,0x80281f4,0x2000104c,1.0847413908473124e-19
0x8028178,0x80281f8,0x00000000,0.0
0x802817e,0x80281d4,0x20021cbc,1.1020935721471436e-19
0x8028180,0x80281e0,0x20021de8,1.102132346238357e-19
0x8028184,0x80281fc,0x3f19999a,0.6000000238418579
0x802818c,0x8028204,0x20022100,1.1022347098391604e-19
0x8028190,0x8028200,0x20021314,1.101774073635545e-19
0x8028208,0x8028300,0x20021e14,1.1021380331050683e-19
0x802820a,0x8028304,0x20022070,1.102216098275378e-19
0x802822e,0x8028308,0x411ffbe7,9.99899959564209
0x8028232,0x802830c,0x447a0000,1000.0
0x802825a,0x8028310,0x43fa0000,500.0
0x8028270,0x8028314,0x20021ee4,1.1021649164749763e-19
0x8028272,0x8028318,0x20021f28,1.1021737052689847e-19
0x8028274,0x802831c,0x20021f08,1.102169569365922e-19
0x8028276,0x8028320,0x20021f70,1.1021830110508759e-19
0x8028290,0x8028324,0x20021f94,1.1021876639418215e-19
0x8028292,0x8028328,0x20021fd8,1.1021964527358299e-19
0x8028294,0x802832c,0x20021ff8,1.1022005886388926e-19
0x80282ac,0x8028340,0x20021e64,1.1021483728627252e-19
0x80282b0,0x8028344,0x20021ec8,1.1021612975597964e-19
0x80282b4,0x8028348,0x20022018,1.1022047245419554e-19
0x80282be,0x8028330,0xc7d90380,-111111.0
0x80282c2,0x8028334,0x3ff33333,1.899999976158142
0x80282c6,0x8028338,0x3db4c251,0.08826125413179398
0x80282ca,0x802833c,0xb22bcc77,-9.99999993922529e-09
0x8028350,0x8028688,0x20021ea8,1.1021571616567336e-19
0x8028358,0x802868c,0x2002215c,1.102246600560466e-19
0x80283c0,0x80286ac,0x20021fb8,1.102192316832767e-19
0x802842c,0x8028690,0x0bb38435,6.914721504058095e-32
0x802842e,0x8028694,0x3619636b,2.285664550072397e-06
0x802843c,0x8028694,0x3619636b,2.285664550072397e-06
0x8028476,0x8028698,0x20021e88,1.1021530257536708e-19
0x8028532,0x802869c,0x3c800000,0.015625
0x8028550,0x802869c,0x3c800000,0.015625
0x8028560,0x8028688,0x20021ea8,1.1021571616567336e-19
0x802865c,0x80286a0,0x20021c90,1.1020878852804323e-19
0x802865e,0x80286a4,0xe0001000,-3.6911502545928585e+19
0x8028664,0x80286a8,0x2002205c,1.1022135133359638e-19
0x80286b6,0x8028994,0x20021dec,1.1021328632262398e-19
0x80286b8,0x8028998,0x200220a4,1.102222819117855e-19
0x80286c8,0x802899c,0x20024128,1.1032986709020568e-19
0x80286d2,0x80289a0,0x200012a0,1.0848184220418564e-19
0x80286d4,0x80289a4,0x3a83126f,0.0010000000474974513
0x80286da,0x80289a8,0x20001040,1.084739839883664e-19
0x8028708,0x80289ac,0x2000128c,1.0848158371024422e-19
0x802873c,0x80289b0,0x3c03126f,0.00800000037997961
0x802876a,0x80289b4,0x200012a8,1.0848194560176221e-19
0x8028772,0x80289b8,0x20022140,1.102242981645286e-19
0x802877c,0x80289b8,0x20022140,1.102242981645286e-19
0x8028782,0x80289bc,0x20021e14,1.1021380331050683e-19
0x802878c,0x80289c0,0x459c4000,5000.0
0x80287b0,0x80289c4,0x3db4c251,0.08826125413179398
0x80287d0,0x80289c8,0x20022038,1.1022088604450182e-19
0x80287d2,0x80289b4,0x200012a8,1.0848194560176221e-19
0x80287e0,0x80289cc,0x43a40000,328.0
0x80287e4,0x80289d0,0x08045e10,3.983287504036096e-34
0x8028810,0x80289d4,0x200220e8,1.1022316079118634e-19
0x8028812,0x80289d8,0x200220dc,1.1022300569482148e-19
0x8028824,0x80289bc,0x20021e14,1.1021380331050683e-19
0x8028840,0x80289dc,0x200220a0,1.1022223021299721e-19
0x8028844,0x80289e0,0x00000000,0.0
0x8028850,0x80289e4,0x3d480c74,0.0488400012254715
0x8028854,0x80289e0,0x00000000,0.0
0x8028872,0x80289e0,0x00000000,0.0
0x8028880,0x80289a8,0x20001040,1.084739839883664e-19
0x8028882,0x802899c,0x20024128,1.1032986709020568e-19
0x8028886,0x8028994,0x20021dec,1.1021328632262398e-19
0x802888e,0x80289e8,0x2002215c,1.102246600560466e-19
0x8028890,0x80289ec,0x0005dc00,5.3809861030072976e-40
0x80288a6,0x80289f0,0x20021cbc,1.1020935721471436e-19
0x80288b4,0x80289f0,0x20021cbc,1.1020935721471436e-19
0x80288ba,0x80289e8,0x2002215c,1.102246600560466e-19
0x80288bc,0x80289f4,0x200230fc,1.1027635884433115e-19
0x80288e8,0x80289f8,0x20022074,1.1022166152632608e-19
0x80288ea,0x80289fc,0x20021c68,1.1020827154016038e-19
0x80288fc,0x8028a00,0x48bb8000,384000.0
0x8028912,0x8028a04,0x483b8000,192000.0
0x802892c,0x8028a08,0x20021e84,1.102152508765788e-19
0x8028942,0x8028a0c,0x46bb8000,24000.0
0x8028946,0x8028a10,0x20021e0c,1.1021369991293026e-19
0x802895a,0x8028a14,0x20021e08,1.1021364821414198e-19
0x802895c,0x8028a18,0x382ec33e,4.166666622040793e-05
0x8028976,0x80289b4,0x200012a8,1.0848194560176221e-19
0x8028a20,0x8028a1c,0x43c80000,400.0
0x8028a24,0x8028d54,0x200220dc,1.1022300569482148e-19
0x8028a4e,0x8028d58,0x200220e8,1.1022316079118634e-19
0x8028a5c,0x8028d5c,0x080462b0,3.983831170173351e-34
0x8028a6a,0x8028d60,0x200220ec,1.1022321248997462e-19
0x8028a74,0x8028d64,0x2002215c,1.102246600560466e-19
0x8028a76,0x8028d68,0x20021e64,1.1021483728627252e-19
0x8028a84,0x8028d6c,0x20021f90,1.1021871469539386e-19
0x8028ab8,0x8028d70,0x20021c68,1.1020827154016038e-19
0x8028aba,0x8028d74,0x200220a4,1.102222819117855e-19
0x8028af4,0x8028d78,0x20021ec8,1.1021612975597964e-19
0x8028af6,0x8028d7c,0x20021f70,1.1021830110508759e-19
0x8028b42,0x8028d64,0x2002215c,1.102246600560466e-19
0x8028bbe,0x8028d8c,0x20021e88,1.1021530257536708e-19
0x8028c66,0x8028d80,0xb22bcc77,-9.99999993922529e-09
0x8028c9e,0x8028d84,0x437a0000,250.0
0x8028d24,0x8028d88,0x322bcc77,9.99999993922529e-09
0x8028dcc,0x8028d90,0x3f7d70a4,0.9900000095367432
0x8028dec,0x8028d94,0x38000100,3.0518509447574615e-05
0x8028e08,0x8028d98,0x3f7fbe77,0.9990000128746033
0x8028e16,0x80290e4,0x20021de4,1.1021318292504742e-19
0x8028e2e,0x80290e8,0x3a83126f,0.0010000000474974513
0x8028eac,0x80290ec,0x20024134,1.1033002218657053e-19
0x8028eae,0x80290f0,0x2002412c,1.1032991878899396e-19
0x8028eb0,0x80290f4,0x20024138,1.1033007388535882e-19
0x8028eb2,0x80290f8,0x20024130,1.1032997048778225e-19
0x8028ebc,0x80290fc,0x3f7f3b64,0.996999979019165
0x8028ec8,0x8029100,0x3f333333,0.699999988079071
0x8028f10,0x8029104,0x200213b4,1.1017947531508588e-19
0x8028f4c,0x8029108,0x3f666666,0.8999999761581421
0x8028f50,0x802910c,0x3dcccccd,0.10000000149011612
0x8028f7a,0x8029110,0x46fffe00,32767.0
0x8028fd0,0x8029114,0x20022154,1.1022455665847002e-19
0x802900e,0x8029118,0x20021cbc,1.1020935721471436e-19
0x802902a,0x802911c,0x20021ec8,1.1021612975597964e-19
0x802902e,0x8029120,0x20021f70,1.1021830110508759e-19
0x8029044,0x8029124,0x20021e64,1.1021483728627252e-19
0x802904c,0x8029128,0xc7d90380,-111111.0
0x802906e,0x802912c,0x20021e84,1.102152508765788e-19
0x8029070,0x8029130,0x2002209c,1.1022217851420893e-19
0x8029072,0x802911c,0x20021ec8,1.1021612975597964e-19
0x8029082,0x8029134,0x3d75c28f,0.05999999865889549
0x8029086,0x8029108,0x3f666666,0.8999999761581421
0x802915e,0x8029430,0x20021c68,1.1020827154016038e-19
0x8029160,0x8029434,0x20022148,1.1022440156210517e-19
0x8029162,0x8029438,0x20022144,1.1022434986331688e-19
0x802917c,0x802943c,0x2002214c,1.1022445326089345e-19
0x802919e,0x8029440,0x20021de4,1.1021318292504742e-19
0x80291d8,0x8029444,0x2002210c,1.102236260802809e-19
0x80291da,0x8029448,0x20021ca4,1.1020904702198465e-19
0x80291e0,0x802944c,0x200213b4,1.1017947531508588e-19
0x80291ea,0x8029450,0x46fffe00,32767.0
0x80291ee,0x8029454,0x200220fc,1.1022341928512776e-19
0x80291f0,0x8029458,0x20022100,1.1022347098391604e-19
0x8029216,0x802945c,0x2002208c,1.102219717190558e-19
0x8029218,0x8029460,0x20001290,1.084816354090325e-19
0x8029234,0x8029464,0x20021320,1.1017756245991935e-19
0x802924c,0x8029468,0x20021cb0,1.102092021183495e-19
0x8029258,0x802945c,0x2002208c,1.102219717190558e-19
0x8029278,0x802946c,0x20022070,1.102216098275378e-19
0x802927a,0x8029470,0x20021f28,1.1021737052689847e-19
0x802927e,0x802944c,0x200213b4,1.1017947531508588e-19
0x802929c,0x802943c,0x2002214c,1.1022445326089345e-19
0x802929e,0x8029430,0x20021c68,1.1020827154016038e-19
0x80292a6,0x8029440,0x20021de4,1.1021318292504742e-19
0x802932e,0x8029474,0x3f7fbe77,0.9990000128746033
0x8029332,0x8029478,0x3a83126f,0.0010000000474974513
0x8029350,0x802947c,0x20021314,1.101774073635545e-19
0x8029352,0x8029480,0x20021c9c,1.1020894362440808e-19
0x8029358,0x8029464,0x20021320,1.1017756245991935e-19
0x8029372,0x8029430,0x20021c68,1.1020827154016038e-19
0x802937a,0x8029484,0x20022074,1.1022166152632608e-19
0x8029382,0x8029488,0x20021328,1.1017766585749592e-19
0x80293a8,0x802948c,0x200220a4,1.102222819117855e-19
0x80293b8,0x8029430,0x20021c68,1.1020827154016038e-19
0x80293ce,0x802945c,0x2002208c,1.102219717190558e-19
0x80293f4,0x8029490,0x200213b8,1.1017952701387416e-19
0x80293f6,0x8029494,0x2002133c,1.1017792435143734e-19
0x8029412,0x8029498,0x2002215c,1.102246600560466e-19
0x802949c,0x80294c4,0x20021de4,1.1021318292504742e-19
0x80294a6,0x80294c4,0x20021de4,1.1021318292504742e-19
0x80294d2,0x80294c8,0x3c23d70a,0.009999999776482582
0x80294d6,0x8029800,0x20022038,1.1022088604450182e-19
0x80294d8,0x8029804,0x20021cb8,1.1020930551592607e-19
0x80294da,0x8029808,0x20022114,1.1022372947785747e-19
0x80294dc,0x802980c,0x200220e8,1.1022316079118634e-19
0x80294de,0x8029810,0x200220ec,1.1022321248997462e-19
0x80294e0,0x8029814,0x200012a8,1.0848194560176221e-19
0x80294e2,0x8029818,0x20022108,1.1022357438149261e-19
0x80294e4,0x802981c,0x200213a8,1.1017932021872103e-19
0x80294ea,0x8029820,0x200220e0,1.1022305739360977e-19
0x80294ec,0x8029824,0x20022084,1.1022186832147922e-19
0x80294f0,0x8029828,0x20021e20,1.1021395840687168e-19
0x80294f6,0x802982c,0x200220d4,1.1022290229724491e-19
0x80294f8,0x8029830,0x200220f8,1.1022336758633947e-19
0x80294fe,0x8029834,0x20022124,1.102239362730106e-19
0x8029500,0x8029838,0x20001054,1.0847424248230781e-19
0x8029506,0x802983c,0x20021e18,1.1021385500929511e-19
0x8029508,0x8029840,0x20021f4c,1.1021783581599303e-19
0x802950e,0x8029844,0x20022088,1.102219200202675e-19
0x8029510,0x8029848,0x20021dc0,1.1021271763595285e-19
0x8029524,0x802984c,0x20022158,1.102246083572583e-19
0x8029526,0x8029850,0x20022064,1.1022145473117295e-19
0x8029528,0x8029854,0x20022090,1.1022202341784408e-19
0x802952a,0x8029858,0x200213c0,1.1017963041145073e-19
0x802952c,0x802985c,0x200220c8,1.1022274720088006e-19
0x8029530,0x8029860,0x20021cc0,1.1020940891350264e-19
0x8029532,0x8029864,0x20021c88,1.1020868513046666e-19
0x8029534,0x8029868,0x00000000,0.0
0x8029560,0x802986c,0x38000100,3.0518509447574615e-05
0x8029584,0x8029870,0x3f7fffac,0.9999949932098389
0x802958e,0x8029874,0x3a83126f,0.0010000000474974513
0x8029598,0x8029878,0x0bb38435,6.914721504058095e-32
0x802959a,0x802987c,0x3619636b,2.285664550072397e-06
0x8029612,0x8029880,0x20022154,1.1022455665847002e-19
0x8029676,0x8029884,0x20021c68,1.1020827154016038e-19
0x8029678,0x8029888,0x44fa0000,2000.0
0x8029684,0x802988c,0x20022098,1.1022212681542065e-19
0x80296aa,0x8029890,0x461c4000,10000.0
0x80296c0,0x8029874,0x3a83126f,0.0010000000474974513
0x80296d6,0x8029894,0x20021e14,1.1021380331050683e-19
0x80297c2,0x8029898,0x20021cb0,1.102092021183495e-19
0x80297cc,0x802989c,0x20021ca8,1.1020909872077293e-19
0x80297dc,0x80298a0,0x20021f48,1.1021778411720474e-19
0x80297f4,0x80298a4,0x463b8000,12000.0
0x8029904,0x8029aec,0x2002208c,1.102219717190558e-19
0x8029926,0x8029af0,0x20021cbc,1.1020935721471436e-19
0x802996c,0x8029af4,0x20022154,1.1022455665847002e-19
0x802996e,0x8029af8,0x2002215c,1.102246600560466e-19
0x80299be,0x8029afc,0x200220fc,1.1022341928512776e-19
0x80299c6,0x8029b00,0x20022098,1.1022212681542065e-19
0x80299c8,0x8029b04,0x20021de8,1.102132346238357e-19
0x80299cc,0x8029b08,0x2002214c,1.1022445326089345e-19
0x80299d0,0x8029b0c,0x00000000,0.0
0x80299d4,0x8029b10,0x20022070,1.102216098275378e-19
0x80299d6,0x8029b14,0x20021ca0,1.1020899532319637e-19
0x80299d8,0x8029b18,0x20001290,1.084816354090325e-19
0x80299e2,0x8029b1c,0x3f19999a,0.6000000238418579
0x80299e6,0x8029b20,0x2000104c,1.0847413908473124e-19
0x80299ec,0x8029af0,0x20021cbc,1.1020935721471436e-19
0x80299ee,0x8029b04,0x20021de8,1.102132346238357e-19
0x80299f6,0x8029b68,0x20022100,1.1022347098391604e-19
0x80299fa,0x8029b24,0x20021314,1.101774073635545e-19
0x8029a10,0x8029b10,0x20022070,1.102216098275378e-19
0x8029a12,0x8029b28,0x20021e14,1.1021380331050683e-19
0x8029a2a,0x8029b2c,0x411ffbe7,9.99899959564209
0x8029a48,0x8029b30,0x43fa0000,500.0
0x8029a64,0x8029b34,0x20021ee4,1.1021649164749763e-19
0x8029a66,0x8029b38,0x447a0000,1000.0
0x8029a6a,0x8029b3c,0x20021f70,1.1021830110508759e-19
0x8029a70,0x8029b40,0x20021f08,1.102169569365922e-19
0x8029a86,0x8029b44,0x20021f94,1.1021876639418215e-19
0x8029a88,0x8029b48,0x20021fd8,1.1021964527358299e-19
0x8029a8a,0x8029b4c,0x20021ff8,1.1022005886388926e-19
0x8029a9e,0x8029b6c,0x20021e64,1.1021483728627252e-19
0x8029aa2,0x8029b50,0x20021f28,1.1021737052689847e-19
0x8029aa4,0x8029b70,0x20021ec8,1.1021612975597964e-19
0x8029aa8,0x8029b74,0x20022018,1.1022047245419554e-19
0x8029ab2,0x8029b54,0xc7d90380,-111111.0
0x8029ab6,0x8029b58,0x3ff33333,1.899999976158142
0x8029aba,0x8029b5c,0x3db4c251,0.08826125413179398
0x8029abe,0x8029b60,0xb22bcc77,-9.99999993922529e-09
0x8029ac2,0x8029b64,0x3c800000,0.015625
0x8029b7c,0x8029eb4,0x20021ea8,1.1021571616567336e-19
0x8029b84,0x8029eb8,0x2002215c,1.102246600560466e-19
0x8029bd6,0x8029ed0,0x20021fb8,1.102192316832767e-19
0x8029c56,0x8029ebc,0x0bb38435,6.914721504058095e-32
0x8029c58,0x8029ec0,0x3619636b,2.285664550072397e-06
0x8029c66,0x8029ec0,0x3619636b,2.285664550072397e-06
0x8029c9c,0x8029ec4,0x20021e88,1.1021530257536708e-19
0x8029d7c,0x8029eb4,0x20021ea8,1.1021571616567336e-19
0x8029e7a,0x8029ec8,0x20021ec8,1.1021612975597964e-19
0x8029e7c,0x8029ecc,0x20021f70,1.1021830110508759e-19
0x8029ee6,0x802a314,0x2002215c,1.102246600560466e-19
0x8029f00,0x802a318,0x20021e88,1.1021530257536708e-19
0x8029f8e,0x802a2c8,0xb22bcc77,-9.99999993922529e-09
0x8029fc6,0x802a2cc,0x437a0000,250.0
0x802a036,0x802a2d0,0x322bcc77,9.99999993922529e-09
0x802a09a,0x802a2d4,0x3f7d70a4,0.9900000095367432
0x802a0ba,0x802a2d8,0x38000100,3.0518509447574615e-05
0x802a0d6,0x802a2dc,0x3f7fbe77,0.9990000128746033
0x802a0e4,0x802a2e0,0x20021de4,1.1021318292504742e-19
0x802a0fc,0x802a2e4,0x3a83126f,0.0010000000474974513
0x802a17a,0x802a2e8,0x20024134,1.1033002218657053e-19
0x802a17c,0x802a2ec,0x2002412c,1.1032991878899396e-19
0x802a17e,0x802a2f0,0x20024138,1.1033007388535882e-19
0x802a180,0x802a2f4,0x20024130,1.1032997048778225e-19
0x802a18a,0x802a2f8,0x3f7f3b64,0.996999979019165
0x802a196,0x802a2fc,0x3f333333,0.699999988079071
0x802a1de,0x802a300,0x200213b4,1.1017947531508588e-19
0x802a21a,0x802a304,0x3f666666,0.8999999761581421
0x802a21e,0x802a308,0x3dcccccd,0.10000000149011612
0x802a248,0x802a30c,0x46fffe00,32767.0
0x802a29e,0x802a310,0x20022154,1.1022455665847002e-19
0x802a330,0x802a630,0x20021cbc,1.1020935721471436e-19
0x802a34c,0x802a634,0x20021ec8,1.1021612975597964e-19
0x802a350,0x802a638,0x20021f70,1.1021830110508759e-19
0x802a368,0x802a63c,0x20021e64,1.1021483728627252e-19
0x802a376,0x802a640,0xc7d90380,-111111.0
0x802a38e,0x802a644,0x20021e84,1.102152508765788e-19
0x802a390,0x802a648,0x2002209c,1.1022217851420893e-19
0x802a392,0x802a634,0x20021ec8,1.1021612975597964e-19
0x802a3a2,0x802a64c,0x3d75c28f,0.05999999865889549
0x802a3a6,0x802a650,0x3f666666,0.8999999761581421
0x802a3ec,0x802a654,0x20021f48,1.1021778411720474e-19
0x802a412,0x802a658,0x20021c68,1.1020827154016038e-19
0x802a414,0x802a65c,0x20022148,1.1022440156210517e-19
0x802a416,0x802a660,0x20022144,1.1022434986331688e-19
0x802a422,0x802a664,0x2002214c,1.1022445326089345e-19
0x802a452,0x802a668,0x20021de4,1.1021318292504742e-19
0x802a48c,0x802a654,0x20021f48,1.1021778411720474e-19
0x802a4bc,0x802a66c,0x2002210c,1.102236260802809e-19
0x802a4be,0x802a670,0x20021ca4,1.1020904702198465e-19
0x802a4c4,0x802a674,0x200213b4,1.1017947531508588e-19
0x802a4ce,0x802a678,0x46fffe00,32767.0
0x802a4d2,0x802a67c,0x200220fc,1.1022341928512776e-19
0x802a4d4,0x802a680,0x20022100,1.1022347098391604e-19
0x802a4fa,0x802a684,0x2002208c,1.102219717190558e-19
0x802a4fc,0x802a688,0x20001290,1.084816354090325e-19
0x802a518,0x802a68c,0x20021320,1.1017756245991935e-19
0x802a530,0x802a690,0x20021cb0,1.102092021183495e-19
0x802a53c,0x802a684,0x2002208c,1.102219717190558e-19
0x802a55c,0x802a694,0x20022070,1.102216098275378e-19
0x802a55e,0x802a698,0x20021f28,1.1021737052689847e-19
0x802a562,0x802a674,0x200213b4,1.1017947531508588e-19
0x802a580,0x802a664,0x2002214c,1.1022445326089345e-19
0x802a582,0x802a658,0x20021c68,1.1020827154016038e-19
0x802a58a,0x802a668,0x20021de4,1.1021318292504742e-19
0x802a5ea,0x802a654,0x20021f48,1.1021778411720474e-19
0x802a61a,0x802a69c,0x3f7fbe77,0.9990000128746033
0x802a61e,0x802a6a0,0x3a83126f,0.0010000000474974513
0x802a6b4,0x802a8fc,0x20021314,1.101774073635545e-19
0x802a6b6,0x802a900,0x20021c9c,1.1020894362440808e-19
0x802a6bc,0x802a904,0x20021320,1.1017756245991935e-19
0x802a6d6,0x802a908,0x20021c68,1.1020827154016038e-19
0x802a6de,0x802a90c,0x20022074,1.1022166152632608e-19
0x802a6e6,0x802a910,0x20021328,1.1017766585749592e-19
0x802a70c,0x802a914,0x200220a4,1.102222819117855e-19
0x802a71c,0x802a908,0x20021c68,1.1020827154016038e-19
0x802a732,0x802a918,0x2002208c,1.102219717190558e-19
0x802a758,0x802a91c,0x200213b8,1.1017952701387416e-19
0x802a75a,0x802a920,0x2002133c,1.1017792435143734e-19
0x802a78c,0x802a924,0x2002215c,1.102246600560466e-19
0x802a7a0,0x802a928,0x20021de4,1.1021318292504742e-19
0x802a7aa,0x802a928,0x20021de4,1.1021318292504742e-19
0x802a7d4,0x802a92c,0x20021f48,1.1021778411720474e-19
0x802a82e,0x802a930,0x200213ac,1.101793719175093e-19
0x802a848,0x802a930,0x200213ac,1.101793719175093e-19
0x802a864,0x802a934,0x00000000,0.0
0x802a86e,0x802a934,0x00000000,0.0
0x802a87a,0x802a938,0x200012a8,1.0848194560176221e-19
0x802a884,0x802a93c,0x3d231090,0.03981071710586548
0x802a8aa,0x802a940,0x20021e64,1.1021483728627252e-19
0x802a8ae,0x802a944,0xc7d90380,-111111.0
0x802a8d4,0x802a940,0x20021e64,1.1021483728627252e-19
0x802a8d8,0x802a944,0xc7d90380,-111111.0
0x802a94e,0x802ac40,0x20021cbc,1.1020935721471436e-19
0x802a954,0x802ac44,0x20021320,1.1017756245991935e-19
0x802a96c,0x802ac48,0x20021cb0,1.102092021183495e-19
0x802a976,0x802ac4c,0x20022108,1.1022357438149261e-19
0x802a982,0x802ac50,0x20022074,1.1022166152632608e-19
0x802a984,0x802ac54,0x200012a8,1.0848194560176221e-19
0x802a98a,0x802ac58,0x200213a8,1.1017932021872103e-19
0x802a9a6,0x802ac5c,0x20021cb8,1.1020930551592607e-19
0x802a9a8,0x802ac60,0x20021fb8,1.102192316832767e-19
0x802a9ac,0x802ac64,0x20022114,1.1022372947785747e-19
0x802a9ae,0x802ac68,0x20021ca4,1.1020904702198465e-19
0x802a9c0,0x802ac6c,0x2002215c,1.102246600560466e-19
0x802a9c2,0x802ac70,0x2002210c,1.102236260802809e-19
0x802a9d2,0x802ac74,0x200213b8,1.1017952701387416e-19
0x802a9d4,0x802ac78,0x2002133c,1.1017792435143734e-19
0x802a9d6,0x802ac7c,0x20021c9c,1.1020894362440808e-19
0x802a9da,0x802ac44,0x20021320,1.1017756245991935e-19
0x802a9ec,0x802ac80,0x2002131c,1.1017751076113107e-19
0x802a9ee,0x802ac84,0x20021318,1.1017745906234278e-19
0x802a9f0,0x802ac88,0x2002207c,1.1022176492390265e-19
0x802a9f4,0x802ac8c,0x33d6bf95,1.0000000116860974e-07
0x802aa0c,0x802ac40,0x20021cbc,1.1020935721471436e-19
0x802aa3c,0x802ac90,0x20024128,1.1032986709020568e-19
0x802aa48,0x802ac94,0x20001040,1.084739839883664e-19
0x802aa4e,0x802ac40,0x20021cbc,1.1020935721471436e-19
0x802aa60,0x802ac90,0x20024128,1.1032986709020568e-19
0x802aa62,0x802ac98,0x20021dec,1.1021328632262398e-19
0x802aa96,0x802ac9c,0x43c80000,400.0
0x802aa9a,0x802aca0,0x200220dc,1.1022300569482148e-19
0x802aac4,0x802aca4,0x200220e8,1.1022316079118634e-19
0x802aad2,0x802aca8,0x080462b0,3.983831170173351e-34
0x802aae6,0x802ac5c,0x20021cb8,1.1020930551592607e-19
0x802aae8,0x802acac,0x20021e64,1.1021483728627252e-19
0x802aaec,0x802acb0,0x20021fd8,1.1021964527358299e-19
0x802aaee,0x802acb4,0x20021ff8,1.1022005886388926e-19
0x802ab00,0x802acb8,0x20021f90,1.1021871469539386e-19
0x802ab1a,0x802acb8,0x20021f90,1.1021871469539386e-19
0x802ab3a,0x802acbc,0x20021e84,1.102152508765788e-19
0x802ab7c,0x802acc0,0x3f2aaa9f,0.6666659712791443
0x802abea,0x802ac54,0x200012a8,1.0848194560176221e-19
0x802abec,0x802acc4,0x2002214c,1.1022445326089345e-19
0x802abfa,0x802acc8,0x43a40000,328.0
0x802abfe,0x802accc,0x08045e10,3.983287504036096e-34
0x802ac2a,0x802aca4,0x200220e8,1.1022316079118634e-19
0x802ac2c,0x802aca0,0x200220dc,1.1022300569482148e-19
0x802acfa,0x802ae1c,0x080462b0,3.983831170173351e-34
0x802ad2a,0x802ae20,0x2002215c,1.102246600560466e-19
0x802ad2c,0x802ae24,0x20021ca4,1.1020904702198465e-19
0x802ad2e,0x802ae28,0x20022114,1.1022372947785747e-19
0x802ad30,0x802ae2c,0x2002210c,1.102236260802809e-19
0x802ad54,0x802ae30,0x20022074,1.1022166152632608e-19
0x802ad70,0x802ae1c,0x080462b0,3.983831170173351e-34
0x802ad8c,0x802ae34,0x20021de4,1.1021318292504742e-19
0x802ad92,0x802ae38,0x20021e14,1.1021380331050683e-19
0x802ad9c,0x802ae20,0x2002215c,1.102246600560466e-19
0x802ad9e,0x802ae2c,0x2002210c,1.102236260802809e-19
0x802ada8,0x802ae3c,0x3db4c251,0.08826125413179398
0x802adc0,0x802ae40,0x20021f28,1.1021737052689847e-19
0x802adc2,0x802ae44,0x20021ca0,1.1020899532319637e-19
0x802adc8,0x802ae20,0x2002215c,1.102246600560466e-19
0x802add0,0x802ae2c,0x2002210c,1.102236260802809e-19
0x802b278,0x802b2c0,0xa0000140,-1.084243531516132e-19
0x802b29e,0x802b2c0,0xa0000140,-1.084243531516132e-19
0x802b30c,0x802b31c,0xa0000140,-1.084243531516132e-19
0x802b33c,0x802b348,0xa0000140,-1.084243531516132e-19
0x802b41c,0x802b43c,0xa00000a0,-1.0842228520008183e-19
0x802b41e,0x802b440,0xa0000140,-1.084243531516132e-19
0x802b430,0x802b444,0xa0000080,-1.0842187160977555e-19
0x802b436,0x802b448,0xa0000060,-1.0842145801946927e-19
0x802b7f6,0x802b854,0x40005400,2.005126953125
0x802b7fc,0x802b858,0x40005800,2.00537109375
0x802b802,0x802b85c,0x40005c00,2.005615234375
0x802b872,0x802b928,0x431bde83,155.8691864013672
0x802b876,0x802b934,0x000186a0,1.401298464324817e-40
0x802b8b8,0x802b92c,0xfffffbf5,nan
0x802b902,0x802b930,0x10624dd3,4.4630594742302834e-29
0x802bdf4,0x802be78,0x40023800,2.03466796875
0x802be06,0x802be7c,0x00f42400,2.2420775429197073e-38
0x802be0a,0x802be78,0x40023800,2.03466796875
0x802be0c,0x802be80,0x20000578,1.0843831182445004e-19
0x802be3e,0x802be84,0x017d7840,4.6555036199795103e-38
0x802be52,0x802be78,0x40023800,2.03466796875
0x802be58,0x802be84,0x017d7840,4.6555036199795103e-38
0x802be5a,0x802be7c,0x00f42400,2.2420775429197073e-38
0x802bf64,0x802bf78,0x40023800,2.03466796875
0x802bf94,0x802bfa8,0x40023800,2.03466796875
0x802bfac,0x802bfc0,0x40023800,2.03466796875
0x802bfc4,0x802bfd8,0x40023800,2.03466796875
0x802c024,0x802c038,0x40023800,2.03466796875
0x802c03c,0x802c050,0x40023800,2.03466796875
0x802c16e,0x802c18c,0x40007400,2.007080078125
0x802c19c,0x802c1b8,0x40007400,2.007080078125
0x802c294,0x802c2b0,0x40007400,2.007080078125
0x802c31a,0x802c3d0,0x40013000,2.0185546875
0x802c320,0x802c3d4,0x40003800,2.00341796875
0x802c326,0x802c3d8,0x40003c00,2.003662109375
0x802c32c,0x802c3dc,0x40013400,2.018798828125
0x802c332,0x802c3e0,0x40015000,2.0205078125
0x802c338,0x802c3e4,0x40015400,2.020751953125
0x802c42a,0x802c4e4,0xfffff040,nan
0x802c446,0x802c4e8,0x40023800,2.03466796875
0x802c45a,0x802c4e8,0x40023800,2.03466796875
0x802c45e,0x802c4f0,0x017d7840,4.6555036199795103e-38
0x802c498,0x802c4ec,0xcccccccd,-107374184.0
0x802c5c2,0x802c5fc,0xfffff040,nan
0x802c6c6,0x802c7a0,0x40026010,2.0371131896972656
0x802c6e4,0x802c7a4,0x40026028,2.037118911743164
0x802c6ea,0x802c7a8,0x40026040,2.0371246337890625
0x802c6f0,0x802c7ac,0x40026058,2.037130355834961
0x802c6f6,0x802c7b0,0x40026070,2.0371360778808594
0x802c6fc,0x802c7b4,0x40026088,2.037141799926758
0x802c702,0x802c7b8,0x400260a0,2.0371475219726562
0x802c708,0x802c7bc,0x400260b8,2.0371532440185547
0x802c70e,0x802c7c0,0x40026410,2.0373573303222656
0x802c714,0x802c7c4,0x40026428,2.037363052368164
0x802c71a,0x802c7c8,0x40026440,2.0373687744140625
0x802c720,0x802c7cc,0x40026458,2.037374496459961
0x802c726,0x802c7d0,0x40026470,2.0373802185058594
0x802c72c,0x802c7d4,0x40026488,2.037385940551758
0x802c732,0x802c7d8,0x400264a0,2.0373916625976562
0x802c738,0x802c7dc,0x400264b8,2.0373973846435547
0x802c756,0x802c7e0,0x40026000,2.037109375
0x802c762,0x802c7e4,0x2000003d,1.0842100565507178e-19
0x802c786,0x802c7e8,0x20000f40,1.0847067526591618e-19
0x802c796,0x802c7ec,0x203d0000,1.6008922703106276e-19
0x802c816,0x802c844,0xf01c803f,-1.937388061845157e+29
0x802c906,0x802c934,0x40026000,2.037109375
0x802c908,0x802c938,0x4002640f,2.0373570919036865
0x802c90a,0x802c93c,0x40026400,2.037353515625
0x802c942,0x802c964,0x40026000,2.037109375
0x802c944,0x802c968,0x4002640f,2.0373570919036865
0x802c946,0x802c96c,0x40026400,2.037353515625
0x802ca70,0x802ca9c,0xc0fff7fd,-7.999022006988525
0x802cab6,0x802cad4,0x40012300,2.01776123046875
0x802cab8,0x802cad8,0xfffc30e0,nan
0x802cfdc,0x802cfec,0x40012c00,2.018310546875
0x802cff0,0x802cff8,0x40012c00,2.018310546875
0x802d0d0,0x802d0e0,0x40013c00,2.019287109375
0x802d0e4,0x802d0ec,0x40013c00,2.019287109375
0x802d33c,0x802d3d0,0x40010000,2.015625
0x802d376,0x802d3d4,0x40001000,2.0009765625
0x802d3c8,0x802d3d8,0x40010400,2.015869140625
0x802df7c,0x802df90,0x40023c00,2.034912109375
0x802df84,0x802df94,0x45670123,3696.071044921875
0x802df86,0x802df98,0xcdef89ab,-502347104.0
0x802df9c,0x802dfa8,0x40023c00,2.034912109375
0x802e0fc,0x802e19c,0x40023c00,2.034912109375
0x802e14a,0x802e19c,0x40023c00,2.034912109375
0x802e1ca,0x802e210,0x40023c00,2.034912109375
0x802e384,0x802e3b0,0x40023c00,2.034912109375
0x802f8d0,0x802f8e0,0x20000588,1.0843851861960318e-19
0x802f8e4,0x802f8f8,0x20000588,1.0843851861960318e-19
0x802f900,0x802f924,0x20000588,1.0843851861960318e-19
0x802f92c,0x802f950,0x20000588,1.0843851861960318e-19
0x802f954,0x802f970,0x20000588,1.0843851861960318e-19
0x802f974,0x802f978,0x42fc0000,126.0
0x802fab2,0x802fb14,0x20024252,1.1033371864993288e-19
0x802fac8,0x802fb18,0x080468d8,3.984554833883076e-34
0x80300e8,0x8030114,0x61417272,2.2302926625585077e+20
0x80300ec,0x8030118,0x41615252,14.082597732543945
0x8030350,0x80303d4,0x0804685c,3.984497895875458e-34
0x803036c,0x80303d0,0x08046869,3.984503865182709e-34
0x8030416,0x8030750,0x080467dc,3.984439121157917e-34
0x803047c,0x803074c,0x080468c9,3.9845479462208645e-34
0x8030530,0x8030754,0x080468d5,3.984553456350634e-34
0x8030c90,0x8030cb4,0x00544146,7.73759737461013e-39
0x8030cd0,0x8030f64,0x20024254,1.1033374449932702e-19
0x8030e18,0x8030f68,0x20024278,1.1033420978842158e-19
0x8030f2e,0x8030f6c,0x41615252,14.082597732543945
0x8031862,0x8031bcc,0x00011021,9.762145751718838e-41
0x8031bfe,0x8031f60,0x4ec4ec4f,1651910528.0
0x80321ca,0x8032254,0x20024252,1.1033371864993288e-19
0x80321ce,0x8032258,0x20024254,1.1033374449932702e-19
0x803220a,0x803225c,0x080468d8,3.984554833883076e-34
0x8035070,0x80350ac,0x08046944,3.984604425051002e-34
0x803509c,0x80350ac,0x08046944,3.984604425051002e-34
0x80350b8,0x80350dc,0x08046a48,3.984723811196007e-34
0x80350d0,0x80350e0,0x08046c24,3.984942379676863e-34
0x80357a8,0x8035844,0x20024360,1.1033720831814209e-19
0x80357b6,0x8035848,0x2002435c,1.103371566193538e-19
0x80357bc,0x803584c,0x40012c00,2.018310546875
0x80357d8,0x8035844,0x20024360,1.1033720831814209e-19
0x80357f6,0x8035844,0x20024360,1.1033720831814209e-19
0x8035804,0x8035844,0x20024360,1.1033720831814209e-19
0x8035822,0x8035844,0x20024360,1.1033720831814209e-19
0x8035828,0x8035844,0x20024360,1.1033720831814209e-19
0x8035838,0x8035844,0x20024360,1.1033720831814209e-19
0x8035850,0x803586c,0x40026400,2.037353515625
0x803585c,0x8035870,0x200242a0,1.1033472677630443e-19
0x803585e,0x8035874,0x40026458,2.037374496459961
0x803798c,0x8037c78,0x20000640,1.0844089676386427e-19
0x80379f6,0x8037c78,0x20000640,1.0844089676386427e-19
0x8037a22,0x8037c8c,0x20000648,1.0844100016144084e-19
0x8037b1c,0x8037c8c,0x20000648,1.0844100016144084e-19
0x8037b44,0x8037c90,0x20000a48,1.0845423505124169e-19
0x8037b48,0x8037c7c,0x20024394,1.1033788040238978e-19
0x8037b80,0x8037c80,0x20024364,1.1033726001693037e-19
0x8037c24,0x8037c84,0x2002438c,1.1033777700481322e-19
0x8037c2e,0x8037c88,0x20024390,1.103378287036015e-19
0x8037e32,0x8037ed8,0x20024364,1.1033726001693037e-19
0x8037f7c,0x8037f84,0x200243b0,1.1033824229390778e-19
0x8037f88,0x8037f90,0x200243b0,1.1033824229390778e-19
0x8037f96,0x8037fb4,0x200243c4,1.103385007878492e-19
0x8038074,0x8038244,0x08046fe0,3.985381353348498e-34
0x80381ae,0x8038248,0x08047028,3.985414414127115e-34
0x80383fc,0x80386e8,0x08047028,3.985414414127115e-34
0x80384b2,0x80386ec,0xfffffc02,nan
0x8038580,0x80386d8,0x00000000,0.0
0x8038584,0x80386f0,0x3ff00000,1.875
0x8038590,0x80386f4,0x7ff00000,nan
0x8038592,0x80386f8,0x7fe00000,nan
0x8038622,0x80386f4,0x7ff00000,nan
0x8038658,0x80386fc,0x3fe00000,1.75
0x8038718,0x8038998,0x7ff00000,nan
0x8038740,0x803899c,0xfffffbe2,nan
0x8038788,0x80389a0,0x3ff00000,1.875
0x803879a,0x80389a4,0x3fe00000,1.75
0x80387fe,0x80389a8,0x7c9fffff,6.646139345099279e+36
0x803880c,0x80389ac,0x7fefffff,nan
0x803881a,0x80389ac,0x7fefffff,nan
0x80388b6,0x8038988,0x00000000,0.0
0x80388ba,0x80389b0,0xbff00000,-1.875
0x80388d8,0x8038998,0x7ff00000,nan
0x8038908,0x80389b4,0x08047028,3.985414414127115e-34
0x80389d4,0x8038cb8,0x08047028,3.985414414127115e-34
0x8038a00,0x8038cbc,0x08046e40,3.98519033551649e-34
0x8038b14,0x8038cc4,0x08046e14,3.985170131707335e-34
0x8038bce,0x8038cb0,0x00000000,0.0
0x8038bdc,0x8038cc8,0x08047000,3.9853960470278836e-34
0x8038c16,0x8038cc0,0x7ff00000,nan
0x8038c18,0x8038ccc,0x7ca00000,6.646139978924579e+36
0x8038c42,0x8038cd0,0x7c900000,5.981525981032121e+36
0x8038c4a,0x8038cd4,0x7fefffff,nan
0x8038c5c,0x8038cc0,0x7ff00000,nan
0x8038d08,0x8038fb8,0x08047028,3.985414414127115e-34
0x8038d28,0x8038fa8,0x00000000,0.0
0x8038d30,0x8038fb0,0x00000000,0.0
0x8038d3a,0x8038fb8,0x08047028,3.985414414127115e-34
0x8038d6e,0x8038fbc,0x000fffff,1.469366537229395e-39
0x8038db8,0x8038fc0,0x39500000,0.0001983642578125
0x8038e10,0x8038fc4,0x7ff00000,nan
0x8038ef4,0x8038fc4,0x7ff00000,nan
0x8038f12,0x8038fcc,0x7fefffff,nan
0x8038f18,0x8038fc4,0x7ff00000,nan
0x8038f5a,0x8038fc4,0x7ff00000,nan
0x8038ff6,0x8039008,0x20000a50,1.0845433844881826e-19
0x8038ff8,0x803900c,0x20000e84,1.084682454228668e-19
0x803bb36,0x803bbc8,0x20000640,1.0844089676386427e-19
0x803bb88,0x803bbcc,0x20024364,1.1033726001693037e-19
0x803bbb4,0x803bbd0,0x20000a48,1.0845423505124169e-19
0x803bbb6,0x803bbcc,0x20024364,1.1033726001693037e-19
0x803bbe6,0x803bdb4,0x20000640,1.0844089676386427e-19
0x803bd16,0x803bdb8,0x20000a4c,1.0845428675002997e-19
0x803bd26,0x803bdbc,0x20024394,1.1033788040238978e-19
0x803be64,0x803c150,0x08046fe0,3.985381353348498e-34
0x803bea6,0x803c154,0x08046edc,3.985261967203493e-34
0x803c730,0x803c7c0,0x38e38e39,0.00010850694525288418
0x803ca16,0x803ca44,0x08047118,3.985524616722505e-34
0x803cc2c,0x803cc78,0x7ff00000,nan
0x803e2ec,0x803e300,0x2002439c,1.1033798379996635e-19
0x803e2ee,0x803e304,0x200243c8,1.1033855248663748e-19
