caller,callee,kind
0x080202d8,0x08021574,direct_call
0x080202d8,0x080214e0,direct_call
0x08020324,0x080214bc,direct_call
0x08020324,0x08023c9c,direct_call
0x08020324,0x080202d8,direct_call
0x08020324,0x08035a2c,direct_call
0x080203a8,0x0802039c,direct_call
0x080203a8,0x0802039c,direct_call
0x080203ec,0x08032668,direct_call
0x08020400,0x08032664,direct_call
0x08020400,0x080213b0,direct_call
0x08020400,0x080203fc,direct_call
0x08020400,0x080213bc,direct_call
0x08020400,0x080213b8,direct_call
0x08020400,0x080203f8,direct_call
0x08020400,0x080213c0,direct_call
0x0802067c,0x08032664,direct_call
0x0802067c,0x08032664,direct_call
0x0802067c,0x080203fc,direct_call
0x080206e8,0x080203fc,direct_call
0x08020b6c,0x08020b78,tail_or_function_boundary
0x08020b78,0x0802039c,direct_call
0x08020b78,0x0802039c,direct_call
0x08020c1c,0x08020b6c,direct_call
0x08020c1c,0x08021cb0,direct_call
0x08020d3c,0x0802039c,direct_call
0x08020d3c,0x0802039c,direct_call
0x08020db4,0x08024020,direct_call
0x08020db4,0x080203cc,direct_call
0x08020db4,0x080203cc,direct_call
0x08020db4,0x080203cc,direct_call
0x08020db4,0x08025324,direct_call
0x08020db4,0x080203cc,direct_call
0x08020f28,0x080203cc,direct_call
0x08020f28,0x08020db4,direct_call
0x08020f28,0x0802c32c,direct_call
0x08021148,0x08020d3c,direct_call
0x080211f0,0x08020b6c,direct_call
0x080211f0,0x08020d3c,direct_call
0x08021358,0x080211f0,direct_call
0x0802180c,0x0802039c,direct_call
0x0802180c,0x0802163c,direct_call
0x0802180c,0x0802173c,direct_call
0x0802180c,0x0802163c,direct_call
0x0802180c,0x0802039c,direct_call
0x08022c98,0x0802039c,direct_call
0x08022c98,0x0802039c,direct_call
0x08022c98,0x0802039c,direct_call
0x08022d44,0x08022c98,direct_call
0x08022d44,0x08022c98,direct_call
0x08022d44,0x08022c98,direct_call
0x08022e94,0x0802039c,direct_call
0x08022e94,0x0802039c,direct_call
0x08022ffc,0x08022e94,direct_call
0x08022ffc,0x08022e94,direct_call
0x08022ffc,0x08022f78,direct_call
0x08022ffc,0x08022e94,direct_call
0x08022ffc,0x08022e94,direct_call
0x08022ffc,0x08022e94,direct_call
0x08022ffc,0x08022e94,direct_call
0x08022ffc,0x08022e94,direct_call
0x08023414,0x08032688,direct_call
0x08023430,0x08023434,tail_or_function_boundary
0x08023434,0x08033010,direct_call
0x080235b0,0x0802039c,direct_call
0x080235b0,0x0802039c,direct_call
0x080236dc,0x0802039c,direct_call
0x080236dc,0x080203cc,direct_call
0x080236dc,0x0802039c,direct_call
0x080236dc,0x0802039c,direct_call
0x080236dc,0x0802039c,direct_call
0x080236dc,0x0802039c,direct_call
0x080236dc,0x0802039c,direct_call
0x080236dc,0x0802039c,direct_call
0x080236dc,0x0802039c,direct_call
0x080236dc,0x0802039c,direct_call
0x080236dc,0x0802039c,direct_call
0x080236dc,0x0802039c,direct_call
0x080236dc,0x0802039c,direct_call
0x080236dc,0x0802039c,direct_call
0x080236dc,0x0802039c,direct_call
0x080236dc,0x0802039c,direct_call
0x080236dc,0x0802039c,direct_call
0x080236dc,0x0802039c,direct_call
0x080236dc,0x0802039c,direct_call
0x080236dc,0x0802039c,direct_call
0x080236dc,0x0802039c,direct_call
0x080236dc,0x0802039c,direct_call
0x080236dc,0x0802039c,direct_call
0x080236dc,0x080203cc,direct_call
0x080236dc,0x0802039c,direct_call
0x080236dc,0x0802039c,direct_call
0x080236dc,0x0802039c,direct_call
0x080236dc,0x080203cc,direct_call
0x080236dc,0x0802039c,direct_call
0x080236dc,0x080203cc,direct_call
0x080236dc,0x0802039c,direct_call
0x080236dc,0x0802039c,direct_call
0x080236dc,0x0802039c,direct_call
0x080236dc,0x0802039c,direct_call
0x080236dc,0x0802039c,direct_call
0x080236dc,0x0802039c,direct_call
0x08023db8,0x08023dc0,tail_or_function_boundary
0x08023dc0,0x08023c9c,direct_call
0x08023dc0,0x080202d8,tail_or_function_boundary
0x08023dc0,0x0802039c,direct_call
0x08023dc0,0x0802039c,direct_call
0x08024020,0x080235f8,direct_call
0x080240a0,0x0802039c,direct_call
0x080240a0,0x0802039c,direct_call
0x080240a0,0x0802039c,direct_call
0x080240a0,0x0802039c,direct_call
0x08024184,0x0802039c,direct_call
0x08024184,0x0802039c,direct_call
0x08024184,0x0802039c,direct_call
0x08024184,0x0802039c,direct_call
0x08024268,0x080240a0,direct_call
0x08024268,0x080240a0,direct_call
0x08024268,0x080240a0,direct_call
0x08024268,0x080240a0,direct_call
0x08024268,0x080240a0,direct_call
0x08024268,0x080240a0,direct_call
0x08024268,0x080240a0,direct_call
0x08024268,0x080240a0,direct_call
0x08024268,0x080240a0,direct_call
0x08024268,0x080240a0,direct_call
0x08024268,0x080240a0,direct_call
0x08024268,0x08024184,direct_call
0x08024268,0x08024184,direct_call
0x08024268,0x080240a0,direct_call
0x08024268,0x08024184,direct_call
0x08024268,0x08024184,direct_call
0x08024268,0x08024184,direct_call
0x08024268,0x08024184,direct_call
0x08024268,0x08024184,direct_call
0x08024268,0x08024184,direct_call
0x08024268,0x08024184,direct_call
0x08024268,0x080240a0,direct_call
0x08024268,0x08024184,direct_call
0x08024268,0x080240a0,direct_call
0x08024268,0x08024184,direct_call
0x08024268,0x080240a0,direct_call
0x08024268,0x0802039c,direct_call
0x08024268,0x0802039c,direct_call
0x08024268,0x0802039c,direct_call
0x08024268,0x0802039c,direct_call
0x08024268,0x080240a0,direct_call
0x08024268,0x080240a0,direct_call
0x08024268,0x08024184,direct_call
0x08024268,0x08024184,direct_call
0x08024268,0x08024184,direct_call
0x08024268,0x080240a0,direct_call
0x08024268,0x08024184,direct_call
0x08024268,0x08024184,direct_call
0x08024268,0x08024184,direct_call
0x08024268,0x08024184,direct_call
0x08024268,0x080240a0,direct_call
0x08024268,0x08024184,direct_call
0x08025324,0x08025328,tail_or_function_boundary
0x08025328,0x08024f88,direct_call
0x08025328,0x080251f0,direct_call
0x08025328,0x080250bc,direct_call
0x08025328,0x08024020,direct_call
0x08025328,0x08024f88,direct_call
0x08025328,0x08024f88,direct_call
0x08025328,0x080250bc,direct_call
0x08025328,0x080250bc,direct_call
0x08025620,0x08025624,tail_or_function_boundary
0x08025624,0x0802039c,direct_call
0x08025624,0x0802039c,direct_call
0x08025624,0x08035128,direct_call
0x08025a5c,0x080203cc,direct_call
0x08025a5c,0x080203cc,direct_call
0x08025a5c,0x08025324,direct_call
0x08025a5c,0x08025324,direct_call
0x08025a5c,0x08025324,direct_call
0x08025a5c,0x08025324,direct_call
0x08025a5c,0x08025324,direct_call
0x08025a5c,0x0803528c,direct_call
0x08025bbc,0x0802039c,direct_call
0x08025bbc,0x08021cb0,direct_call
0x08025bbc,0x0802039c,direct_call
0x08025ce4,0x08025ce8,tail_or_function_boundary
0x08025ce8,0x08021cb0,direct_call
0x08025dc4,0x08032670,direct_call
0x08025e20,0x08032674,direct_call
0x08025e2c,0x08032678,direct_call
0x08025e88,0x08032680,direct_call
0x08025e94,0x08022bc0,direct_call
0x08025e94,0x0803266c,direct_call
0x08025f04,0x0802039c,direct_call
0x08025f04,0x080284fc,direct_call
0x08025f04,0x08028fec,direct_call
0x08025f04,0x080284d0,direct_call
0x08025f04,0x08029314,direct_call
0x08025f04,0x0802849c,direct_call
0x08025f04,0x0802849c,direct_call
0x08025f04,0x0802039c,direct_call
0x08025fe8,0x0802039c,direct_call
0x08025fe8,0x080284d0,direct_call
0x08025fe8,0x080287ac,direct_call
0x08025fe8,0x0802849c,direct_call
0x08025fe8,0x0802039c,direct_call
0x08025fe8,0x08028bb4,direct_call
0x08025fe8,0x08028654,direct_call
0x080261bc,0x0802039c,direct_call
0x080261bc,0x080284d0,direct_call
0x080261bc,0x08028a5c,direct_call
0x080261bc,0x080284a4,direct_call
0x080261bc,0x0802039c,direct_call
0x080261bc,0x08028bb4,direct_call
0x080261bc,0x08028904,direct_call
0x08026550,0x08025324,direct_call
0x08026550,0x08028464,direct_call
0x08026550,0x080284b0,direct_call
0x08026550,0x080203a8,direct_call
0x08026550,0x08028f14,direct_call
0x08026550,0x08028f6c,direct_call
0x08026550,0x08028fec,direct_call
0x08026550,0x08028fec,direct_call
0x08026550,0x08029144,direct_call
0x08026550,0x080284c8,direct_call
0x08026550,0x080284c0,direct_call
0x08026550,0x080284c8,direct_call
0x08026550,0x08026388,direct_call
0x08026550,0x08028dbc,direct_call
0x08026550,0x080284fc,direct_call
0x08026550,0x08029460,direct_call
0x08026550,0x080284c8,direct_call
0x08026550,0x080284c8,direct_call
0x08026550,0x080284c8,direct_call
0x08026550,0x080284c8,direct_call
0x08026550,0x0802955c,direct_call
0x08026550,0x080294dc,direct_call
0x08026550,0x080284c8,direct_call
0x08026550,0x080284c8,direct_call
0x08026550,0x080284c8,direct_call
0x08026550,0x080284c8,direct_call
0x08026550,0x08028f14,direct_call
0x08026790,0x0802039c,direct_call
0x08026790,0x080284c8,direct_call
0x08026790,0x080284fc,direct_call
0x08026790,0x080284fc,direct_call
0x08026790,0x08028fec,direct_call
0x08026790,0x080284d0,direct_call
0x08026790,0x08029774,direct_call
0x08026790,0x0802849c,direct_call
0x08026790,0x0802039c,direct_call
0x08026790,0x0802849c,direct_call
0x08026790,0x0802039c,direct_call
0x08026948,0x08025324,direct_call
0x08026948,0x08028464,direct_call
0x08026948,0x080284fc,direct_call
0x08026948,0x080284c8,direct_call
0x08026948,0x08025f04,direct_call
0x08026948,0x08028fec,direct_call
0x08026948,0x080291bc,direct_call
0x08026948,0x080284c8,direct_call
0x08026948,0x08025f04,direct_call
0x08026948,0x08028fec,direct_call
0x08026948,0x080291bc,direct_call
0x08026ad4,0x08026550,direct_call
0x08026ad4,0x08026790,direct_call
0x08026ad4,0x08026948,direct_call
0x08026ad4,0x0802039c,direct_call
0x08026ad4,0x0802961c,direct_call
0x08026ad4,0x080284c8,direct_call
0x08026ad4,0x0802039c,direct_call
0x08026ad4,0x080357cc,direct_call
0x08026b98,0x0802961c,direct_call
0x08026b98,0x080284c8,direct_call
0x08026bc0,0x0802831c,direct_call
0x08026bc0,0x08028388,direct_call
0x08026bc0,0x08032c30,direct_call
0x08026c14,0x08028418,direct_call
0x08026c54,0x08028448,direct_call
0x08026d4c,0x08026d54,tail_or_function_boundary
0x08026d54,0x080358f4,direct_call
0x08026ea8,0x0802039c,direct_call
0x08026ea8,0x0802039c,direct_call
0x08026ea8,0x08026c84,direct_call
0x08026ea8,0x0802039c,direct_call
0x08026ea8,0x0802039c,direct_call
0x08026ea8,0x08026c84,direct_call
0x08026ea8,0x0802039c,direct_call
0x08026ea8,0x0802039c,direct_call
0x08027138,0x0802039c,direct_call
0x08027138,0x0802039c,direct_call
0x08027138,0x08026c84,direct_call
0x08027138,0x08026c84,direct_call
0x08027138,0x0802039c,direct_call
0x08027138,0x0802039c,direct_call
0x08027138,0x0802039c,direct_call
0x08027138,0x0802039c,direct_call
0x08027138,0x0802039c,direct_call
0x0802755c,0x08027554,direct_call
0x0802755c,0x08026c84,direct_call
0x0802755c,0x0802754c,direct_call
0x0802755c,0x08027550,direct_call
0x0802755c,0x08027558,direct_call
0x0802755c,0x08022164,direct_call
0x0802755c,0x08022164,direct_call
0x080277b4,0x08027558,direct_call
0x080278c4,0x0803600c,direct_call
0x08027a90,0x08035f8c,direct_call
0x08027f60,0x08027848,direct_call
0x08027f60,0x08027edc,direct_call
0x08027f60,0x080277d0,direct_call
0x08029948,0x0802994c,tail_or_function_boundary
0x080299ec,0x080299ec,direct_call
0x08029c7c,0x080298f8,direct_call
0x08029d00,0x08029930,direct_call
0x08029d00,0x08036482,direct_call
0x08029d00,0x08029914,direct_call
0x08029d00,0x08029914,direct_call
0x08029d00,0x08029914,direct_call
0x08029dbc,0x080298f8,direct_call
0x08029dbc,0x08029914,direct_call
0x08029dbc,0x08029914,direct_call
0x08029e38,0x080298c0,direct_call
0x08029e38,0x080298d4,direct_call
0x08029e38,0x08029c7c,direct_call
0x08029e38,0x08029dbc,direct_call
0x08029e38,0x08029c7c,direct_call
0x08029e38,0x08029c7c,direct_call
0x08029e38,0x08029c7c,direct_call
0x08029e38,0x08029c7c,direct_call
0x08029e38,0x08029c7c,direct_call
0x0802a10c,0x08029dbc,direct_call
0x0802a10c,0x08029dbc,direct_call
0x0802a10c,0x08029dbc,direct_call
0x0802a10c,0x08029dbc,direct_call
0x0802a10c,0x08029dbc,direct_call
0x0802a20c,0x0802a210,tail_or_function_boundary
0x0802a210,0x08029dbc,direct_call
0x0802a210,0x08029dbc,direct_call
0x0802a210,0x08029dbc,direct_call
0x0802a210,0x08029dbc,direct_call
0x0802a2b8,0x080298f8,direct_call
0x0802a2b8,0x0802a20c,direct_call
0x0802a2b8,0x08029914,direct_call
0x0802a2b8,0x08029914,direct_call
0x0802a40c,0x08029dbc,direct_call
0x0802a40c,0x08029dbc,direct_call
0x0802a40c,0x0802a10c,direct_call
0x0802a40c,0x0802a10c,direct_call
0x0802a40c,0x08029dbc,direct_call
0x0802a40c,0x08029dbc,direct_call
0x0802a40c,0x0802a20c,direct_call
0x0802a5ac,0x08029dbc,direct_call
0x0802a5ac,0x08029dbc,direct_call
0x0802a5ac,0x08029dbc,direct_call
0x0802a5ac,0x08029dbc,direct_call
0x0802a6bc,0x0802a5ac,direct_call
0x0802a6bc,0x080298f8,direct_call
0x0802a6bc,0x0802a20c,direct_call
0x0802a6bc,0x08029914,direct_call
0x0802a6bc,0x08029914,direct_call
0x0802a6bc,0x0802a5ac,tail_or_function_boundary
0x0802a9e8,0x08029dbc,direct_call
0x0802a9e8,0x08029dbc,direct_call
0x0802a9e8,0x08029dbc,direct_call
0x0802a9e8,0x08029dbc,direct_call
0x0802a9e8,0x08029dbc,direct_call
0x0802a9e8,0x08029dbc,direct_call
0x0802a9e8,0x08029dbc,direct_call
0x0802a9e8,0x08029dbc,direct_call
0x0802a9e8,0x08029dbc,direct_call
0x0802a9e8,0x0802a10c,direct_call
0x0802ac0c,0x0802a5ac,direct_call
0x0802ac0c,0x080298f8,direct_call
0x0802ac0c,0x08029dbc,direct_call
0x0802ac0c,0x08036482,direct_call
0x0802ac0c,0x0802a20c,direct_call
0x0802ac0c,0x0802a40c,direct_call
0x0802ac0c,0x08036482,direct_call
0x0802ac0c,0x08029914,direct_call
0x0802ac0c,0x08029914,direct_call
0x0802ac0c,0x08029914,direct_call
0x0802ac0c,0x08029914,direct_call
0x0802ac0c,0x08029914,direct_call
0x0802ac0c,0x08029914,direct_call
0x0802aedc,0x08029e38,direct_call
0x0802af74,0x08029e38,direct_call
0x0802af74,0x0802a6bc,direct_call
0x0802af74,0x08032b9c,direct_call
0x0802af74,0x08029948,direct_call
0x0802af74,0x08036482,direct_call
0x0802af74,0x0802a20c,direct_call
0x0802af74,0x080298f8,direct_call
0x0802af74,0x0802a9e8,direct_call
0x0802af74,0x08029dbc,direct_call
0x0802af74,0x0802ac0c,direct_call
0x0802af74,0x0802ac0c,direct_call
0x0802b264,0x080298c0,direct_call
0x0802b264,0x080298f8,direct_call
0x0802b264,0x080298f8,direct_call
0x0802b264,0x08029914,direct_call
0x0802b264,0x0802a20c,direct_call
0x0802b4cc,0x080298c0,direct_call
0x0802b4cc,0x08029914,direct_call
0x0802b4cc,0x080298f8,direct_call
0x0802b4cc,0x08029914,direct_call
0x0802b4cc,0x0802a40c,direct_call
0x0802b4cc,0x0802a40c,direct_call
0x0802b794,0x0802b798,tail_or_function_boundary
0x0802b798,0x080298c0,direct_call
0x0802b798,0x08032b9c,direct_call
0x0802b798,0x08029dbc,direct_call
0x0802b798,0x08029d00,direct_call
0x0802b798,0x08029914,direct_call
0x0802b840,0x080298c0,direct_call
0x0802b840,0x08032b9c,direct_call
0x0802b840,0x08029dbc,direct_call
0x0802b840,0x08029d00,direct_call
0x0802b840,0x080298c0,direct_call
0x0802b840,0x08029914,direct_call
0x0802b944,0x080298c0,direct_call
0x0802b944,0x080298f8,direct_call
0x0802b944,0x08029914,direct_call
0x0802b944,0x08029dbc,direct_call
0x0802b944,0x08029dbc,direct_call
0x0802b944,0x08029dbc,direct_call
0x0802b944,0x08029dbc,direct_call
0x0802b944,0x0802a20c,direct_call
0x0802b944,0x080298f8,direct_call
0x0802b944,0x08029914,direct_call
0x0802b944,0x0802a40c,direct_call
0x0802b944,0x0802a40c,direct_call
0x0802bcf8,0x080298c0,direct_call
0x0802bd64,0x080298c0,direct_call
0x0802bd64,0x0802a2b8,direct_call
0x0802bd64,0x08029ad4,direct_call
0x0802bd64,0x080299ec,direct_call
0x0802bd64,0x0802a20c,direct_call
0x0802bd64,0x0802a5ac,tail_or_function_boundary
0x0802bef8,0x08029e38,direct_call
0x0802bef8,0x0802a6bc,direct_call
0x0802bef8,0x0802a5ac,direct_call
0x0802bef8,0x0802bd64,tail_or_function_boundary
0x0802bef8,0x08029948,direct_call
0x0802bf88,0x080298c0,direct_call
0x0802bf88,0x0802a9e8,direct_call
0x0802bf88,0x08029914,direct_call
0x0802bf88,0x0802a20c,direct_call
0x0802bf88,0x0802a9e8,direct_call
0x0802c0a8,0x08020f28,direct_call
0x0802c0a8,0x080213c4,direct_call
0x0802c0a8,0x08020704,direct_call
0x0802c0a8,0x08020704,direct_call
0x0802c0a8,0x08020704,direct_call
0x0802c0a8,0x08020704,direct_call
0x0802c0a8,0x08021358,direct_call
0x0802c0a8,0x08021148,direct_call
0x0802c0a8,0x08035100,direct_call
0x0802c0a8,0x08035100,direct_call
0x0802c0a8,0x08035100,direct_call
0x0802c0a8,0x08035100,direct_call
0x0802c0a8,0x08035100,direct_call
0x0802c0a8,0x08035100,direct_call
0x0802c1e0,0x08020f28,direct_call
0x0802c1e0,0x08020704,direct_call
0x0802c1e0,0x08020704,direct_call
0x0802c1e0,0x08020704,direct_call
0x0802c1e0,0x08020704,direct_call
0x0802c1e0,0x08020704,direct_call
0x0802c1e0,0x08020704,direct_call
0x0802c1e0,0x08021358,direct_call
0x0802c1e0,0x08021148,direct_call
0x0802c1e0,0x08035100,direct_call
0x0802c1e0,0x08035100,direct_call
0x0802c1e0,0x08035100,direct_call
0x0802c1e0,0x08035100,direct_call
0x0802c1e0,0x08035100,direct_call
0x0802c1e0,0x08035100,direct_call
0x0802c1e0,0x08035100,direct_call
0x0802c32c,0x08023198,direct_call
0x0802c32c,0x08023198,direct_call
0x0802c32c,0x0802180c,direct_call
0x0802c32c,0x080214e0,direct_call
0x0802c32c,0x08021558,direct_call
0x0802c32c,0x08035100,direct_call
0x0802c32c,0x08023198,direct_call
0x0802c4e0,0x08036482,direct_call
0x0802c4e0,0x08036482,direct_call
0x0802c4e0,0x08036482,direct_call
0x0802c4e0,0x08036482,direct_call
0x0802c4e0,0x08036482,direct_call
0x0802c4e0,0x08036482,direct_call
0x0802c4e0,0x08036482,direct_call
0x0802c4e0,0x08036482,direct_call
0x0802c4e0,0x08036482,direct_call
0x0802c4e0,0x08036482,direct_call
0x0802c4e0,0x08036482,direct_call
0x0802c4e0,0x080327a8,direct_call
0x0802c4e0,0x08025bbc,direct_call
0x0802c4e0,0x08025bbc,direct_call
0x0802c4e0,0x08025bbc,direct_call
0x0802c4e0,0x08025bbc,direct_call
0x0802c4e0,0x08025ce4,direct_call
0x0802d248,0x08022e0c,direct_call
0x0802d248,0x08022ffc,direct_call
0x0802d248,0x08022e58,direct_call
0x0802d280,0x0802d284,tail_or_function_boundary
0x0802d284,0x08022e0c,direct_call
0x0802d284,0x08022d44,direct_call
0x0802d284,0x08022e58,tail_or_function_boundary
0x0802d330,0x08022e0c,direct_call
0x0802d330,0x08022ffc,direct_call
0x0802d330,0x08022d44,direct_call
0x0802d330,0x08022d44,direct_call
0x0802d330,0x08022d44,direct_call
0x0802d330,0x08022d44,direct_call
0x0802d330,0x08022d44,direct_call
0x0802d330,0x08022d44,direct_call
0x0802d330,0x08022d44,direct_call
0x0802d330,0x08022d44,direct_call
0x0802d330,0x08022d44,direct_call
0x0802d330,0x08022d44,direct_call
0x0802d330,0x08022d44,direct_call
0x0802d330,0x08022d44,direct_call
0x0802d330,0x08022d44,direct_call
0x0802d330,0x08022e58,direct_call
0x0802d464,0x0802340c,direct_call
0x0802d464,0x0802340c,direct_call
0x0802d464,0x0802340c,tail_or_function_boundary
0x0802d464,0x0802340c,tail_or_function_boundary
0x0802d464,0x0802340c,direct_call
0x0802d464,0x0802340c,tail_or_function_boundary
0x0802d464,0x0802340c,direct_call
0x0802d464,0x0802340c,direct_call
0x0802d464,0x0802340c,direct_call
0x0802d464,0x0802340c,direct_call
0x0802d464,0x0802340c,direct_call
0x0802d464,0x0802340c,direct_call
0x0802d464,0x0802340c,direct_call
0x0802d464,0x0802340c,direct_call
0x0802d900,0x08023400,direct_call
0x0802d900,0x08023400,direct_call
0x0802d900,0x08023400,direct_call
0x0802d900,0x08023400,direct_call
0x0802d900,0x08023400,direct_call
0x0802d900,0x0802d330,direct_call
0x0802d900,0x0802340c,direct_call
0x0802d900,0x0802340c,direct_call
0x0802d900,0x0802340c,direct_call
0x0802d900,0x0802340c,direct_call
0x0802d900,0x0802340c,direct_call
0x0802d900,0x0802d330,direct_call
0x0802d900,0x0802340c,direct_call
0x0802d900,0x0802340c,direct_call
0x0802d900,0x0802340c,direct_call
0x0802d900,0x0802340c,direct_call
0x0802d900,0x0802340c,direct_call
0x0802d900,0x0802340c,direct_call
0x0802d900,0x0802340c,direct_call
0x0802d900,0x0802340c,direct_call
0x0802d900,0x0802340c,direct_call
0x0802d900,0x0802340c,direct_call
0x0802d900,0x080333fc,direct_call
0x0802d900,0x08033af8,direct_call
0x0802d900,0x080333c4,direct_call
0x0802d900,0x08033af8,direct_call
0x0802d900,0x0802340c,direct_call
0x0802d900,0x0802340c,direct_call
0x0802d900,0x0802340c,direct_call
0x0802d900,0x0802340c,direct_call
0x0802d900,0x0802340c,direct_call
0x0802d900,0x0802340c,direct_call
0x0802d900,0x0802340c,direct_call
0x0802d900,0x0802340c,direct_call
0x0802d900,0x0802340c,direct_call
0x0802d900,0x0802340c,direct_call
0x0802e750,0x0802d900,direct_call
0x0802e750,0x0802d464,direct_call
0x0802e750,0x0802d280,direct_call
0x0802e750,0x0802340c,direct_call
0x0802e750,0x0802340c,direct_call
0x0802e750,0x0802340c,direct_call
0x0802e750,0x0802340c,direct_call
0x0802e750,0x0802340c,direct_call
0x0802e750,0x0802340c,direct_call
0x0802e750,0x0802340c,direct_call
0x0802e750,0x0802340c,direct_call
0x0802e750,0x0802340c,direct_call
0x0802e750,0x0802340c,direct_call
0x0802e750,0x0802340c,direct_call
0x0802e750,0x0802340c,direct_call
0x0802e750,0x0802340c,direct_call
0x0802e750,0x0802340c,direct_call
0x0802e750,0x0802340c,direct_call
0x0802e750,0x0802340c,direct_call
0x0802e750,0x0802cfac,direct_call
0x0802e750,0x0802cd0c,direct_call
0x0802e750,0x0802d0f8,direct_call
0x0802e750,0x0802ce5c,direct_call
0x0802e750,0x08026ea8,direct_call
0x0802e750,0x08026ea8,direct_call
0x0802e750,0x08027138,direct_call
0x0802e750,0x0802d280,direct_call
0x0802e750,0x08033af8,direct_call
0x0802e750,0x08026ea8,direct_call
0x0802e750,0x08026ea8,direct_call
0x0802e750,0x08027138,direct_call
0x0802e750,0x0802d280,direct_call
0x0802e750,0x08033af8,direct_call
0x0802e750,0x08026ea8,direct_call
0x0802e750,0x08026ea8,direct_call
0x0802e750,0x08027138,direct_call
0x08032678,0x0802e750,tail_or_function_boundary
0x08032680,0x0802e750,tail_or_function_boundary
0x080326b8,0x080326c0,tail_or_function_boundary
0x080326c0,0x080214e0,direct_call
0x080326c0,0x08021558,tail_or_function_boundary
0x080326f0,0x08025fe8,direct_call
0x08032714,0x080261bc,direct_call
0x08032738,0x08026b98,direct_call
0x08032758,0x08032ba0,direct_call
0x08032778,0x08032758,direct_call
0x08032778,0x08026ad4,direct_call
0x08032778,0x08026948,direct_call
0x080327a8,0x0802340c,direct_call
0x080327a8,0x08026ea8,direct_call
0x080327a8,0x08026ea8,direct_call
0x080327a8,0x08027138,direct_call
0x080327a8,0x08026ea8,direct_call
0x080327a8,0x08026ea8,direct_call
0x080327a8,0x08027138,direct_call
0x080327a8,0x08026ea8,direct_call
0x080327a8,0x08026ea8,direct_call
0x080327a8,0x08027138,direct_call
0x080327a8,0x08026ea8,direct_call
0x080327a8,0x08026ea8,direct_call
0x080327a8,0x08027138,direct_call
0x080327a8,0x08026ea8,direct_call
0x080327a8,0x08027138,direct_call
0x080327a8,0x08026ea8,direct_call
0x080327a8,0x08026ea8,direct_call
0x080327a8,0x08027138,direct_call
0x080327a8,0x08026ea8,direct_call
0x080327a8,0x08026ea8,direct_call
0x080327a8,0x08027138,direct_call
0x080327a8,0x080203a8,direct_call
0x080327a8,0x08026ea8,direct_call
0x080327a8,0x08026ea8,direct_call
0x080327a8,0x08027138,direct_call
0x080327a8,0x08026ea8,direct_call
0x080327a8,0x08026ea8,direct_call
0x080327a8,0x08027138,direct_call
0x080327a8,0x08026ea8,direct_call
0x080327a8,0x08026ea8,direct_call
0x080327a8,0x08027138,direct_call
0x080327a8,0x080203a8,direct_call
0x08032ac8,0x08032ad0,tail_or_function_boundary
0x08032ad0,0x080214e0,direct_call
0x08032ad0,0x08021558,direct_call
0x08032ad0,0x080214e0,direct_call
0x08032ad0,0x08021558,direct_call
0x08032ad0,0x080214e0,direct_call
0x08032ad0,0x08021558,direct_call
0x08032ad0,0x080214e0,direct_call
0x08032ad0,0x08021558,direct_call
0x08032ad0,0x080214e0,direct_call
0x08032ad0,0x08021558,direct_call
0x08032ad0,0x080214e0,direct_call
0x08032ad0,0x08021558,direct_call
0x08032ad0,0x080214e0,direct_call
0x08032ad0,0x08021558,direct_call
0x08032ad0,0x080214e0,direct_call
0x08032ad0,0x08021558,direct_call
0x08032ad0,0x080214e0,direct_call
0x08032ad0,0x08021558,tail_or_function_boundary
0x08032b80,0x0802c060,direct_call
0x08032ba0,0x08023400,direct_call
0x08032bb8,0x08032bc0,tail_or_function_boundary
0x08032bc0,0x08026bc0,direct_call
0x08032bc0,0x080203d8,direct_call
0x08032bc0,0x08035100,direct_call
0x08032bc0,0x080203d8,direct_call
0x08032c30,0x08032c34,tail_or_function_boundary
0x08032c34,0x08036482,direct_call
0x08032c34,0x08024268,direct_call
0x08032c34,0x08023198,direct_call
0x08032c34,0x08023198,direct_call
0x08032c34,0x08023198,direct_call
0x08032c34,0x08023198,direct_call
0x08032c34,0x08023198,direct_call
0x08032c34,0x08035100,direct_call
0x08032d24,0x0802340c,direct_call
0x08032d24,0x0802340c,direct_call
0x08032d24,0x0802340c,direct_call
0x08032d24,0x0802340c,direct_call
0x08032d24,0x08023198,direct_call
0x08032d24,0x08023198,direct_call
0x08032d24,0x08023198,direct_call
0x08032d24,0x08023198,direct_call
0x08032d24,0x08023198,direct_call
0x08032d24,0x08023198,direct_call
0x08032d24,0x08023198,direct_call
0x08032d24,0x08023198,direct_call
0x08032d24,0x08023198,direct_call
0x08032d24,0x08023198,direct_call
0x08032d24,0x08023198,direct_call
0x08032d24,0x08023198,direct_call
0x08032d24,0x08023198,direct_call
0x08032d24,0x08023198,direct_call
0x08032d24,0x08023198,direct_call
0x08032d24,0x08023198,direct_call
0x08032d24,0x08023198,direct_call
0x08032d24,0x08023198,direct_call
0x08032d24,0x080214e0,direct_call
0x08032d24,0x08021558,direct_call
0x08032fd8,0x08023430,direct_call
0x08032fd8,0x08035100,tail_or_function_boundary
0x08033010,0x08023198,direct_call
0x08033094,0x0802b264,direct_call
0x08033094,0x0802b944,direct_call
0x08033094,0x0802b264,direct_call
0x08033094,0x0802b264,direct_call
0x08033094,0x0802b944,direct_call
0x08033094,0x0802b264,direct_call
0x08033094,0x0802b944,direct_call
0x08033094,0x0802b264,direct_call
0x080332e4,0x080364e0,direct_call
0x080332e4,0x08022e88,direct_call
0x080332e4,0x0802d248,direct_call
0x080332e4,0x0802d280,tail_or_function_boundary
0x080333c4,0x080364e0,direct_call
0x080333fc,0x080364e0,direct_call
0x08033434,0x0802b264,direct_call
0x080336f0,0x0802b944,direct_call
0x080336f0,0x0802b4cc,direct_call
0x080336f0,0x0802b944,direct_call
0x080336f0,0x0802b4cc,direct_call
0x080336f0,0x0802b944,direct_call
0x080336f0,0x0802b4cc,direct_call
0x080337cc,0x0802b944,direct_call
0x080337cc,0x0802b264,direct_call
0x080337cc,0x0802b944,direct_call
0x080337cc,0x0802b944,direct_call
0x080337cc,0x0802b4cc,direct_call
0x080337cc,0x0802b944,direct_call
0x080337cc,0x0802b264,direct_call
0x080337cc,0x0802b944,direct_call
0x080337cc,0x0802bf88,direct_call
0x080337cc,0x0802b794,direct_call
0x080337cc,0x0802b944,direct_call
0x080337cc,0x0802b4cc,direct_call
0x080337cc,0x0802b944,direct_call
0x080337cc,0x0802b4cc,direct_call
0x080337cc,0x0802b944,direct_call
0x080337cc,0x0802b944,direct_call
0x080337cc,0x0802b4cc,direct_call
0x080337cc,0x0802b944,direct_call
0x080337cc,0x0802b4cc,direct_call
0x080337cc,0x0802b944,direct_call
0x080337cc,0x0802b4cc,direct_call
0x08033ab0,0x0802b944,direct_call
0x08033ab0,0x08033094,tail_or_function_boundary
0x08033af8,0x0802af74,direct_call
0x08033af8,0x080336f0,direct_call
0x08033af8,0x0802b944,direct_call
0x08033af8,0x0802b4cc,direct_call
0x08033af8,0x080337cc,direct_call
0x08033af8,0x0802b840,direct_call
0x08033af8,0x0802d280,direct_call
0x08033af8,0x0802af74,direct_call
0x08033af8,0x080336f0,direct_call
0x08033af8,0x0802b944,direct_call
0x08033af8,0x0802b4cc,direct_call
0x08033af8,0x080337cc,direct_call
0x08033af8,0x0802b840,direct_call
0x08033e18,0x08036482,direct_call
0x08033e18,0x08036482,direct_call
0x08033e18,0x080235b0,direct_call
0x08033e18,0x080236dc,direct_call
0x08033e18,0x08023db8,direct_call
0x08033ef0,0x08036482,direct_call
0x08033ef0,0x08024268,direct_call
0x08033f50,0x08026c14,direct_call
0x08033f50,0x080203a8,direct_call
0x08033f50,0x08026c14,direct_call
0x08033f50,0x08026c14,direct_call
0x08033f50,0x08026c14,direct_call
0x08033f50,0x080203a8,direct_call
0x08033f50,0x08026c14,direct_call
0x08033f50,0x08026c54,direct_call
0x0803400c,0x080215a0,direct_call
0x0803400c,0x080215dc,direct_call
0x0803400c,0x080215dc,direct_call
0x0803400c,0x080215bc,direct_call
0x08034060,0x0803400c,direct_call
0x08034060,0x08020324,direct_call
0x08034060,0x080203cc,direct_call
0x08034060,0x08033e18,direct_call
0x08034060,0x08033ef0,direct_call
0x08034060,0x08032d24,direct_call
0x08034060,0x08032ac8,direct_call
0x08034060,0x08032bb8,direct_call
0x08034060,0x0802c0a8,direct_call
0x08034060,0x080357a4,direct_call
0x08034060,0x08032b80,direct_call
0x08034060,0x080362a0,direct_call
0x08034060,0x08036370,direct_call
0x08034060,0x08035104,direct_call
0x08034060,0x08035898,direct_call
0x08034060,0x080361b0,direct_call
0x08034060,0x08035bc8,direct_call
0x08034060,0x08035d94,direct_call
0x08034060,0x08035df0,direct_call
0x08034060,0x0802c1e0,direct_call
0x08034060,0x08032fd8,direct_call
0x08034060,0x08035180,direct_call
0x08034060,0x080326b8,direct_call
0x08034060,0x08035254,direct_call
0x08034060,0x080351ec,direct_call
0x08034060,0x08023518,direct_call
0x08034060,0x0802340c,direct_call
0x08034060,0x0802340c,direct_call
0x08034060,0x080203a8,direct_call
0x08034060,0x08033f50,direct_call
0x08034060,0x0802340c,direct_call
0x08034060,0x0802340c,direct_call
0x08034060,0x0802340c,direct_call
0x08034060,0x0802340c,direct_call
0x08034060,0x0802340c,direct_call
0x08034060,0x0802340c,direct_call
0x08034060,0x0802340c,direct_call
0x08034060,0x0802340c,direct_call
0x08034060,0x0802340c,direct_call
0x08034060,0x0802340c,direct_call
0x08034060,0x0802340c,direct_call
0x08034060,0x0802340c,direct_call
0x08034060,0x0802340c,direct_call
0x08034060,0x0802340c,direct_call
0x08034060,0x08027bc8,direct_call
0x08034060,0x08027bc8,direct_call
0x08034060,0x08027bc8,direct_call
0x08034060,0x08027bc8,direct_call
0x08034060,0x08027bc8,direct_call
0x08034060,0x08027bc8,direct_call
0x08034060,0x080203a8,direct_call
0x08034060,0x080203a8,direct_call
0x08034060,0x080203a8,direct_call
0x08034060,0x080203a8,direct_call
0x08034060,0x08020c1c,direct_call
0x08034060,0x08020c1c,direct_call
0x08034060,0x080332e4,direct_call
0x08034060,0x080203a8,direct_call
0x08034060,0x08036482,direct_call
0x08034060,0x08036482,direct_call
0x08034060,0x080298d4,direct_call
0x08034060,0x080298c0,direct_call
0x08034060,0x0802aedc,direct_call
0x08034060,0x080364e0,direct_call
0x08034060,0x080364e0,direct_call
0x08034060,0x0802340c,direct_call
0x08034060,0x08032758,direct_call
0x08034060,0x0802c4e0,direct_call
0x08034060,0x080203a8,direct_call
0x08034060,0x0802340c,direct_call
0x08034060,0x080203a8,direct_call
0x08034060,0x0802bef8,direct_call
0x08034060,0x0802af74,direct_call
0x08034060,0x08033ab0,direct_call
0x08034060,0x0802b944,direct_call
0x08034060,0x0802b944,direct_call
0x08034060,0x08033434,direct_call
0x08034060,0x080364e0,direct_call
0x08034060,0x080364e0,direct_call
0x08034060,0x0802b840,direct_call
0x08034060,0x0802bd64,direct_call
0x08034060,0x0802bef8,direct_call
0x08034060,0x0802af74,direct_call
0x08034060,0x08033ab0,direct_call
0x08034060,0x0802b944,direct_call
0x08034060,0x0802b840,direct_call
0x08034060,0x0802bd64,direct_call
0x08034060,0x0802b944,direct_call
0x08034060,0x08033434,direct_call
0x08034060,0x080364e0,direct_call
0x08034060,0x0802bef8,direct_call
0x08034060,0x0802af74,direct_call
0x08034060,0x08033ab0,direct_call
0x08034060,0x0802b944,direct_call
0x08034060,0x0802b840,direct_call
0x08034060,0x0802bd64,direct_call
0x08034060,0x0802b944,direct_call
0x08034060,0x08033434,direct_call
0x08034060,0x080364e0,direct_call
0x08034060,0x0802bcf8,direct_call
0x08034060,0x08022e0c,direct_call
0x08034060,0x08022ffc,direct_call
0x08034060,0x08022d44,direct_call
0x08034060,0x08022e58,direct_call
0x08034060,0x08023400,direct_call
0x08034060,0x08023400,direct_call
0x08034060,0x08023400,direct_call
0x08034060,0x08023400,direct_call
0x08034060,0x08023400,direct_call
0x08034060,0x0802d248,direct_call
0x08034060,0x0802340c,direct_call
0x08034060,0x0802340c,direct_call
0x08034060,0x080203a8,direct_call
0x08034060,0x0802340c,direct_call
0x08034060,0x0802340c,direct_call
0x08034060,0x080203a8,direct_call
0x08034060,0x0802340c,direct_call
0x08034060,0x0802340c,direct_call
0x08035104,0x08025620,direct_call
0x08035104,0x08035100,tail_or_function_boundary
0x08035128,0x08036482,direct_call
0x08035128,0x08024268,direct_call
0x08035128,0x08035100,direct_call
0x08035180,0x08035188,tail_or_function_boundary
0x08035188,0x08025a5c,direct_call
0x08035188,0x08025a5c,direct_call
0x08035188,0x08035100,tail_or_function_boundary
0x08035188,0x08035100,direct_call
0x080351ec,0x080351f4,tail_or_function_boundary
0x080351f4,0x08025a5c,direct_call
0x080351f4,0x08025a5c,direct_call
0x080351f4,0x08035100,tail_or_function_boundary
0x080351f4,0x08035100,direct_call
0x08035254,0x0803525c,tail_or_function_boundary
0x0803525c,0x08025a5c,direct_call
0x0803525c,0x08035100,tail_or_function_boundary
0x0803528c,0x08023198,direct_call
0x0803528c,0x0802180c,direct_call
0x0803528c,0x08035100,direct_call
0x0803528c,0x08023198,direct_call
0x0803528c,0x0802180c,direct_call
0x0803528c,0x08022bc4,direct_call
0x0803528c,0x08035100,direct_call
0x0803528c,0x08035100,direct_call
0x0803528c,0x08023198,direct_call
0x0803528c,0x0802180c,direct_call
0x0803528c,0x08022bc4,direct_call
0x0803528c,0x08035100,direct_call
0x0803528c,0x08035100,direct_call
0x0803528c,0x08023198,direct_call
0x0803528c,0x0802180c,direct_call
0x0803528c,0x08035100,direct_call
0x0803528c,0x08023198,direct_call
0x0803528c,0x0802180c,direct_call
0x0803528c,0x08022bc4,direct_call
0x0803528c,0x08035100,direct_call
0x0803528c,0x08035100,direct_call
0x080356a4,0x08032778,direct_call
0x080356a4,0x08032738,direct_call
0x080356d4,0x08032738,direct_call
0x08035754,0x080326f0,direct_call
0x08035754,0x08032738,direct_call
0x08035754,0x08032738,direct_call
0x0803577c,0x08032714,direct_call
0x0803577c,0x08032738,direct_call
0x0803577c,0x08032738,direct_call
0x080357cc,0x08023198,direct_call
0x080357cc,0x08023198,direct_call
0x080357cc,0x08023198,direct_call
0x08035898,0x08026d4c,direct_call
0x08035898,0x08035100,tail_or_function_boundary
0x080358f4,0x08036482,direct_call
0x080358f4,0x08024268,direct_call
0x080358f4,0x08023198,direct_call
0x080358f4,0x0802180c,direct_call
0x080358f4,0x0802180c,direct_call
0x080358f4,0x080214e0,direct_call
0x080358f4,0x08021558,direct_call
0x080358f4,0x08035100,direct_call
0x080358f4,0x08035100,direct_call
0x080358f4,0x08035100,direct_call
0x08035a74,0x080223a8,tail_or_function_boundary
0x08035a80,0x080223a8,tail_or_function_boundary
0x08035a8c,0x080223a8,tail_or_function_boundary
0x08035a98,0x080223a8,tail_or_function_boundary
0x08035aa4,0x080223a8,tail_or_function_boundary
0x08035ab0,0x080223a8,tail_or_function_boundary
0x08035abc,0x080223a8,tail_or_function_boundary
0x08035ac8,0x08020400,direct_call
0x08035ac8,0x08020400,tail_or_function_boundary
0x08035ae4,0x08023414,direct_call
0x08035ae4,0x08023414,tail_or_function_boundary
0x08035af8,0x080223a8,tail_or_function_boundary
0x08035b04,0x0802755c,tail_or_function_boundary
0x08035b10,0x08022c38,direct_call
0x08035b10,0x08022c38,direct_call
0x08035b10,0x08022c38,tail_or_function_boundary
0x08035b34,0x080223a8,tail_or_function_boundary
0x08035bc8,0x08027a90,direct_call
0x08035bc8,0x080281cc,direct_call
0x08035bc8,0x08027f60,direct_call
0x08035bc8,0x08027f60,direct_call
0x08035bc8,0x08023198,direct_call
0x08035bc8,0x08023198,direct_call
0x08035bc8,0x08023198,direct_call
0x08035bc8,0x08023198,direct_call
0x08035bc8,0x08035100,direct_call
0x08035bc8,0x08035100,direct_call
0x08035bc8,0x08035100,direct_call
0x08035bc8,0x08035100,direct_call
0x08035d94,0x08035d98,tail_or_function_boundary
0x08035d98,0x080278c4,direct_call
0x08035d98,0x080281cc,direct_call
0x08035d98,0x080279fc,direct_call
0x08035df0,0x08027a90,direct_call
0x08035df0,0x08027f60,direct_call
0x08035df0,0x08023198,direct_call
0x08035df0,0x08023198,direct_call
0x08035df0,0x08023198,direct_call
0x08035df0,0x08023198,direct_call
0x08035df0,0x08035100,direct_call
0x08035df0,0x08035100,direct_call
0x08036068,0x08023198,direct_call
0x08036068,0x08023198,direct_call
0x08036068,0x08023198,direct_call
0x08036068,0x08023198,direct_call
0x080361b0,0x08036482,direct_call
0x080361b0,0x08027a90,direct_call
0x080361b0,0x080281cc,direct_call
0x080361b0,0x08027f60,direct_call
0x080361b0,0x08027f60,direct_call
0x080361b0,0x08028280,direct_call
0x080361b0,0x08036068,direct_call
0x080361b0,0x08035100,direct_call
0x080361b0,0x08036068,direct_call
0x080361b0,0x08035100,direct_call
0x080361b0,0x08035100,direct_call
0x080361b0,0x08035100,direct_call
0x080361b0,0x08035100,direct_call
0x080362a0,0x080278c4,direct_call
0x080362a0,0x08027d48,direct_call
0x080362a0,0x08027a90,direct_call
0x080362a0,0x080281cc,direct_call
0x080362a0,0x08027f60,direct_call
0x080362a0,0x08027f60,direct_call
0x080362a0,0x08036068,direct_call
0x080362a0,0x08035100,direct_call
0x080362a0,0x08036068,direct_call
0x080362a0,0x08035100,direct_call
0x080362a0,0x08035100,direct_call
0x080362a0,0x08035100,direct_call
0x080362a0,0x08035100,direct_call
0x080362a0,0x08035100,direct_call
0x08036370,0x080278c4,direct_call
0x08036370,0x08027d48,direct_call
0x08036370,0x08027a90,direct_call
0x08036370,0x080281cc,direct_call
0x08036370,0x08027f60,direct_call
0x08036370,0x08036068,direct_call
0x08036370,0x08035100,direct_call
0x08036370,0x08036068,direct_call
0x08036370,0x08035100,direct_call
0x08036370,0x08035100,direct_call
0x08036370,0x08035100,direct_call
0x08036370,0x08035100,direct_call
0x08036430,0x08035b40,direct_call
0x08036430,0x08036494,direct_call
0x08036430,0x08034060,direct_call
0x08036494,0x080365c4,direct_call
0x080364e0,0x080364ec,tail_or_function_boundary
0x0803651c,0x080365d0,tail_or_function_boundary
0x08036544,0x080364dc,direct_call
0x08036544,0x080364de,direct_call
0x08036544,0x080364de,direct_call
