function,issue
0x0802067c,indirect_branch_0x080206d2
0x08022164,indirect_call_0x0802234e
0x080223a8,indirect_branch_0x080227e8
0x080223a8,indirect_call_0x0802269c
0x080223a8,indirect_call_0x08022788
0x08022c38,indirect_call_0x08022c62
0x08022c38,indirect_branch_0x08022c92
0x0802755c,indirect_branch_0x08027772
0x0802755c,indirect_call_0x080275f8
0x0802755c,indirect_call_0x080275e4
0x0802755c,indirect_call_0x080275ea
0x080298c0,indirect_branch_0x080298ce
0x080298d4,indirect_branch_0x080298ee
0x080298f8,indirect_branch_0x0802990c
0x08029914,indirect_branch_0x08029928
0x08029930,indirect_branch_0x08029942
0x08036494,indirect_call_0x080364c6
0x08036494,indirect_call_0x080364bc
0x0803651c,indirect_call_0x08036536
