address,end_exclusive,instruction_count,decoded_bytes,fp_instructions,calls,entry_evidence,issues
0x08020298,0x080202b0,11,24,0,0,flash_pointer_candidate;prologue_heuristic,
0x080202bc,0x080202cc,7,16,0,0,flash_pointer_candidate;prologue_heuristic,
0x080202d8,0x08020318,26,64,0,2,direct_call_candidate,
0x08020324,0x08020372,30,78,0,4,direct_call_candidate;prologue_heuristic,
0x0802039c,0x080203a2,3,6,0,0,direct_call_candidate,
0x080203a8,0x080203c8,14,32,0,2,direct_call_candidate;prologue_heuristic,
0x080203cc,0x080203d4,4,8,0,0,direct_call_candidate,
0x080203d8,0x080203e6,6,14,0,0,direct_call_candidate,
0x080203ec,0x080203f6,4,10,0,1,flash_pointer_candidate;prologue_heuristic,
0x080203f8,0x080203fa,1,2,0,0,direct_call_candidate,
0x080203fc,0x080203fe,1,2,0,0,direct_call_candidate,
0x08020400,0x080213b6,257,614,0,7,direct_call_candidate;prologue_heuristic,
0x0802067c,0x080206e8,44,108,0,3,flash_pointer_candidate;prologue_heuristic,indirect_branch_0x080206d2
0x080206e8,0x08020702,10,26,0,1,flash_pointer_candidate;prologue_heuristic,
0x08020704,0x08020b5e,393,1078,0,0,direct_call_candidate;prologue_heuristic,
0x08020b6c,0x08020b78,6,12,0,1,direct_call_candidate,
0x08020b78,0x08020c08,63,144,0,2,prologue_heuristic,
0x08020c1c,0x08020d18,100,252,0,2,direct_call_candidate;prologue_heuristic,
0x08020d3c,0x08020dae,51,114,0,2,direct_call_candidate;prologue_heuristic,
0x08020db4,0x08020f0c,132,344,0,6,direct_call_candidate;prologue_heuristic,
0x08020f28,0x08021116,214,494,0,3,direct_call_candidate;prologue_heuristic,
0x08021148,0x080211e2,63,154,0,1,direct_call_candidate;prologue_heuristic,
0x080211f0,0x08021346,135,342,0,2,direct_call_candidate;prologue_heuristic,
0x08021358,0x080213a6,30,78,4,1,direct_call_candidate;prologue_heuristic,
0x080213b0,0x080213b2,1,2,0,0,direct_call_candidate,
0x080213b8,0x080213ba,1,2,0,0,direct_call_candidate,
0x080213bc,0x080213be,1,2,0,0,direct_call_candidate,
0x080213c0,0x080213c2,1,2,0,0,direct_call_candidate,
0x080213c4,0x080214a8,106,228,0,0,direct_call_candidate,
0x080214bc,0x080214d8,11,28,0,0,direct_call_candidate,
0x080214e0,0x0802154a,34,106,0,0,direct_call_candidate,
0x08021558,0x0802156e,9,22,0,0,direct_call_candidate,
0x08021574,0x0802159a,15,38,0,0,direct_call_candidate,
0x080215a0,0x080215b6,8,22,0,0,direct_call_candidate,
0x080215bc,0x080215d8,9,28,0,0,direct_call_candidate,
0x080215dc,0x08021638,30,92,0,0,direct_call_candidate,
0x0802163c,0x08021718,104,220,0,0,direct_call_candidate,
0x0802173c,0x080217dc,66,160,0,0,direct_call_candidate,
0x0802180c,0x08021cb0,438,1090,0,5,direct_call_candidate;prologue_heuristic,
0x08021cb0,0x08022146,464,1150,0,0,direct_call_candidate,
0x08022164,0x08022374,198,528,0,0,direct_call_candidate,indirect_call_0x0802234e
0x080223a8,0x08022bb0,799,2002,0,0,prologue_heuristic,indirect_branch_0x080227e8;indirect_call_0x0802269c;indirect_call_0x08022788
0x08022bc0,0x08022bc4,2,4,0,0,direct_call_candidate,
0x08022bc4,0x08022c36,45,114,0,0,direct_call_candidate;prologue_heuristic,
0x08022c38,0x08022c96,38,94,0,0,direct_call_candidate;prologue_heuristic,indirect_call_0x08022c62;indirect_branch_0x08022c92
0x08022c98,0x08022d38,66,160,0,3,direct_call_candidate;prologue_heuristic,
0x08022d44,0x08022e04,77,192,0,3,direct_call_candidate;prologue_heuristic,
0x08022e0c,0x08022e4a,25,62,0,0,direct_call_candidate,
0x08022e58,0x08022e84,16,44,0,0,direct_call_candidate,
0x08022e88,0x08022e8e,3,6,0,0,direct_call_candidate,
0x08022e94,0x08022f66,83,210,0,2,direct_call_candidate;prologue_heuristic,
0x08022f78,0x08022ff6,45,126,0,0,direct_call_candidate,
0x08022ffc,0x0802318c,150,400,0,8,direct_call_candidate;prologue_heuristic,
0x08023198,0x080233d8,185,576,0,0,direct_call_candidate,
0x08023400,0x0802340c,6,12,0,0,direct_call_candidate,
0x0802340c,0x08023414,4,8,0,0,direct_call_candidate,
0x08023414,0x0802342e,9,26,0,1,direct_call_candidate,
0x08023430,0x080234fc,4,8,0,1,direct_call_candidate,
0x08023434,0x0802350a,85,210,0,1,prologue_heuristic,
0x08023518,0x080235a6,55,142,0,0,direct_call_candidate,
0x080235b0,0x080235f4,28,68,0,2,direct_call_candidate;prologue_heuristic,
0x080235f8,0x080236c8,66,208,28,0,direct_call_candidate,
0x080236dc,0x08023c98,568,1448,0,36,direct_call_candidate,
0x08023c9c,0x08023d9a,87,254,28,0,direct_call_candidate,
0x08023db8,0x08023ff6,5,12,0,1,direct_call_candidate,
0x08023dc0,0x08024006,241,578,0,4,prologue_heuristic,
0x08024020,0x08024084,42,100,0,1,direct_call_candidate,
0x080240a0,0x0802417c,90,220,0,4,direct_call_candidate;prologue_heuristic,
0x08024184,0x08024260,90,220,0,4,direct_call_candidate;prologue_heuristic,
0x08024268,0x08024f7e,1182,3196,0,42,direct_call_candidate;prologue_heuristic,
0x08024f88,0x080250a8,89,288,42,0,direct_call_candidate,
0x080250bc,0x080251dc,89,288,42,0,direct_call_candidate,
0x080251f0,0x08025310,89,288,42,0,direct_call_candidate,
0x08025324,0x08025328,1,4,0,1,direct_call_candidate,
0x08025328,0x0802561a,262,704,0,8,prologue_heuristic,
0x08025620,0x08025698,4,8,0,1,direct_call_candidate,
0x08025624,0x08025694,49,112,0,3,prologue_heuristic,
0x08025a5c,0x08025bba,502,1226,0,8,direct_call_candidate,
0x08025bbc,0x08025cd8,107,284,0,3,direct_call_candidate;prologue_heuristic,
0x08025ce4,0x08025db6,4,8,0,1,direct_call_candidate,
0x08025ce8,0x08025db2,81,202,0,1,prologue_heuristic,
0x08025dc4,0x08025e20,35,92,0,1,flash_pointer_candidate;prologue_heuristic,
0x08025e20,0x08025e2a,4,10,0,1,flash_pointer_candidate;prologue_heuristic,
0x08025e2c,0x08025e88,35,92,0,1,flash_pointer_candidate;prologue_heuristic,
0x08025e88,0x08025e92,4,10,0,1,flash_pointer_candidate;prologue_heuristic,
0x08025e94,0x08025efc,39,104,0,2,flash_pointer_candidate;prologue_heuristic,
0x08025f04,0x08025fe2,90,222,0,8,direct_call_candidate;prologue_heuristic,
0x08025fe8,0x080261b2,185,458,0,7,direct_call_candidate;prologue_heuristic,
0x080261bc,0x08026380,186,452,0,7,direct_call_candidate;prologue_heuristic,
0x08026388,0x0802654c,160,452,0,0,direct_call_candidate,
0x08026550,0x08026780,225,560,0,27,direct_call_candidate;prologue_heuristic,
0x08026790,0x08026918,156,392,0,11,direct_call_candidate;prologue_heuristic,
0x08026948,0x08026ac4,158,380,0,11,direct_call_candidate;prologue_heuristic,
0x08026ad4,0x08026b98,79,196,0,8,direct_call_candidate;prologue_heuristic,
0x08026b98,0x08026bc0,17,40,0,2,direct_call_candidate;prologue_heuristic,
0x08026bc0,0x08026c0e,29,78,0,3,direct_call_candidate,
0x08026c14,0x08026c52,25,62,0,1,direct_call_candidate;prologue_heuristic,
0x08026c54,0x08026c84,19,48,0,1,direct_call_candidate;prologue_heuristic,
0x08026c84,0x08026d46,72,194,0,0,direct_call_candidate,
0x08026d4c,0x08026e9c,5,12,0,1,direct_call_candidate,
0x08026d54,0x08026ea4,140,332,0,1,prologue_heuristic,
0x08026ea8,0x08027134,245,652,0,8,direct_call_candidate;prologue_heuristic,
0x08027138,0x0802754a,396,1042,0,9,direct_call_candidate;prologue_heuristic,
0x0802754c,0x0802754e,1,2,0,0,direct_call_candidate,
0x08027550,0x08027552,1,2,0,0,direct_call_candidate,
0x08027554,0x08027556,1,2,0,0,direct_call_candidate,
0x08027558,0x0802755a,1,2,0,0,direct_call_candidate,
0x0802755c,0x080277ac,224,592,0,7,prologue_heuristic,indirect_branch_0x08027772;indirect_call_0x080275f8;indirect_call_0x080275e4;indirect_call_0x080275ea
0x080277b4,0x080277ce,9,26,0,1,flash_pointer_candidate;prologue_heuristic,
0x080277d0,0x08027840,44,112,0,0,direct_call_candidate,
0x08027848,0x080278bc,44,116,0,0,direct_call_candidate,
0x080278c4,0x080279e4,109,288,0,1,direct_call_candidate,
0x080279fc,0x08027a76,49,122,0,0,direct_call_candidate,
0x08027a90,0x08027bb0,109,288,0,1,direct_call_candidate,
0x08027bc8,0x08027d22,124,314,0,0,direct_call_candidate,
0x08027d48,0x08027eca,158,386,0,0,direct_call_candidate,
0x08027edc,0x08027f52,45,118,0,0,direct_call_candidate,
0x08027f60,0x080281c4,228,570,0,3,direct_call_candidate;prologue_heuristic,
0x080281cc,0x08028274,67,168,0,0,direct_call_candidate,
0x08028280,0x08028316,53,150,0,0,direct_call_candidate,
0x0802831c,0x08028382,44,102,0,0,direct_call_candidate,
0x08028388,0x08028414,55,140,0,0,direct_call_candidate,
0x08028418,0x08028442,16,42,0,0,direct_call_candidate,
0x08028448,0x08028460,10,24,0,0,direct_call_candidate,
0x08028464,0x08028498,23,52,0,0,direct_call_candidate,
0x0802849c,0x080284a2,2,6,0,0,direct_call_candidate,
0x080284a4,0x080284b0,5,12,0,0,direct_call_candidate,
0x080284b0,0x080284be,6,14,0,0,direct_call_candidate,
0x080284c0,0x080284c8,3,8,0,0,direct_call_candidate,
0x080284c8,0x080284ce,3,6,0,0,direct_call_candidate,
0x080284d0,0x080284fa,19,42,0,0,direct_call_candidate,
0x080284fc,0x0802863c,126,320,0,0,direct_call_candidate,
0x08028654,0x08028794,126,320,0,0,direct_call_candidate,
0x080287ac,0x080288ec,126,320,0,0,direct_call_candidate,
0x08028904,0x08028a44,126,320,0,0,direct_call_candidate,
0x08028a5c,0x08028b9c,126,320,0,0,direct_call_candidate,
0x08028bb4,0x08028d9e,198,490,0,0,direct_call_candidate,
0x08028dbc,0x08028efc,126,320,0,0,direct_call_candidate,
0x08028f14,0x08028f5a,30,70,0,0,direct_call_candidate,
0x08028f6c,0x08028fe0,49,116,0,0,direct_call_candidate,
0x08028fec,0x0802912c,126,320,0,0,direct_call_candidate,
0x08029144,0x080291aa,37,102,0,0,direct_call_candidate,
0x080291bc,0x080292fc,126,320,0,0,direct_call_candidate,
0x08029314,0x08029448,130,308,0,0,direct_call_candidate,
0x08029460,0x080294cc,45,108,0,0,direct_call_candidate,
0x080294dc,0x0802954c,41,112,0,0,direct_call_candidate,
0x0802955c,0x0802960a,66,174,0,0,direct_call_candidate,
0x0802961c,0x0802975c,126,320,0,0,direct_call_candidate,
0x08029774,0x080298a8,130,308,0,0,direct_call_candidate,
0x080298c0,0x080298d0,7,16,0,0,direct_call_candidate,indirect_branch_0x080298ce
0x080298d4,0x080298f4,13,32,0,0,direct_call_candidate,indirect_branch_0x080298ee
0x080298f8,0x0802990e,10,22,0,0,direct_call_candidate,indirect_branch_0x0802990c
0x08029914,0x0802992a,10,22,0,0,direct_call_candidate,indirect_branch_0x08029928
0x08029930,0x08029944,7,20,0,0,direct_call_candidate,indirect_branch_0x08029942
0x08029948,0x0802994c,2,4,0,1,direct_call_candidate,
0x0802994c,0x080299e8,64,156,0,0,prologue_heuristic,
0x080299ec,0x08029ace,90,226,0,1,direct_call_candidate;prologue_heuristic,
0x08029ad4,0x08029c7a,163,422,0,0,direct_call_candidate,
0x08029c7c,0x08029cf4,50,120,0,1,direct_call_candidate;prologue_heuristic,
0x08029d00,0x08029db6,75,182,0,5,direct_call_candidate;prologue_heuristic,
0x08029dbc,0x08029e38,50,124,0,3,direct_call_candidate;prologue_heuristic,
0x08029e38,0x0802a0fc,275,708,0,9,direct_call_candidate,
0x0802a10c,0x0802a20c,87,256,0,5,direct_call_candidate;prologue_heuristic,
0x0802a20c,0x0802a232,4,8,0,1,direct_call_candidate,
0x0802a210,0x0802a2b6,62,162,0,4,prologue_heuristic,
0x0802a2b8,0x0802a40c,143,340,0,4,direct_call_candidate;prologue_heuristic,
0x0802a40c,0x0802a5ac,157,416,0,7,direct_call_candidate;prologue_heuristic,
0x0802a5ac,0x0802a6ba,108,270,0,4,direct_call_candidate;prologue_heuristic,
0x0802a6bc,0x0802a9de,319,802,0,6,direct_call_candidate;prologue_heuristic,
0x0802a9e8,0x0802ac0c,191,548,0,10,direct_call_candidate,
0x0802ac0c,0x0802aeda,295,718,0,13,direct_call_candidate;prologue_heuristic,
0x0802aedc,0x0802af6c,65,144,0,1,direct_call_candidate;prologue_heuristic,
0x0802af74,0x0802b25e,279,746,0,11,direct_call_candidate;prologue_heuristic,
0x0802b264,0x0802b4cc,241,616,0,5,direct_call_candidate;prologue_heuristic,
0x0802b4cc,0x0802b794,268,712,0,6,direct_call_candidate;prologue_heuristic,
0x0802b794,0x0802b822,4,8,0,1,direct_call_candidate,
0x0802b798,0x0802b840,70,164,0,5,prologue_heuristic,
0x0802b840,0x0802b93e,112,254,0,6,direct_call_candidate,
0x0802b944,0x0802bcf4,375,944,0,12,direct_call_candidate;prologue_heuristic,
0x0802bcf8,0x0802bd60,46,104,0,1,direct_call_candidate,
0x0802bd64,0x0802bef2,164,398,0,6,direct_call_candidate,
0x0802bef8,0x0802bf88,63,144,0,5,direct_call_candidate;prologue_heuristic,
0x0802bf88,0x0802c05e,96,214,0,5,direct_call_candidate;prologue_heuristic,
0x0802c060,0x0802c0a4,30,68,0,0,direct_call_candidate,
0x0802c0a8,0x0802c1c2,108,282,0,14,direct_call_candidate;prologue_heuristic,
0x0802c1e0,0x0802c308,109,296,0,16,direct_call_candidate;prologue_heuristic,
0x0802c32c,0x0802c4b2,141,390,0,7,direct_call_candidate;prologue_heuristic,
0x0802c4e0,0x0802cce4,624,1590,37,17,direct_call_candidate;prologue_heuristic,
0x0802cd0c,0x0802ce34,92,296,42,0,direct_call_candidate,
0x0802ce5c,0x0802cf84,92,296,42,0,direct_call_candidate,
0x0802cfac,0x0802d0d8,102,300,30,0,direct_call_candidate,
0x0802d0f8,0x0802d224,102,300,30,0,direct_call_candidate,
0x0802d248,0x0802d276,16,46,2,3,direct_call_candidate;prologue_heuristic,
0x0802d280,0x0802d284,2,4,0,1,direct_call_candidate,
0x0802d284,0x0802d31e,58,154,0,3,prologue_heuristic,
0x0802d330,0x0802d416,83,230,0,16,direct_call_candidate;prologue_heuristic,
0x0802d464,0x0802d8c0,360,984,65,14,direct_call_candidate,
0x0802d900,0x0802e706,1183,3180,24,36,direct_call_candidate;prologue_heuristic,
0x0802e750,0x0803263c,4440,14464,1978,36,confirmed_audio_callback_tail_target;prologue_heuristic,
0x08032664,0x08032666,1,2,0,0,direct_call_candidate,
0x08032668,0x0803266a,1,2,0,0,direct_call_candidate,
0x0803266c,0x0803266e,1,2,0,0,direct_call_candidate,
0x08032670,0x08032672,1,2,0,0,direct_call_candidate,
0x08032674,0x08032676,1,2,0,0,direct_call_candidate,
0x08032678,0x0803267e,2,6,0,1,direct_call_candidate;manually_confirmed_callback,
0x08032680,0x08032686,2,6,0,1,direct_call_candidate;manually_confirmed_callback,
0x08032688,0x080326a6,15,30,0,0,direct_call_candidate;manually_confirmed_callback,
0x080326b8,0x080326c0,4,8,0,1,direct_call_candidate,
0x080326c0,0x080326ec,14,44,0,2,prologue_heuristic,
0x080326f0,0x08032710,15,32,0,1,direct_call_candidate;prologue_heuristic,
0x08032714,0x08032734,15,32,0,1,direct_call_candidate;prologue_heuristic,
0x08032738,0x08032748,7,16,0,1,direct_call_candidate;prologue_heuristic,
0x0803274c,0x08032754,22,46,0,0,direct_call_candidate,
0x08032758,0x08032776,10,30,0,1,direct_call_candidate;prologue_heuristic,
0x08032778,0x080327a2,17,42,0,3,direct_call_candidate;prologue_heuristic,
0x080327a8,0x08032aa6,287,766,0,32,direct_call_candidate;prologue_heuristic,
0x08032ac8,0x08032ad0,4,8,0,1,direct_call_candidate,
0x08032ad0,0x08032b7c,62,172,0,18,prologue_heuristic,
0x08032b80,0x08032b90,7,16,0,1,direct_call_candidate;prologue_heuristic,
0x08032b9c,0x08032ba0,2,4,0,0,direct_call_candidate,
0x08032ba0,0x08032bb4,7,20,0,1,direct_call_candidate,
0x08032bb8,0x08032bc0,4,8,0,1,direct_call_candidate,
0x08032bc0,0x08032c28,39,104,0,4,prologue_heuristic,
0x08032c30,0x08032c34,2,4,0,1,direct_call_candidate,
0x08032c34,0x08032d06,75,210,0,8,prologue_heuristic,
0x08032d24,0x08032fb4,221,656,0,24,direct_call_candidate;prologue_heuristic,
0x08032fd8,0x08033006,16,46,0,2,direct_call_candidate;prologue_heuristic,
0x08033010,0x0803307e,38,110,2,1,direct_call_candidate;prologue_heuristic,
0x08033094,0x080332aa,222,516,0,8,prologue_heuristic,
0x080332e4,0x080333a6,79,194,0,4,direct_call_candidate;prologue_heuristic,
0x080333c4,0x080333f0,18,44,0,1,direct_call_candidate;prologue_heuristic,
0x080333fc,0x08033428,18,44,0,1,direct_call_candidate;prologue_heuristic,
0x08033434,0x080336ca,247,662,32,1,direct_call_candidate;prologue_heuristic,
0x080336f0,0x080337b2,83,194,0,6,direct_call_candidate,
0x080337cc,0x08033a90,272,708,0,21,direct_call_candidate;prologue_heuristic,
0x08033ab0,0x08033af2,23,66,0,2,direct_call_candidate;prologue_heuristic,
0x08033af8,0x08033dd4,245,732,38,13,direct_call_candidate;prologue_heuristic,
0x08033e18,0x08033ed4,75,188,2,5,direct_call_candidate;prologue_heuristic,
0x08033ef0,0x08033f40,29,80,2,2,direct_call_candidate;prologue_heuristic,
0x08033f50,0x08033ffc,56,172,2,8,direct_call_candidate;prologue_heuristic,
0x0803400c,0x08034052,24,70,0,4,direct_call_candidate;prologue_heuristic,
0x08034060,0x080350cc,1389,3866,2,118,direct_call_candidate;prologue_heuristic;startup_call,
0x08035100,0x08035102,1,2,0,0,direct_call_candidate,
0x08035104,0x08035120,10,28,0,2,direct_call_candidate;prologue_heuristic,
0x08035128,0x08035176,30,78,0,3,direct_call_candidate;prologue_heuristic,
0x08035180,0x08035188,4,8,0,1,direct_call_candidate,
0x08035188,0x080351da,32,82,0,4,prologue_heuristic,
0x080351ec,0x080351f4,4,8,0,1,direct_call_candidate,
0x080351f4,0x08035242,30,78,0,4,prologue_heuristic,
0x08035254,0x0803525c,4,8,0,1,direct_call_candidate,
0x0803525c,0x08035282,14,38,0,2,prologue_heuristic,
0x0803528c,0x080356a0,349,936,0,21,direct_call_candidate;prologue_heuristic,
0x080356a4,0x080356d0,19,44,0,2,flash_pointer_candidate;prologue_heuristic,
0x080356d4,0x080356ee,11,26,0,1,flash_pointer_candidate;prologue_heuristic,
0x08035754,0x0803577c,16,40,0,3,flash_pointer_candidate;prologue_heuristic,
0x0803577c,0x080357a4,16,40,0,3,flash_pointer_candidate;prologue_heuristic,
0x080357a4,0x080357c4,11,32,0,0,direct_call_candidate,
0x080357cc,0x08035886,65,186,0,3,direct_call_candidate;prologue_heuristic,
0x08035898,0x080358ec,25,84,0,2,direct_call_candidate,
0x080358f4,0x08035a0e,105,282,0,10,direct_call_candidate;prologue_heuristic,
0x08035a2c,0x08035a4c,11,32,0,0,direct_call_candidate,
0x08035a50,0x08035a52,1,2,0,0,flash_pointer_candidate;vector,
0x08035a54,0x08035a56,1,2,0,0,flash_pointer_candidate;vector,
0x08035a58,0x08035a5a,1,2,0,0,flash_pointer_candidate;vector,
0x08035a5c,0x08035a5e,1,2,0,0,flash_pointer_candidate;vector,
0x08035a60,0x08035a62,1,2,0,0,flash_pointer_candidate;vector,
0x08035a64,0x08035a66,1,2,0,0,flash_pointer_candidate;vector,
0x08035a68,0x08035a6a,1,2,0,0,flash_pointer_candidate;vector,
0x08035a6c,0x08035a6e,1,2,0,0,flash_pointer_candidate;vector,
0x08035a70,0x08035a74,8,18,0,0,flash_pointer_candidate;vector,
0x08035a74,0x08035a7a,2,6,0,1,flash_pointer_candidate;vector,
0x08035a80,0x08035a86,2,6,0,1,flash_pointer_candidate;vector,
0x08035a8c,0x08035a92,2,6,0,1,flash_pointer_candidate;vector,
0x08035a98,0x08035a9e,2,6,0,1,flash_pointer_candidate;vector,
0x08035aa4,0x08035aaa,2,6,0,1,flash_pointer_candidate;vector,
0x08035ab0,0x08035ab6,2,6,0,1,flash_pointer_candidate;vector,
0x08035abc,0x08035ac2,2,6,0,1,flash_pointer_candidate;vector,
0x08035ac8,0x08035ada,6,18,0,2,flash_pointer_candidate;vector,
0x08035ae4,0x08035af6,6,18,0,2,flash_pointer_candidate;vector,
0x08035af8,0x08035afe,2,6,0,1,flash_pointer_candidate;vector,
0x08035b04,0x08035b0a,2,6,0,1,flash_pointer_candidate;vector,
0x08035b10,0x08035b28,8,24,0,3,flash_pointer_candidate;prologue_heuristic;vector,
0x08035b34,0x08035b3a,2,6,0,1,flash_pointer_candidate;vector,
0x08035b40,0x08035ba8,44,104,0,0,direct_call_candidate,
0x08035bc8,0x08035d54,148,396,8,12,direct_call_candidate;prologue_heuristic,
0x08035d94,0x08035d98,2,4,0,1,direct_call_candidate,
0x08035d98,0x08035de4,28,76,0,3,prologue_heuristic,
0x08035df0,0x08035f48,127,344,10,8,direct_call_candidate;prologue_heuristic,
0x08035f8c,0x08036000,42,116,0,0,direct_call_candidate,
0x0803600c,0x0803605c,30,80,0,0,direct_call_candidate,
0x08036068,0x08036172,99,266,8,4,direct_call_candidate;prologue_heuristic,
0x080361b0,0x08036290,82,224,2,13,direct_call_candidate;prologue_heuristic,
0x080362a0,0x08036364,73,196,0,14,direct_call_candidate;prologue_heuristic,
0x08036370,0x08036420,64,176,2,12,direct_call_candidate;prologue_heuristic,
0x08036430,0x08036468,23,56,0,3,flash_pointer_candidate;vector,
0x08036480,0x08036482,1,2,0,0,flash_pointer_candidate;vector,
0x08036482,0x08036492,7,16,0,0,direct_call_candidate,
0x08036494,0x080364cc,25,56,0,1,direct_call_candidate;prologue_heuristic,indirect_call_0x080364c6;indirect_call_0x080364bc
0x080364dc,0x080364de,1,2,0,0,direct_call_candidate,
0x080364de,0x080364e0,1,2,0,0,direct_call_candidate,
0x080364e0,0x080364ec,5,12,0,1,direct_call_candidate,
0x080364ec,0x080364fc,6,16,0,0,prologue_heuristic,
0x0803651c,0x0803653a,12,30,0,1,flash_pointer_candidate;prologue_heuristic,indirect_call_0x08036536
0x08036544,0x080365b8,41,116,0,3,prologue_heuristic,
0x080365c4,0x080365d0,6,12,0,0,direct_call_candidate;prologue_heuristic,
0x080365d0,0x080365dc,6,12,0,0,prologue_heuristic,
