offset,address,length,text
0x441,0x08020441,5,sce#h
0x470,0x08020470,5,Z`cm#
0x477,0x08020477,5,scecm
0x4a7,0x080204a7,7,Sce#heH
0x4e2,0x080204e2,5,Z`cm#
0x4e9,0x080204e9,5,Scecm
0x572,0x08020572,5,cm FC
0x59b,0x0802059b,5,cce F
0x5ba,0x080205ba,5,cm FC
0x5d2,0x080205d2,5,cm FC
0x5e8,0x080205e8,5,cm FC
0x605,0x08020605,6,"a""h FC"
0x6ad,0x080206ad,5,rZeZm
0xc75,0x08020c75,5,sce*K
0xc9d,0x08020c9d,7,l;F!H2F
0xfa2,0x08020fa2,5,cmcmC
0x1016,0x08021016,5,"BCbj"""
0x1025,0x08021025,5,C!hAJ
0x1043,0x08021043,5,h;J!}
0x1065,0x08021065,7,"a""h Fak"
0x1089,0x08021089,6,ccm(F#
0x1175,0x08021175,6,1%h;@C
0x173d,0x0802173d,6,h'K'I0
0x1896,0x08021896,6,9J9H:I
0x1933,0x08021933,5,"` F""h"
0x1a0f,0x08021a0f,7,`!hbjKi
0x1b5b,0x08021b5b,6,2Z``hA
0x1ba8,0x08021ba8,6,"""h7K7M"
0x1ced,0x08021ced,6,"$De,h$"
0x1df9,0x08021df9,5,hXMVO
0x1ec5,0x08021ec5,7,h%K#I(J
0x1f9d,0x08021f9d,7,hkKkIlJ
0x20c9,0x080220c9,7," pG""M#O"
0x23b9,0x080223b9,5,h:J/h
0x26ac,0x080226ac,6,"""h*K*H"
0x281e,0x0802281e,6,#h|J}I
0x2921,0x08022921,6,"`""hSi#"
0x292a,0x0802292a,5,Sa#lK
0x2a24,0x08022a24,8,"""hbKbHcI"
0x2adc,0x08022adc,8,"""h4K4H5I"
0x2bbf,0x08022bbf,6,@@mpGp
0x2c12,0x08022c12,5,"N""""CB"
0x2c53,0x08022c53,5,2Z`Cm
0x2c7d,0x08022c7d,5,2Z`cm
0x2c9b,0x08022c9b,5,F&L'i
0x2d8e,0x08022d8e,8,+h#`khc`
0x2d9d,0x08022d9d,9,`+i#akica
0x2e17,0x08022e17,5,JY`Z`
0x3015,0x08023015,5,a1uCh
0x3474,0x08023474,8,+C%j+C$M
0x3782,0x08023782,5,zIKh#
0x378d,0x0802378d,5,3K`#h
0x388a,0x0802388a,7,"""jkh *#"
0x389d,0x0802389d,6,ck`#hx
0x38e6,0x080238e6,7,"""ikh@*#"
0x38f9,0x080238f9,6,3k`#hH
0x39f7,0x080239f7,5,cK`#h
0x3a80,0x08023a80,7,jJ!iSh#
0x3a8d,0x08023a8d,6,cS`#h~
0x3af1,0x08023af1,5,@PIMN
0x3c03,0x08023c03,5,3S`#h
0x3c4a,0x08023c4a,5,"kh""i#"
0x3c55,0x08023c55,5,ck`#h
0x3c8d,0x08023c8d,5,CS`#h
0x3cae,0x08023cae,8,<HpG<HpG
0x405c,0x0802405c,5,+` `8
0x45c6,0x080245c6,5,#h.FY
0x466e,0x0802466e,5,#h.FY
0x46ff,0x080246ff,6,CSe#h_
0x47b0,0x080247b0,5,cIKm#
0x47b9,0x080247b9,5,CKe#h
0x4993,0x08024993,6,CSe#hu
0x49e3,0x080249e3,5,CSe#h
0x4a47,0x08024a47,5,CSe#h
0x4a52,0x08024a52,5,{O;hC
0x4c04,0x08024c04,5,#h.F~
0x4c43,0x08024c43,5,X#h.F
0x4c4c,0x08024c4c,5,#h.FX
0x4c58,0x08024c58,5,#h.Fy
0x4c65,0x08024c65,6,JaoSm#
0x4c6f,0x08024c6f,5,CSe#h
0x4c90,0x08024c90,5,#h.F(
0x4f01,0x08024f01,5,%#h.F
0x4f75,0x08024f75,5,&#h5F
0x50b9,0x080250b9,6,$tLGJp
0x51ed,0x080251ed,6,$tLGJp
0x5633,0x08025633,5,#ahcr
0x564b,0x0802564b,6,`#h[h[
0x57b3,0x080257b3,5,f*`#j
0x5846,0x08025846,7,bbch'm3
0x589f,0x0802589f,5,S3C;C
0x58a5,0x080258a5,7,"`""h0KQh"
0x58ad,0x080258ad,5,@S`!k
0x58bf,0x080258bf,7,"CS`""h*K"
0x58cd,0x080258cd,5,mcn!h
0x598e,0x0802598e,5,kdklC
0x59d1,0x080259d1,5, pG M
0x5a7b,0x08025a7b,6,tDgDh4
0x5af0,0x08025af0,7,0=:&DfO
0x5cad,0x08025cad,5,"!a""q"""
0x5dab,0x08025dab,5,"!a""q"""
0x5f3d,0x08025f3d,5,#iF(h
0x60c5,0x080260c5,5,#IF h
0x6103,0x08026103,5,"`""hSk"
0x62d5,0x080262d5,5,"`""hSk"
0x631b,0x0802631b,5, akac
0x646d,0x0802646d,7,2\eJvZn
0x65e6,0x080265e6,8,00ck+Ccc
0x66eb,0x080266eb,5,! h#g
0x66f7,0x080266f7,5,! hcg
0x6745,0x08026745,5,! h#f
0x6751,0x08026751,5,! hcf
0x67b8,0x080267b8,8,bk hbcVJ
0x67dd,0x080267dd,5,"#""hMI"
0x6807,0x08026807,7,2@#iF h
0x6971,0x08026971,5,cCcck
0x6986,0x08026986,6,"""iNKah"
0x6a05,0x08026a05,5,Sccck
0x6be2,0x08026be2,6,bh)F h
0x71cf,0x080271cf,7,"@+CS`""h"
0x7329,0x08027329,5,e#hZi
0x7393,0x08027393,5,e#hZi
0x751c,0x0802751c,5,b YiH
0x75e5,0x080275e5,5,G#o F
0x770f,0x0802770f,5,"`""h&K"
0x78dd,0x080278dd,5,#AHAM
0x794e,0x0802794e,5,3C&i#
0x7954,0x08027954,5,@s3C#
0x7aa9,0x08027aa9,5,#AHAM
0x7b1a,0x08027b1a,5,3C&i#
0x7b20,0x08027b20,5,@s3C#
0x7c21,0x08027c21,8,"@@M""j@N"""
0x7c31,0x08027c31,5,"C>K""b"
0x7c81,0x08027c81,5,"C,L,H"
0x7db0,0x08027db0,5,pG@+o
0x8037,0x08028037,6,"j]hXm"""
0x807d,0x0802807d,7,%]`XeHh
0x8087,0x08028087,6,"b""hSmC"
0x808f,0x0802808f,8,"cSe""hSm#"
0x8099,0x08028099,5,"cSe""h"
0x8149,0x08028149,6,"j]hXm"""
0x818d,0x0802818d,7,%]`XeHh
0x8197,0x08028197,6,"b""hSmC"
0x81a0,0x080281a0,7,"Se""hSm#"
0x829d,0x0802829d,5,L+CMh
0x82f4,0x080282f4,5,pGLj#
0x8345,0x08028345,5,i+C#C
0x835d,0x0802835d,7,"`DhKh""@"
0x8373,0x08028373,5,i+C#C
0x83af,0x080283af,5,CJh#C
0x8450,0x08028450,5,Ti#@C
0x84c9,0x080284c9,5,0@XpG
0x84d5,0x080284d5,5,FCbKh
0x84e3,0x080284e3,6,4#CLi 
0x84ed,0x080284ed,5, +C#C
0x85dc,0x080285dc,5,80pGO
0x85e3,0x080285e3,7,ppG@ pG
0x8734,0x08028734,5,80pGO
0x873b,0x0802873b,7,ppG@ pG
0x888c,0x0802888c,5,80pGO
0x8893,0x08028893,7,ppG@ pG
0x89e4,0x080289e4,5,80pGO
0x89eb,0x080289eb,7,ppG@ pG
0x8b3c,0x08028b3c,5,80pGO
0x8b43,0x08028b43,7,ppG@ pG
0x8c10,0x08028c10,5,pGKk[
0x8e9c,0x08028e9c,5,80pGO
0x8ea3,0x08028ea3,7,ppG@ pG
0x8fb5,0x08028fb5,6,KpGKkZ
0x90cc,0x080290cc,5,80pGO
0x90d3,0x080290d3,7,ppG@ pG
0x929c,0x0802929c,5,80pGO
0x92a3,0x080292a3,7,ppG@ pG
0x9319,0x08029319,5,$KJKK
0x935b,0x0802935b,6,KpGKk\
0x94a7,0x080294a7,6,KpGKk[
0x9569,0x08029569,5,h)H)L
0x96fc,0x080296fc,5,80pGO
0x9703,0x08029703,7,ppG@ pG
0x9779,0x08029779,5,$KJKK
0x97bb,0x080297bb,6,KpGKk\
0x9901,0x08029901,5,Dmh z
0x991d,0x0802991d,5,Dmh z
0x9a2c,0x08029a2c,6,(M9FCF
0x9aed,0x08029aed,5,jZx *
0x9b55,0x08029b55,6,jZy *~
0x9d27,0x08029d27,7,#@x*F9F
0x9d4f,0x08029d4f,7,#9F*F`x
0x9db8,0x08029db8,5,RRaA-
0x9ddb,0x08029ddb,5,#9F*F
0x9df3,0x08029df3,5,#2F9F
0x9e1f,0x08029e1f,7,#9F2F`x
0x9f4f,0x08029f4f,5,b;C`a
0x9f7f,0x08029f7f,7,#_I#p_J
0xa054,0x0802a054,6,5F9F F
0xa06f,0x0802a06f,5,E`a#b
0xa107,0x0802a107,6, RRaA-
0xa1df,0x0802a1df,5,@(F+j
0xa25b,0x0802a25b,6,t%D(k 
0xa287,0x0802a287,5,7(F+D
0xa2e1,0x0802a2e1,5,#:F1F
0xa32e,0x0802a32e,6,"ci""h 3"
0xa360,0x0802a360,6,"02ca""b"
0xa373,0x0802a373,5,#JF1F
0xa3a3,0x0802a3a3,7,#1FJFhx
0xa501,0x0802a501,5,2!F@F
0xa520,0x0802a520,6,"""FIF@F"
0xa6ee,0x0802a6ee,7, :/F #B
0xa704,0x0802a704,7,.0;x +_
0xa74e,0x0802a74e,6,$  + F
0xa793,0x0802a793,5,#*FIF
0xa82d,0x0802a82d,5,i'h 6
0xa915,0x0802a915,5,#:FIF
0xa945,0x0802a945,5,#IF:F
0xab1f,0x0802ab1f,6,33a3yC
0xab28,0x0802ab28,5,3qBEe
0xac39,0x0802ac39,5,#RFYF
0xac75,0x0802ac75,5,"F "" j"
0xacf9,0x0802acf9,5,#*FYF
0xad7b,0x0802ad7b,7,#YF*Fpx
0xadf2,0x0802adf2,6,"""FAFxx"
0xae21,0x0802ae21,7,"#AF""Fxx"
0xae91,0x0802ae91,5,#AFxx
0xaec3,0x0802aec3,7,#AF*Fxx
0xaf97,0x0802af97,5,##`(F
0xb0a6,0x0802b0a6,6,(FZirE
0xb149,0x0802b149,5,0au!b
0xb23d,0x0802b23d,5,>QF@F
0xb314,0x0802b314,6,*F1FKF
0xb44b,0x0802b44b,5,#XFcu
0xb691,0x0802b691,5,Fcu@F
0xb709,0x0802b709,5,Fcu@F
0xb85b,0x0802b85b,5, pGXx
0xb868,0x0802b868,5,#}%hZ
0xbb75,0x0802bb75,5,68F:D
0xbbb3,0x0802bbb3,5,F'h{i
0xbd6f,0x0802bd6f,6,F`L+h+
0xbd8b,0x0802bd8b,5, pGXx
0xbdbd,0x0802bdbd,5,i+h 7
0xbde6,0x0802bde6,10,03oaCD+bsz
0xbf58,0x0802bf58,6,#a1F F
0xbfe7,0x0802bfe7,5,"#""jpx"
0xc078,0x0802c078,6,b`\zZz
0xc088,0x0802c088,6,\r:$/#
0xc101,0x0802c101,5,#iF/H
0xc3b9,0x0802c3b9,6,"# F""`O"
0xc449,0x0802c449,5,# F#c
0xc5e1,0x0802c5e1,5,a{H{I
0xc5eb,0x0802c5eb,5,!zH{N
0xc61b,0x0802c61b,5,hzH7`
0xc629,0x0802c629,11,iyNyH7`WiyN
0xc639,0x0802c639,27,jxNxH7`xNWj7`xN1`xN3`xN3`xK
0xc665,0x0802c665,5,quKuJ
0xc66b,0x0802c66b,7,`uLvK!`
0xc687,0x0802c687,5,.rIsL
0xc69b,0x0802c69b,5,`oIpK
0xc6af,0x0802c6af,7,`lJmHmI
0xc723,0x0802c723,5,`PjH`
0xc87d,0x0802c87d,5,bPlHb
0xc8c3,0x0802c8c3,5,$\K]J
0xc8cb,0x0802c8cb,5,`\K1F
0xc8f1,0x0802c8f1,5,"`0""[H"
0xc8fe,0x0802c8fe,6,@b1FYH
0xc908,0x0802c908,6,XKYHYI
0xc9af,0x0802c9af,7,#<I(F<J
0xc9c1,0x0802c9c1,5,r4I9H
0xc9d1,0x0802c9d1,7,r1I7H#p
0xc9e1,0x0802c9e1,7,r.I4H#p
0xc9f1,0x0802c9f1,7,r+I1H#p
0xca01,0x0802ca01,7,r#I.H#p
0xcaf7,0x0802caf7,5,aXkHa
0xcb07,0x0802cb07,5,bXlHb
0xcb19,0x0802cb19,5,`YnQ`
0xcb29,0x0802cb29,5,aYoQa
0xcc85,0x0802cc85,5,bSnCb
0xcc95,0x0802cc95,5,cSoCc
0xcdcd,0x0802cdcd,5,%!H!L
0xcf1d,0x0802cf1d,5,%!H!L
0xd398,0x0802d398,6,"$O""F$I"
0xd3b2,0x0802d3b2,6,"""M:F""I"
0xd56b,0x0802d56b,5,"""@!zH"
0xd7f9,0x0802d7f9,5,`4HCc
0xd855,0x0802d855,5,"""@!#H"
0xd86d,0x0802d86d,5,K J[x
0xdac1,0x0802dac1,5,"""@!VH"
0xdb35,0x0802db35,5,"""@!HF"
0xdc97,0x0802dc97,7,#3``x#x
0xdca5,0x0802dca5,5,x3D&y
0xdd82,0x0802dd82,6,[L[N'h
0xdda3,0x0802dda3,6,4UH2`O
0xddde,0x0802ddde,5,Oh2/@
0xde96,0x0802de96,10,Ad0F NL`4h
0xdead,0x0802dead,5,"L""`zi"
0xdf23,0x0802df23,6, Hh2(@
0xdf97,0x0802df97,5,"L""`:i"
0xe00f,0x0802e00f,5,"""@!uH"
0xe473,0x0802e473,5,"""@!XF"
0xe5c9,0x0802e5c9,5,"""@!HF"
0xe61d,0x0802e61d,5,p0F=O
0xe667,0x0802e667,5,3sE;`
0xe757,0x0802e757,6,F5L6I-
0xea1a,0x0802ea1a,6,S`dJRh
0xeafe,0x0802eafe,5,GzDH`
0xeb68,0x0802eb68,11,",O-L-I8h#hQ"
0xeb94,0x0802eb94,5, P#`C
0xeccd,0x0802eccd,5,KZh;h
0xeef8,0x0802eef8,5,TzPKb
0xef7c,0x0802ef7c,5,1j6Kg
0xef98,0x0802ef98,5,",j/Kg"
0xeff3,0x0802eff3,5, fff?
0xf13e,0x0802f13e,5,  7DC
0xf2ce,0x0802f2ce,5,C:PN6
0x10069,0x08030069,5,zkHdK
0x10149,0x08030149,5,Z3L8K
0x1016d,0x0803016d,5,:#`2K
0x1039e,0x0803039e,5,uJSb>
0x103d1,0x080303d1,5,#AFkH
0x103d9,0x080303d9,5,03h'p
0x103e7,0x080303e7,5,"""AFfH"
0x103f6,0x080303f6,6,3hAFcJ
0x10424,0x08030424,5,VO#p@
0x1044f,0x0803044f,5,0LH;h
0x10458,0x08030458,6,;hQFJJ
0x104c6,0x080304c6,5,2KYbN
0x10c80,0x08030c80,6,ffffff
0x10cbf,0x08030cbf,5,AstWA
0x10ccb,0x08030ccb,5, ff&?
0x10ff0,0x08030ff0,6,ffffff
0x11023,0x08031023,5,AstWA
0x110ea,0x080310ea,5,ujuJ'
0x112e6,0x080312e6,8,<@fff?<#
0x1169b,0x0803169b,5,/fff?
0x1177f,0x0803177f,8,jYbSK[j[
0x119f3,0x080319f3,5,M1D<F
0x11e9a,0x08031e9a,5,$@5FV
0x11eaa,0x08031eaa,5,THTMP
0x11eee,0x08031eee,5,EzEI&
0x11f1e,0x08031f1e,5,9J:Hf
0x12103,0x08032103,5,HcF.h
0x121a2,0x080321a2,8,pHpIqNqL
0x12243,0x08032243,6,""")FPH+"
0x12250,0x08032250,6,3h)FMJ
0x12259,0x08032259,5,#KH+p
0x12485,0x08032485,5,"""@!oH"
0x124d7,0x080324d7,5,"""@![H"
0x12517,0x08032517,5,zLK[h
0x1252c,0x0803252c,6,P`HJRh
0x125b6,0x080325b6,6,*a%M-i
0x127cd,0x080327cd,6,p0F+hO
0x127e9,0x080327e9,5,K8p0F
0x127f6,0x080327f6,8,+h!F8pBF
0x12813,0x08032813,5,0!F8p
0x1281d,0x0803281d,5,0@#0F
0x1282e,0x0803282e,6,+h!F8p
0x12840,0x08032840,8,+hBF8p!F
0x12863,0x08032863,5,0F#8p
0x1286b,0x0803286b,5,p0F+h
0x12878,0x08032878,6,+h!F8p
0x1288a,0x0803288a,8,+h8pBF!F
0x128a7,0x080328a7,5,0!F8p
0x128c2,0x080328c2,6,+h!F8p
0x128d4,0x080328d4,8,+h8pBF!F
0x128f1,0x080328f1,5,0!F8p
0x1290a,0x0803290a,8,+h8pBF!F
0x12923,0x08032923,5,0!F8p
0x1293e,0x0803293e,6,+h!F8p
0x12950,0x08032950,8,+h8pBF!F
0x1296d,0x0803296d,5,0!F8p
0x12988,0x08032988,6,+h!F8p
0x1299a,0x0803299a,10,+hBF!F8p0F
0x129da,0x080329da,6,+h!F8p
0x129ec,0x080329ec,8,+h8pBF!F
0x12a17,0x08032a17,5,"""+h0F"
0x12a26,0x08032a26,8,+h:F!F0F
0x12a36,0x08032a36,6,+hBF!F
0x12a59,0x08032a59,5,00F+h
0x12a68,0x08032a68,8,+h:F!F0F
0x12a78,0x08032a78,6,+hBF!F
0x12e1a,0x08032e1a,5,"""FXFO"
0x12e26,0x08032e26,5,"""F0FH"
0x12e32,0x08032e32,5,"""F@FO"
0x12f8d,0x08032f8d,5,"#@""0F"
0x130e3,0x080330e3,5,F!F(F
0x132ac,0x080332ac,56,RIFFclm dabi80umdami23lfdasm23is80la80su61is42isfmt data
0x132e6,0x080332e6,6,0J0K1M
0x132ef,0x080332ef,7,F0N1O+`
0x13302,0x08033302,5,#h!FO
0x13505,0x08033505,5,B(\hT
0x135fa,0x080335fa,5,;z;L2
0x136cf,0x080336cf,9, 42is61is
0x1371f,0x0803371f,9,"!%H""#%M&J"
0x137b4,0x080337b4,25,42isWAVERIFFfmt 23isdata-
0x1380b,0x0803380b,5,h F9F
0x13a90,0x08033a90,16,RIFFdata80umdami
0x13aa4,0x08033aa4,13,23is80sufmt -
0x13ad4,0x08033ad4,8,;F2F)F F
0x13c1d,0x08033c1d,5,"""xI8F"
0x13de7,0x08033de7,13, specgfff61is
0x14466,0x08034466,6,*F)FkH
0x1447a,0x0803447a,6,*F !fH
0x144c0,0x080344c0,6,*F@!UH
0x144e0,0x080344e0,5,*FOHO
0x1451e,0x0803451e,7,EMEJC#O
0x14527,0x08034527,5,`+`Tc
0x14595,0x08034595,5,p)N{c
0x145b9,0x080345b9,5,"r""I""H"
0x145c7,0x080345c7,5,""" I!H"
0x14691,0x08034691,5,##aci
0x1469b,0x0803469b,5,#ca#j
0x146a5,0x080346a5,5,##bcj
0x146cd,0x080346cd,9,##c]O+h:h
0x146fd,0x080346fd,5,%WKUJ
0x14729,0x08034729,7,"""MIMHNO"
0x1478d,0x0803478d,7,#:I:J;H
0x147d8,0x080347d8,6,"9F""F0F"
0x147f5,0x080347f5,5,"""@! F"
0x1480f,0x0803480f,5,"""@! F"
0x148a2,0x080348a2,8,XKXJYIYH
0x14a29,0x08034a29,5,FwKwI
0x14a2f,0x08034a2f,5,`wKxJ
0x14a35,0x08034a35,5,`xKxH
0x14c33,0x08034c33,9,@{K|J|I}H
0x14fc3,0x08034fc3,5,#MJ;`
0x14ffd,0x08034ffd,5,`+F5F
0x15193,0x08035193,5,`AaAc
0x151b7,0x080351b7,5,#AaAc
0x152fb,0x080352fb,12,"JW#(F*`@""k`O"
0x15397,0x08035397,8,JX#(F*`O
0x15414,0x08035414,6,oJY#(F
0x1541b,0x0803541b,8,"`*`@""k`O"
0x154bb,0x080354bb,8,"b*`Z""kaO"
0x154c5,0x080354c5,5,"Cj`@"""
0x156ca,0x080356ca,5,#p x8
0x157c1,0x080357c1,5,KpGHJ
0x159b9,0x080359b9,7,b)`@!*a
0x15df9,0x08035df9,5,"""^I F"
0x161f5,0x080361f5,5,"""iF'H"
0x16439,0x08036439,5,K[XCP
0x165e4,0x080365e4,13,"""*+,:;<=>?[]|"
0x165f4,0x080365f4,17,CUEAAAACEEEIIIAAE
0x16607,0x08036607,9,OOOUUYOUO
0x16646,0x08036646,7,EEEIIII
0x1665d,0x0803665d,5,UUUYY
0x1769a,0x0803769a,6,b=u+{=
0x17705,0x08037705,7,\`>f|f>
0x17842,0x08037842,6,&?V6'?
0x17876,0x08037876,10,5?l 6?#:7?
0x17881,0x08037881,7,R8?Bh9?
0x178da,0x080378da,6,N? zO?
0x178e1,0x080378e1,7,dP?=MQ?
0x178fe,0x080378fe,11,V?&pW?SHX?j
0x17919,0x08037919,7,a\?S-]?
0x1792a,0x0803792a,6,_?!F`?
0x1793a,0x0803793a,7,b?Z<c?s
0x17986,0x08037986,7,n?0ho?s
0x179de,0x080379de,6,y?Nny?
0x17a02,0x08037a02,6,{?(;|?
0x17a15,0x08037a15,7,:}?tt}?
0x17a26,0x08037a26,6,~?#C~?
0x17abd,0x08037abd,8,p~?#C~?#
0x17ace,0x08037ace,6,}?tt}?
0x17ae1,0x08037ae1,8,~|?(;|?1
0x17b06,0x08037b06,6,y?Nny?
0x17b5e,0x08037b5e,6,o?0ho?
0x17baa,0x08037baa,6,c?Z<c?
0x17bba,0x08037bba,7,a?!F`?'
0x17bca,0x08037bca,6,]?S-]?
0x17be2,0x08037be2,10,Y?SHX?&pW?
0x17c01,0x08037c01,7,3R?=MQ?
0x17c09,0x08037c09,7,dP? zO?
0x17c61,0x08037c61,7,|:?Bh9?
0x17c69,0x08037c69,11,R8?#:7?l 6?
0x17ca1,0x08037ca1,7,f(?V6'?
0x17dde,0x08037dde,6,l>f|f>
0x17e4b,0x08037e4b,6,=u+{=g
0x1867f,0x0803867f,5,<kR@<
0x18e46,0x08038e46,6,@=h~0=
0x18e4d,0x08038e4d,5,i =gd
0x19679,0x08039679,5,#Z>1|
0x196b6,0x080396b6,7,??DoA?i
0x1973e,0x0803973e,11,B?M0D?}xF?;
0x1975e,0x0803975e,10,F?v6D?HnA?
0x19786,0x08039786,6,??b.A?
0x1978d,0x0803978d,7,'B?PsB?
0x197da,0x080397da,6,9?wi7?
0x197f1,0x080397f1,11,{/?H2/?Cu/?
0x1981e,0x0803981e,6,0?:].?
0x19841,0x08039841,7,q*?&:+?
0x19855,0x08039855,8,Q+?_A*?@
0x19869,0x08039869,8,W$?$F#?^
0x1989e,0x0803989e,6,!?0F ?
0x19c2a,0x08039c2a,7,w>Ktv>[
0x19c6d,0x08039c6d,15, [>3nZ>F?Z>!WZ>
0x19c7d,0x08039c7d,7,mZ>!<Z>
0x19c96,0x08039c96,7,O>pyL>n
0x19cae,0x08039cae,6,?>5'?>
0x19cca,0x08039cca,7,<>}Y:>H
0x19cea,0x08039cea,6,%>Tt$>
0x19cfe,0x08039cfe,6,#>'h#>
0x19ddd,0x08039ddd,7,|z=A(o=
0x19df2,0x08039df2,6,Z=LUZ=
0x1a6a7,0x0803a6a7,5,<0\#<
0x1a6c2,0x0803a6c2,6,n<KQ{<
0x1a73f,0x0803a73f,5,=-. =
0x1a745,0x0803a745,7,Q#=du&=
0x1a75d,0x0803a75d,7,&6=lJ9=
0x1a796,0x0803a796,15,b=j7e=bZh=Q}k=8
0x1a7b2,0x0803a7b2,11,x=t+{=+N~=l
0x1a9b6,0x0803a9b6,6,""">5r#>"
0x1a9ca,0x0803a9ca,6,&>QR'>
0x1aa35,0x0803aa35,7,n;>v4<>
0x1aa69,0x0803aa69,7,vE>M;F>
0x1aa8a,0x0803aa8a,11,K>gdL>g)M>`
0x1aa9a,0x0803aa9a,6,N>8xO>
0x1aaae,0x0803aaae,6,R>IPS>
0x1aace,0x0803aace,6,"X>""uY>"
0x1aaf5,0x0803aaf5,8,\`>< a>\
0x1ab12,0x0803ab12,11,"e>f|f>H@g>"""
0x1ab26,0x0803ab26,7,i>yOj>/
0x1ab46,0x0803ab46,6,o>(lp>
0x1ab8a,0x0803ab8a,10,|>Va}> $~>
0x1b43a,0x0803b43a,10, ?;E ?jl ?
0x1b489,0x0803b489,7,)#?KP#?
0x1b4be,0x0803b4be,6,%?kE%?
0x1b4d6,0x0803b4d6,6,&?J+&?
0x1b4f2,0x0803b4f2,11,'?V6'?b\'?h
0x1b50e,0x0803b50e,6,(?&@(?
0x1b52d,0x0803b52d,7,H)?in)?
0x1b565,0x0803b565,7,V+?p{+?
0x1b596,0x0803b596,11,-?o9-?o^-?g
0x1b5ed,0x0803b5ed,7,<0?Pa0?
0x1b606,0x0803b606,6,1?k;1?
0x1b641,0x0803b641,12,43?zX3?U|3?)
0x1b65a,0x0803b65a,6,4?4/4?
0x1b676,0x0803b676,6,5?{(5?
0x1b67d,0x0803b67d,7,K5?uo5?
0x1b692,0x0803b692,6,5?l 6?
0x1b6b2,0x0803b6b2,11,7?#:7?:]7?J
0x1b6ce,0x0803b6ce,6,8?0/8?
0x1b6f1,0x0803b6f1,7,E9?Bh9?
0x1b70d,0x0803b70d,7,7:?1Z:?
0x1b726,0x0803b726,6,;?y(;?
0x1b769,0x0803b769,8,I=?gk=?4
0x1b785,0x0803b785,7,5>?fW>?
0x1b7a5,0x0803b7a5,7,A??bc??
0x1b7be,0x0803b7be,10,@?*+@?\L@?
0x1b805,0x0803b805,7,[B?<|B?
0x1b821,0x0803b821,7,?C?Q`C?
0x1b841,0x0803b841,8,BD?7cD?r
0x1b85a,0x0803b85a,15,E?&$E?3DE?9dE?7
0x1b881,0x0803b881,7,CF?TcF?
0x1b89a,0x0803b89a,6,G?g!G?
0x1b8be,0x0803b8be,6,H?|<H?
0x1b8e1,0x0803b8e1,12,6I?!UI?)tI?)
0x1b905,0x0803b905,7,LJ?QkJ?
0x1b91e,0x0803b91e,6,K?g#K?
0x1b942,0x0803b942,6,L?x5L?
0x1b986,0x0803b986,6,N?V4N?
0x1b9a9,0x0803b9a9,7,!O?+?O?
0x1b9ca,0x0803b9ca,10,P?;*P?yGP?
0x1b9ee,0x0803b9ee,14,Q?G0Q?=MQ?*jQ?
0x1ba15,0x0803ba15,7,3R?sPR?
0x1ba3d,0x0803ba3d,7,QS?tmS?
0x1ba5d,0x0803ba5d,12,3T?*OT?;kT?E
0x1ba85,0x0803ba85,8,"JU?lfU?,"
0x1baad,0x0803baad,7,_V?xzV?
0x1bad1,0x0803bad1,8,TW?&pW?H
0x1baee,0x0803baee,14,X?j-X?SHX?3cX?
0x1bb1d,0x0803bb1d,7,SY?)nY?
0x1bb3d,0x0803bb3d,7,'Z?_AZ?
0x1bb62,0x0803bb62,18,"[?y,[?nF[?Z`[?>z[?"
0x1bb8d,0x0803bb8d,7,.\?/H\?
0x1bb95,0x0803bb95,7,a\?V{\?
0x1bbb2,0x0803bbb2,6,]?S-]?
0x1bc05,0x0803bc05,7, _?{9_?
0x1bc31,0x0803bc31,11,-`?!F`?Z^`?
0x1bc65,0x0803bc65,8,"fa?[~a?"""
0x1bc89,0x0803bc89,7,;b?&Sb?
0x1bcae,0x0803bcae,14,c?/%c?Z<c?{Sc?
0x1bcda,0x0803bcda,6,"d?!""d?"
0x1bce5,0x0803bce5,7,Od?efd?
0x1bd0a,0x0803bd0a,6,e?T1e?
0x1bd15,0x0803bd15,7,^e?Zte?
0x1bd41,0x0803bd41,12,Qf?qgf?U}f?0
0x1bd66,0x0803bd66,6,g?6+g?
0x1bd6d,0x0803bd6d,7,@g?UVg?
0x1bd9d,0x0803bd9d,12,Ah?#Vh?9kh?G
0x1bdc6,0x0803bdc6,10,i?t'i?2<i?
0x1bdd5,0x0803bdd5,7,ei?3zi?
0x1bdfa,0x0803bdfa,6,j?R2j?
0x1be2a,0x0803be2a,10,k?^#k?97k?
0x1be61,0x0803be61,7,"""l?$6l?"
0x1bea5,0x0803bea5,8,gm?lzm?-
0x1becd,0x0803becd,7,!n?Y4n?
0x1bed9,0x0803bed9,7,Yn?mkn?
0x1bf0d,0x0803bf0d,11,Do?^Vo?0ho?
0x1bf41,0x0803bf41,7,)p?7;p?
0x1bf4d,0x0803bf4d,8,]p?(op?f
0x1bf81,0x0803bf81,11,;q?zLq??]q?
0x1bfbd,0x0803bfbd,11,3r?7Dr?pTr?
0x1bffd,0x0803bffd,7,3s?kCs?
0x1c009,0x0803c009,7,bs?9rs?
0x1c03a,0x0803c03a,27,"t?'*t?>9t?KHt?OWt?Ift?:ut?"""
0x1c08d,0x0803c08d,7,Pu?G_u?
0x1c0c6,0x0803c0c6,6,v?P$v?
0x1c0d5,0x0803c0d5,7,Mv?F[v?
0x1c115,0x0803c115,23,$w?.1w?<>w?@Kw?:Xw?+ew?
0x1c165,0x0803c165,11,"""x?)/x?w;x?"
0x1c175,0x0803c175,15,Sx?*`x?Rlx?qxx?
0x1c1bd,0x0803c1bd,7,)y?D5y?
0x1c1c5,0x0803c1c5,7,@y?2Ly?
0x1c1d1,0x0803c1d1,7,by?Nny?
0x1c216,0x0803c216,6,z?6)z?
0x1c21d,0x0803c21d,7,3z?|>z?
0x1c235,0x0803c235,7,sz?f}z?
0x1c27a,0x0803c27a,6,{?H({?
0x1c285,0x0803c285,7,;{?NE{?
0x1c28d,0x0803c28d,7,N{?vX{?
0x1c295,0x0803c295,7,a{?xk{?
0x1c29d,0x0803c29d,7,t{?S~{?
0x1c2e6,0x0803c2e6,6,|?4!|?
0x1c2f1,0x0803c2f1,7,2|?(;|?
0x1c2f9,0x0803c2f9,7,C|?DL|?
0x1c301,0x0803c301,7,T|?:]|?
0x1c30d,0x0803c30d,7,n|?av|?
0x1c366,0x0803c366,6,}?`$}?
0x1c36d,0x0803c36d,7,+}?G3}?
0x1c379,0x0803c379,7,B}?YI}?
0x1c389,0x0803c389,15,_}?=f}?^m}?tt}?
0x1c3fe,0x0803c3fe,26,~?m%~?r+~?m1~?^7~?F=~?#C~?
0x1c421,0x0803c421,7,T~?8Z~?
0x1c42d,0x0803c42d,7,e~?!k~?
0x1c435,0x0803c435,7,p~?5v~?
0x1c8ad,0x0803c8ad,7,{~?5v~?
0x1c8b5,0x0803c8b5,7,p~?!k~?
0x1c8c1,0x0803c8c1,7,_~?8Z~?
0x1c8d1,0x0803c8d1,28,H~?#C~?F=~?^7~?m1~?r+~?m%~?^
0x1c951,0x0803c951,15,{}?tt}?^m}?=f}?
0x1c969,0x0803c969,7,P}?YI}?
0x1c975,0x0803c975,7,:}?G3}?
0x1c97d,0x0803c97d,7,+}?`$}?
0x1c9d5,0x0803c9d5,7,~|?av|?
0x1c9e1,0x0803c9e1,7,e|?:]|?
0x1c9e9,0x0803c9e9,7,T|?DL|?
0x1c9f1,0x0803c9f1,7,C|?(;|?
0x1c9fd,0x0803c9fd,8,)|?4!|?z
0x1ca46,0x0803ca46,6,{?S~{?
0x1ca4d,0x0803ca4d,7,t{?xk{?
0x1ca55,0x0803ca55,7,a{?vX{?
0x1ca5d,0x0803ca5d,7,N{?NE{?
0x1ca69,0x0803ca69,7,1{?H({?
0x1caae,0x0803caae,6,z?f}z?
0x1cac5,0x0803cac5,7,Iz?|>z?
0x1cacd,0x0803cacd,7,3z?6)z?
0x1cb11,0x0803cb11,7,yy?Nny?
0x1cb1d,0x0803cb1d,7,Wy?2Ly?
0x1cb25,0x0803cb25,7,@y?D5y?
0x1cb66,0x0803cb66,14,x?qxx?Rlx?*`x?
0x1cb79,0x0803cb79,11,Gx?w;x?)/x?
0x1cbbd,0x0803cbbd,23,rw?+ew?:Xw?@Kw?<>w?.1w?
0x1cc0d,0x0803cc0d,7,hv?F[v?
0x1cc1d,0x0803cc1d,8,2v?P$v?z
0x1cc55,0x0803cc55,7,mu?G_u?
0x1cc96,0x0803cc96,26,t?:ut?Ift?OWt?KHt?>9t?'*t?
0x1ccda,0x0803ccda,6,s?9rs?
0x1cce5,0x0803cce5,7,Ss?kCs?
0x1cd21,0x0803cd21,11,dr?pTr?7Dr?
0x1cd5d,0x0803cd5d,11,mq??]q?zLq?
0x1cd96,0x0803cd96,6,p?(op?
0x1cda1,0x0803cda1,7,Lp?7;p?
0x1cdd1,0x0803cdd1,11,yo?0ho?^Vo?
0x1ce09,0x0803ce09,7,}n?mkn?
0x1ce15,0x0803ce15,7,Fn?Y4n?
0x1ce3e,0x0803ce3e,6,m?lzm?
0x1ce81,0x0803ce81,7,Il?$6l?
0x1ceb5,0x0803ceb5,12,Kk?97k?^#k?y
0x1cee9,0x0803cee9,7,Fj?R2j?
0x1cf0e,0x0803cf0e,6,i?3zi?
0x1cf19,0x0803cf19,11,Pi?2<i?t'i?
0x1cf42,0x0803cf42,10,h?9kh?#Vh?
0x1cf75,0x0803cf75,7,kg?UVg?
0x1cf7d,0x0803cf7d,7,@g?6+g?
0x1cf9e,0x0803cf9e,10,f?U}f?qgf?
0x1cfce,0x0803cfce,6,e?Zte?
0x1cfd9,0x0803cfd9,7,Ge?T1e?
0x1cffd,0x0803cffd,7,}d?efd?
0x1d009,0x0803d009,8,"8d?!""d?N"
0x1d02d,0x0803d02d,15,jc?{Sc?Z<c?/%c?
0x1d059,0x0803d059,7,jb?&Sb?
0x1d07e,0x0803d07e,6,a?[~a?
0x1d0ad,0x0803d0ad,11,v`?Z^`?!F`?
0x1d0dd,0x0803d0dd,7,R_?{9_?
0x1d131,0x0803d131,7,F]?S-]?
0x1d14e,0x0803d14e,6,\?V{\?
0x1d155,0x0803d155,7,a\?/H\?
0x1d176,0x0803d176,19,"[?>z[?Z`[?nF[?y,[?{"
0x1d1a5,0x0803d1a5,7,[Z?_AZ?
0x1d1c6,0x0803d1c6,6,Y?)nY?
0x1d1ed,0x0803d1ed,16,~X?3cX?SHX?j-X?y
0x1d212,0x0803d212,6,W?&pW?
0x1d236,0x0803d236,6,V?xzV?
0x1d25e,0x0803d25e,6,U?lfU?
0x1d282,0x0803d282,10,T?;kT?*OT?
0x1d2a6,0x0803d2a6,6,S?tmS?
0x1d2cd,0x0803d2cd,7,mR?sPR?
0x1d2ee,0x0803d2ee,15,Q?*jQ?=MQ?G0Q?J
0x1d315,0x0803d315,11,dP?yGP?;*P?
0x1d339,0x0803d339,7,\O?+?O?
0x1d35d,0x0803d35d,7,RN?V4N?
0x1d3a1,0x0803d3a1,8,SL?x5L?#
0x1d3c5,0x0803d3c5,7,AK?g#K?
0x1d3de,0x0803d3de,6,J?QkJ?
0x1d3fe,0x0803d3fe,10,I?)tI?!UI?
0x1d425,0x0803d425,8,[H?|<H?'
0x1d449,0x0803d449,7,@G?g!G?
0x1d462,0x0803d462,6,F?TcF?
0x1d482,0x0803d482,14,E?9dE?3DE?&$E?
0x1d4a2,0x0803d4a2,6,D?7cD?
0x1d4c2,0x0803d4c2,6,C?Q`C?
0x1d4de,0x0803d4de,6,B?<|B?
0x1d521,0x0803d521,11,m@?\L@?*+@?
0x1d53e,0x0803d53e,6,??bc??
0x1d55d,0x0803d55d,7,x>?fW>?
0x1d57a,0x0803d57a,6,=?gk=?
0x1d5bd,0x0803d5bd,8,J;?y(;?)
0x1d5d5,0x0803d5d5,7,|:?1Z:?
0x1d5f2,0x0803d5f2,6,9?Bh9?
0x1d615,0x0803d615,8,R8?0/8?C
0x1d62e,0x0803d62e,10,7?:]7?#:7?
0x1d651,0x0803d651,7,C6?l 6?
0x1d666,0x0803d666,6,5?uo5?
0x1d66d,0x0803d66d,7,K5?{(5?
0x1d689,0x0803d689,8,R4?4/4?{
0x1d69e,0x0803d69e,10,3?U|3?zX3?
0x1d6dd,0x0803d6dd,8,"_1?k;1?"""
0x1d6f6,0x0803d6f6,6,0?Pa0?
0x1d74a,0x0803d74a,11,-?o^-?o9-?i
0x1d77e,0x0803d77e,6,+?p{+?
0x1d7b6,0x0803d7b6,6,)?in)?
0x1d7d5,0x0803d7d5,8,f(?&@(?@
0x1d7ee,0x0803d7ee,11,'?b\'?V6'?C
0x1d80d,0x0803d80d,7,Q&?J+&?
0x1d825,0x0803d825,7,k%?kE%?
0x1d859,0x0803d859,7,v#?KP#?
0x1d8a6,0x0803d8a6,10, ?jl ?;E ?
0x1e156,0x0803e156,10,~> $~>Va}>
0x1e19d,0x0803e19d,7,/q>(lp>
0x1e1be,0x0803e1be,6,k>yOj>
0x1e1ce,0x0803e1ce,11,h>H@g>f|f>z
0x1e1ee,0x0803e1ee,6,a>< a>
0x1e215,0x0803e215,7,"9Z>""uY>"
0x1e236,0x0803e236,6,T>IPS>
0x1e249,0x0803e249,8,=P>8xO>P
0x1e256,0x0803e256,11,M>g)M>gdL>_
0x1e27a,0x0803e27a,6,G>M;F>
0x1e2ae,0x0803e2ae,6,<>v4<>
0x1e31a,0x0803e31a,6,(>QR'>
0x1e32d,0x0803e32d,7,8$>5r#>
0x1e52f,0x0803e52f,9,=+N~=t+{=
0x1e546,0x0803e546,15,n=Q}k=bZh=j7e=i
0x1e585,0x0803e585,7,m<=lJ9=
0x1e59e,0x0803e59e,6,)=du&=
0x1e5a5,0x0803e5a5,7,Q#=-. =
0x1e623,0x0803e623,5,<KQ{<
0x1e63e,0x0803e63e,7,/<0\#<X
0x2268e,0x0804268e,6,7:19=:
0x22699,0x08042699,11,yH:{YN:jeT:
0x226b1,0x080426b1,8,hn:hdu:4
0x2274e,0x0804274e,6,7;-9=;
0x22759,0x08042759,11,yH;{YN;aeT;
0x22771,0x08042771,8,hn;qdu;8
0x2280e,0x0804280e,6,7<-9=<
0x22819,0x08042819,11,yH<zYN<aeT<
0x22831,0x08042831,8,hn<ndu<6
0x228ce,0x080428ce,6,7=-9==
0x228d9,0x080428d9,11,yH=zYN=beT=
0x228f1,0x080428f1,8,hn=odu=6
0x2298e,0x0804298e,6,7>-9=>
0x22999,0x08042999,11,yH>zYN>beT>
0x229b1,0x080429b1,8,hn>odu>6
0x22a4e,0x08042a4e,6,7?-9=?
0x22a59,0x08042a59,11,yH?zYN?beT?
0x22e99,0x08042e99,8,c|?9)|?k
0x22ea9,0x08042ea9,7,{{?WB{?
0x22eba,0x08042eba,6,z?O\z?
0x22eee,0x08042eee,6,w?Ovw?
0x22f02,0x08042f02,6,v?B[v?
0x22f15,0x08042f15,8,yu?tAu?9
0x22f3a,0x08042f3a,6,s?ZIs?
0x22f5e,0x08042f5e,6,q?PUq?
0x22f6e,0x08042f6e,11,p?Sxp?FAp?(
0x22f82,0x08042f82,10,o?Eeo?j.o?
0x22f96,0x08042f96,6,n?vSn?
0x22fa6,0x08042fa6,6,m?:ym?
0x22fbd,0x08042fbd,8,il?a3l??
0x22fd1,0x08042fd1,8,[k?-%k?N
0x22ff2,0x08042ff2,6,i?dwi?
0x23006,0x08043006,6,h?Ulh?
0x2301a,0x0804301a,11,g?tbg?o-g?j
0x23042,0x08043042,6,e?LRe?
0x230a5,0x080430a5,7,q`?S>`?
0x230ca,0x080430ca,10,^?iq^?l>^?
0x230e1,0x080430e1,8,r]?5@]?|
0x23106,0x08043106,6,[?ty[?
0x2311a,0x0804311a,11,Z?c~Z?QLZ??
0x23149,0x08043149,7,YX?p(X?
0x2315d,0x0804315d,7,bW?+1W?
0x2319d,0x0804319d,7,QT?K!T?
0x231c2,0x080431c2,6,R?HmR?
0x231ee,0x080431ee,10,P? ]P?Z-P?
0x23205,0x08043205,7,nO?B?O?
0x2321a,0x0804321a,6,N?&RN?
0x2322e,0x0804322e,6,M?'fM?
0x23242,0x08043242,11,L?5{L?YLL?~
0x232de,0x080432de,6,E?%vE?
0x232f6,0x080432f6,11,D?8gD?2:D?=
0x23322,0x08043322,6,B?BzB?
0x23329,0x08043329,7,MB?2!B?
0x2333a,0x0804333a,6,A?voA?
0x2336d,0x0804336d,8,^??82??`
0x23382,0x08043382,6,>?uW>?
0x23399,0x08043399,7,}=?LR=?
0x233b5,0x080433b5,8,N<?d#<?D
0x233c6,0x080433c6,15,;?)w;?+L;?>!;?b
0x233e1,0x080433e1,11,u:?4K:?y :?
0x23411,0x08043411,7,w8?UM8?
0x23429,0x08043429,12,z7?nP7?l&7?z
0x23445,0x08043445,8,T6?(+6?i
0x2345d,0x0804345d,7,Z5?315?
0x2348a,0x0804348a,11,3?bj3?JA3?3
0x234a2,0x080434a2,10,2?:t2?UK2?
0x234d6,0x080434d6,6,0?Zc0?
0x234ee,0x080434ee,10,/?Tq/?(I/?
0x23522,0x08043522,6,-?ni-?
0x2353a,0x0804353a,6,",?x{,?"
0x23541,0x08043541,7,"S,?o,,?"
0x23559,0x08043559,7,g+?>@+?
0x2356e,0x0804356e,15,*?J|*?;U*?<.*?-
0x235a6,0x080435a6,6,(?y\(?
0x235be,0x080435be,6,'?uu'?
0x235da,0x080435da,11,&?{i&?WC&?C
0x235f6,0x080435f6,11,%?5_%?T9%?s
0x2360e,0x0804360e,6,$?R|$?
0x2362a,0x0804362a,6,#?!u#?
0x23631,0x08043631,7,O#?9*#?
0x23649,0x08043649,11,"o""?ZJ""?1%""?"
0x2367e,0x0804367e,6, ?si ?
0x25a73,0x08045a73,11,?spect*.wav
0x25a80,0x08045a80,10,speca*.wav
0x25a8c,0x08045a8c,10,specb*.wav
0x269b6,0x080469b6,6,99iBj<
0x26e9f,0x08046e9f,9,9!BX9y6A=
0x26f21,0x08046f21,7,+w8/RT=
0x26f2e,0x08046f2e,6,M8v+r<
0x26f4e,0x08046f4e,7,^<7I\<v
0x27163,0x08047163,5,9)\09
0x279ff,0x080479ff,5,9)jN=
0x27a3f,0x08047a3f,6,9G}:=m
0x27a57,0x08047a57,6,9g=5=b
0x27a77,0x08047a77,6,9B[/=X
0x296e1,0x080496e1,5,dU=@#
0x29752,0x08049752,6,[<#SY<
0x2975e,0x0804975e,7,T<;QR<R
0x2977d,0x0804977d,8,>D<CmB<H
0x2978a,0x0804978a,6,><8J=<
0x2979f,0x0804979f,9,= 0z=Cq[=
0x297a9,0x080497a9,8,+Q=FaS=a
0x2982b,0x0804982b,5,<Ri~<
0x29836,0x08049836,7,w<W2t<G
0x2986e,0x0804986e,6,R<9iP<
0x29875,0x08049875,7,lN<zoL<
0x298b6,0x080498b6,6,k=N8T=
0x29a52,0x08049a52,6,|</1y<
0x29a5e,0x08049a5e,6,s<A(q<
0x29a72,0x08049a72,6,g<(Qe<
