file_offset,flash_address,length,text,classification
0x02d0,0x080202d0,8,;F2F!F(F,unclassified_may_be_instruction_bytes
0x031c,0x0802031c,8,;F2F!F(F,unclassified_may_be_instruction_bytes
0x0364,0x08020364,8,;F2F!F(F,unclassified_may_be_instruction_bytes
0x0486,0x08020486,6,#lHJII,unclassified_may_be_instruction_bytes
0x048d,0x0802048d,6,@#hHMB,unclassified_may_be_instruction_bytes
0x049c,0x0802049c,8,@2J`Hhbh,unclassified_may_be_instruction_bytes
0x04a5,0x080204a5,8,CJ`^h'i&,unclassified_may_be_instruction_bytes
0x04bf,0x080204bf,6,BX`Xh ,unclassified_may_be_instruction_bytes
0x04c6,0x080204c6,7,@pX`XhA,unclassified_may_be_instruction_bytes
0x055f,0x0802055f,6,`fd#l#,unclassified_may_be_instruction_bytes
0x0598,0x08020598,7,`BZ`ZhB,unclassified_may_be_instruction_bytes
0x0a13,0x08020a13,7,"C""iai(C",unclassified_may_be_instruction_bytes
0x0a25,0x08020a25,9,C6J1C:@gj,unclassified_may_be_instruction_bytes
0x0b4d,0x08020b4d,6,h%h@/%,unclassified_may_be_instruction_bytes
0x0f59,0x08020f59,7,JY`Z`pG,unclassified_may_be_instruction_bytes
0x112c,0x0802112c,10,6JSi3CSa#h,unclassified_may_be_instruction_bytes
0x1145,0x08021145,6," &|Ji""",unclassified_may_be_instruction_bytes
0x1547,0x08021547,9,%  3@S`ed,unclassified_may_be_instruction_bytes
0x1619,0x08021619,9,%  3@S`ed,unclassified_may_be_instruction_bytes
0x16a4,0x080216a4,6,#h$!bh,unclassified_may_be_instruction_bytes
0x17af,0x080217af,6, GJ9@ ,unclassified_may_be_instruction_bytes
0x1814,0x08021814,6,Hh-J.K,unclassified_may_be_instruction_bytes
0x18b3,0x080218b3,7,a]h*@Z`,unclassified_may_be_instruction_bytes
0x1913,0x08021913,12,U%`%h)C!`!hA,unclassified_may_be_instruction_bytes
0x2452,0x08022452,6,#HpGSh,unclassified_may_be_instruction_bytes
0x2517,0x08022517,6,"`er""r8",unclassified_may_be_instruction_bytes
0x26c1,0x080226c1,6,1!bgh7,unclassified_may_be_instruction_bytes
0x2701,0x08022701,7,C`j7C&i,unclassified_may_be_instruction_bytes
0x2709,0x08022709,11,C`i>CdO0CdN,unclassified_may_be_instruction_bytes
0x272b,0x0802272b,8,@!mW`WhG,unclassified_may_be_instruction_bytes
0x2f60,0x08022f60,8,")C""C4FZ`",unclassified_may_be_instruction_bytes
0x2fb7,0x08022fb7,9,"K2C;@*C""C",unclassified_may_be_instruction_bytes
0x3443,0x08023443,6,`|J#`O,unclassified_may_be_instruction_bytes
0x3464,0x08023464,6,~^Q`xI,unclassified_may_be_instruction_bytes
0x37c1,0x080237c1,7,c:cze:e,unclassified_may_be_instruction_bytes
0x385f,0x0802385f,6,N0K1IC,unclassified_may_be_instruction_bytes
0x386f,0x0802386f,7,`/K0I0L,unclassified_may_be_instruction_bytes
0x3877,0x08023877,7,`0K1I#`,unclassified_may_be_instruction_bytes
0x3882,0x08023882,8,>S/L0I#`,unclassified_may_be_instruction_bytes
0x388b,0x0802388b,7,`/K0I0L,unclassified_may_be_instruction_bytes
0x3b31,0x08023b31,6,B `lJB,unclassified_may_be_instruction_bytes
0x3b50,0x08023b50,6,"hLXh""h",unclassified_may_be_instruction_bytes
0x40df,0x080240df,6, 333?T,unclassified_may_be_instruction_bytes
0x593e,0x0802593e,6,f` a]`,unclassified_may_be_instruction_bytes
0x5b63,0x08025b63,7,z9M!h9H,unclassified_may_be_instruction_bytes
0x637a,0x0802637a,8,@N=J7F)`,unclassified_may_be_instruction_bytes
0x6612,0x08026612,6,'zpIqJ,unclassified_may_be_instruction_bytes
0x6715,0x08026715,7,"`(`""h>H",unclassified_may_be_instruction_bytes
0x6bfe,0x08026bfe,9,NNr'*h4!3,unclassified_may_be_instruction_bytes
0x6d7a,0x08026d7a,8,4!HFep&p,unclassified_may_be_instruction_bytes
0x6da6,0x08026da6,6, Fc`!`,unclassified_may_be_instruction_bytes
0x6ddd,0x08026ddd,9,`e`Zd[l!`,unclassified_may_be_instruction_bytes
0x6e4f,0x08026e4f,9,#!Fg`#`0F,unclassified_may_be_instruction_bytes
0x6e67,0x08026e67,9,#!Fg`#`0F,unclassified_may_be_instruction_bytes
0x6ec1,0x08026ec1,6,*3=HQ[,unclassified_may_be_instruction_bytes
0x6ec8,0x08026ec8,8,-H.K.I/J,unclassified_may_be_instruction_bytes
0x6edc,0x08026edc,10,zU*L'I+H)K,unclassified_may_be_instruction_bytes
0x6ef0,0x08026ef0,10,pG#L'M$I'H,unclassified_may_be_instruction_bytes
0x6f05,0x08026f05,7, !K$J%`,unclassified_may_be_instruction_bytes
0x6f83,0x08026f83,7, 33s?LX,unclassified_may_be_instruction_bytes
0x6f9a,0x08026f9a,6,L?333?,unclassified_may_be_instruction_bytes
0x72c7,0x080272c7,7, ~EJ<pX,unclassified_may_be_instruction_bytes
0x767d,0x0802767d,9,I;`3`+`#`,unclassified_may_be_instruction_bytes
0x7755,0x08027755,7,'#CwH:F,unclassified_may_be_instruction_bytes
0x7824,0x08027824,6,+k:FAF,unclassified_may_be_instruction_bytes
0x7842,0x08027842,6,+c+kUF,unclassified_may_be_instruction_bytes
0x785a,0x0802785a,6,:FAF/ ,unclassified_may_be_instruction_bytes
0x786a,0x0802786a,6,:FIF8 ,unclassified_may_be_instruction_bytes
0x787a,0x0802787a,6,:F9F9 ,unclassified_may_be_instruction_bytes
0x788a,0x0802788a,6,:F9FD ,unclassified_may_be_instruction_bytes
0x79df,0x080279df,6,#1F(FO,unclassified_may_be_instruction_bytes
0x7a4c,0x08027a4c,8,uK(F1FuM,unclassified_may_be_instruction_bytes
0x7ac5,0x08027ac5,7,bCF*`JF,unclassified_may_be_instruction_bytes
0x7ae8,0x08027ae8,6,CF(a(F,unclassified_may_be_instruction_bytes
0x7b3f,0x08027b3f,7,"""(`(F)b",unclassified_may_be_instruction_bytes
0x7b72,0x08027b72,8,8J8I9K9H,unclassified_may_be_instruction_bytes
0x7bde,0x08027bde,6,"""I$J%K",unclassified_may_be_instruction_bytes
0x7c2b,0x08027c2b,7,@hG@ PV,unclassified_may_be_instruction_bytes
0x7e7f,0x08027e7f,6,lp`0FA,unclassified_may_be_instruction_bytes
0x80af,0x080280af,7,@;K`!;H,unclassified_may_be_instruction_bytes
0x82f1,0x080282f1,8,`pGchah[,unclassified_may_be_instruction_bytes
0x8462,0x08028462,6,&aea>D,unclassified_may_be_instruction_bytes
0x846d,0x0802846d,6,`FFFE(,unclassified_may_be_instruction_bytes
0x8474,0x08028474,8,FF2FIF h,unclassified_may_be_instruction_bytes
0x84d6,0x080284d6,6,*07F<F,unclassified_may_be_instruction_bytes
0x84f2,0x080284f2,8,KF2F)F@F,unclassified_may_be_instruction_bytes
0x855a,0x0802855a,6,"S ""x**",unclassified_may_be_instruction_bytes
0x86c5,0x080286c5,7,#RF9F0F,unclassified_may_be_instruction_bytes
0x874f,0x0802874f,7,"#""F9F0F",unclassified_may_be_instruction_bytes
0x8835,0x08028835,7,"h""~\Io*",unclassified_may_be_instruction_bytes
0x8958,0x08028958,8,#i*F9F0F,unclassified_may_be_instruction_bytes
0x8975,0x08028975,7,#JF9F0F,unclassified_may_be_instruction_bytes
0x8b20,0x08028b20,6,!`\`(F,unclassified_may_be_instruction_bytes
0x8b78,0x08028b78,6,chKhc`,unclassified_may_be_instruction_bytes
0x8b98,0x08028b98,6, `)F0F,unclassified_may_be_instruction_bytes
0x8c5b,0x08028c5b,6, pGpGQ,unclassified_may_be_instruction_bytes
0x8c7c,0x08028c7c,12,Stack frame:,diagnostic_region
0x8c8c,0x08028c8c,11, R0 =  %08X,diagnostic_region
0x8c9c,0x08028c9c,11, R1 =  %08X,diagnostic_region
0x8cac,0x08028cac,11, R2 =  %08X,diagnostic_region
0x8cbc,0x08028cbc,11, R3 =  %08X,diagnostic_region
0x8ccc,0x08028ccc,11, R12 = %08X,diagnostic_region
0x8cdc,0x08028cdc,11, LR =  %08X,diagnostic_region
0x8cec,0x08028cec,11, PC =  %08X,diagnostic_region
0x8cfc,0x08028cfc,11, PSR = %08X,diagnostic_region
0x8d0c,0x08028d0c,8,FSR/FAR:,diagnostic_region
0x8d18,0x08028d18,13, CFSR =  %08X,diagnostic_region
0x8d28,0x08028d28,13, HFSR =  %08X,diagnostic_region
0x8d38,0x08028d38,13, DFSR =  %08X,diagnostic_region
0x8d48,0x08028d48,13, AFSR =  %08X,diagnostic_region
0x8d58,0x08028d58,13, MMFAR = %08X,diagnostic_region
0x8d68,0x08028d68,13, BFAR =  %08X,diagnostic_region
0x8d80,0x08028d80,20, LR/EXC_RETURN= %08X,diagnostic_region
0x8d98,0x08028d98,11,[HardFault],diagnostic_region
0x8da8,0x08028da8,10,[BusFault],diagnostic_region
0x8db4,0x08028db4,12,[UsageFault],diagnostic_region
0xade6,0x0802ade6,6,R>>=V>,unclassified_may_be_instruction_bytes
0xadfe,0x0802adfe,6,f>k(j>,unclassified_may_be_instruction_bytes
0xae09,0x0802ae09,7,\p>xas>,unclassified_may_be_instruction_bytes
0xae11,0x0802ae11,7,Wv>(@y>,unclassified_may_be_instruction_bytes
0xb0b2,0x0802b0b2,6,2?Ub4?,unclassified_may_be_instruction_bytes
0xb0c2,0x0802b0c2,6,;?v7=?,unclassified_may_be_instruction_bytes
0xb0d1,0x0802b0d1,11,mC?lkE?0_G?,unclassified_may_be_instruction_bytes
0xb116,0x0802b116,7,`?jya?%,unclassified_may_be_instruction_bytes
0xb132,0x0802b132,6,h?=!j?,unclassified_may_be_instruction_bytes
0xb139,0x0802b139,11,>k?7Ul?hdm?,unclassified_may_be_instruction_bytes
0xb149,0x0802b149,7,mo?~hp?,unclassified_may_be_instruction_bytes
0xb155,0x0802b155,7,Jr?_1s?,unclassified_may_be_instruction_bytes
0xb16a,0x0802b16a,6,v?$\w?,unclassified_may_be_instruction_bytes
0xb236,0x0802b236,6,3>WW8>,unclassified_may_be_instruction_bytes
0xb255,0x0802b255,19,"aY>cC^>J/c>l$h>w""m>",unclassified_may_be_instruction_bytes
0xb3ea,0x0802b3ea,6,2?Sr3?,unclassified_may_be_instruction_bytes
0xb3f1,0x0802b3f1,7,\4?VE5?,unclassified_may_be_instruction_bytes
0xb40e,0x0802b40e,11,:?<c;?K:<?6,unclassified_may_be_instruction_bytes
0xb456,0x0802b456,7,H?`BI?e,unclassified_may_be_instruction_bytes
0xb46e,0x0802b46e,6,L?|QM?,unclassified_may_be_instruction_bytes
0xb47a,0x0802b47a,7,N?l?O?\,unclassified_may_be_instruction_bytes
0xb4a2,0x0802b4a2,7,T?/8U?w,unclassified_may_be_instruction_bytes
0xb4b2,0x0802b4b2,6,V?BkW?,unclassified_may_be_instruction_bytes
0xb4ea,0x0802b4ea,7,]?DU^?q,unclassified_may_be_instruction_bytes
0xb4f2,0x0802b4f2,6,^?2:_?,unclassified_may_be_instruction_bytes
0xb522,0x0802b522,6,c?_%d?,unclassified_may_be_instruction_bytes
0xb52e,0x0802b52e,7,d?OCe?3,unclassified_may_be_instruction_bytes
0xb53a,0x0802b53a,6,e?oVf?,unclassified_may_be_instruction_bytes
0xb55e,0x0802b55e,6,i?uRi?,unclassified_may_be_instruction_bytes
0xb596,0x0802b596,7,m?@Qm?J,unclassified_may_be_instruction_bytes
0xb5a6,0x0802b5a6,6,n?1Tn?,unclassified_may_be_instruction_bytes
0xb607,0x0802b607,9,>aBt>U~d>,unclassified_may_be_instruction_bytes
0xb9fb,0x0802b9fb,6,;gb:;W,unclassified_may_be_instruction_bytes
0xbb82,0x0802bb82,7,4@x&:@j,unclassified_may_be_instruction_bytes
0xbb9a,0x0802bb9a,7,W@HQ^@y,unclassified_may_be_instruction_bytes
0xbc86,0x0802bc86,7,YAbW]A\,unclassified_may_be_instruction_bytes
0xbdae,0x0802bdae,6,3BWt6B,unclassified_may_be_instruction_bytes
0xbdde,0x0802bdde,6,efgEFG,unclassified_may_be_instruction_bytes
0xbde5,0x0802bde5,16,0123456789ABCDEF,unclassified_may_be_instruction_bytes
0xbdf6,0x0802bdf6,16,0123456789abcdef,unclassified_may_be_instruction_bytes
