area,confidence,firmware_evidence,documentation_crosscheck,status
Firmware transport,A,"Exact Intel HEX recovery; checksums and PCM round-trip","Current product page identifies tempi71","Solved"
CPU architecture,A,"PIC18 instructions/vector/peripheral model","Microchip PIC18 family docs","PIC18 established; exact suffix unconfirmed"
Ratio encoding,A,"0x7E54; 1743 executed fixtures","Factory states + coarse/fine programming","Solved"
Phase arithmetic,A,"0x65DE; 42 six-lane fixtures","Machine Phase manual behavior","Arithmetic solved; transition scheduling partial"
Rational alignment,A,"0x8BCC/0x7F8E/0x93FC","Manual describes synchronized variable clocks","Solved arithmetic"
State contents,A,"EEPROM/cache loaders and writers","64 states / 4 banks documented","Solved"
EEPROM layout,A,"64 addressing cases executed","Persistence behavior documented","Solved"
Mute,B,"Separate output-enable and timing state","Manual says muted LED still clocks and timing can be programmed","Strong"
Shift,B,"0x4F66 routing architecture","Manual explicitly calls Shift a shift register; muted channels excluded","Strong"
Run Stop,B,"0x4F66 raw/toggled gate state and run gates","Manual documents immediate start and phase preservation","Strong"
State selection,A/B,"0x7A5C base+offset behavior","Manual says CV absolute priority + Gate increment","Strong"
State ADC hysteresis,A,"0x78FC; 4096 fixtures","Manual gives 0-5V range","Digital algorithm solved; analog calibration unknown"
Human Programming,C/D,"0x340A captured timing arrays","Manual defines tap behavior and 100/50/25% resolution","Purpose known; exact quantizer open"
Mutation PRNG,A,"0x8446; 64 seeds","Manual documents mutation concept","Solved PRNG"
Mutation perturbations,A/C,"0x6BFA modulo 7 and 5 deltas","Manual says small deviations accumulated by repeated mutation","Strong; boundary normalization partial"
Select Bus,A/B,"0x71AA exact parser and header","Manual page 33 byte protocol","Solved"
Mesh,A/B,"64-bit bitmap at 0x544 and parser commands","René/TEMPI docs define Mesh/Multi-Paste","Strong"
Leading external tempo,A/B,"RA4 edge capture; 0x4B16","Manual requires 2 pulses for lock","Strong; filtering partial"
Voltage controlled tempo,C/D,"ADC/control helper and 16-entry period table","Manual states State control/CV becomes tempo when Tap off","Mapping partial"
Physical analog I/O,D,"Not present in firmware","Panel-level ranges only","Requires hardware measurement"
