address	name
0x080009fc	Default_Handler
0x08000a08	Reset_Handler
0x08000d28	DB_Vinyl_ProcessStereo
0x08001384	DB_Corrupt_Init
0x08001868	DB_Corrupt_ProcessInterleaved
0x08001e4c	DB_Engine_MapControlsAndProcess
0x080023a0	DB_Controls_Poll
0x08003264	DB_Clock_CaptureEdgeAndMedian3
0x080032fc	DB_AudioCallback
0x08003878	main
0x08004678	DB_MacroBend_ChooseRateAndSlew
0x080047a8	DB_Buffer_WriteSample
0x0800493c	DB_Buffer_ReadLinear
0x08004a6c	DB_Buffer_Init
0x08004bf8	DB_MacroBreak_ChooseRepeatSilencePosition
0x08004d58	DB_Buffer_ProcessBlock
0x0800572c	DataBenderHardware_Init
0x08005be8	DaisySeed_Configure
0x08005bec	DaisySeed_GetPin
0x08005c18	DaisySeed_StartAudio_interleaved
0x08005c20	DaisySeed_AudioSampleRate
0x08005c28	DaisySeed_SetAudioBlockSize
0x08005c60	DaisySeed_AudioBlockSize
0x08005c6c	DaisySeed_CheckBoardVersion
0x08005cd8	DaisySeed_ConfigureAudio
0x08005e00	DaisySeed_Init
0x08005ef4	Ak4556_Init
0x08005f38	Wm8731_WriteRegister
0x08005f74	Wm8731_Init
0x08006168	SdramHandle_ConfigureController
0x080061d0	SdramHandle_InitSequence
0x08006260	SdramHandle_Init
0x08006414	AudioHandle_Impl_InternalCallback
0x08006ebc	AudioHandle_Init_single_SAI
0x08006f2c	AudioHandle_GetConfig
0x08006f34	AudioHandle_SetBlockSize
0x08006f50	AudioHandle_GetSampleRate
0x08006f58	AudioHandle_Start_interleaved
0x08006fa8	AnalogControl_Init
0x0800700c	AnalogControl_InitBipolarCv
0x08007078	AnalogControl_Process
0x080070c0	GateIn_Init
0x080070e4	GateIn_Trig
0x0800710c	Switch_Init
0x0800713c	Switch_Debounce
0x08007938	GPIO_Init
0x08007950	GPIO_Read
0x08007968	GPIO_Write
0x08008034	I2CHandle_Init
0x08008050	I2CHandle_TransmitBlocking
0x08008058	I2CHandle_TransmitDma
0x08008d3c	SaiHandle_Impl_Init
0x08008f50	SaiHandle_Impl_StartDma
0x0800933c	SaiHandle_Init
0x08009354	SaiHandle_GetConfig
0x08009358	SaiHandle_StartDma
0x08009360	SaiHandle_GetSampleRate
0x0800950c	System_GetNow
0x08009510	System_GetTick
0x0800951c	System_Delay
0x08009520	System_GetBootloaderVersion
0x08009550	System_ConfigureClocks
0x080096e4	System_ConfigureMpu
0x08009764	System_Init
0x0800985c	System_GetTickFreq
0x08009868	System_GetProgramMemoryRegion
0x080098fc	SystemInit_STM32H7
0x08011a68	HAL_SAI_Init
0x08011e1c	HAL_SAI_InitProtocol
0x08017488	DaisySP_CrossFade_Process
0x0801755c	InitSingleFloatHalf_unknown
0x08017564	DaisySP_Decimator_Init
0x08017580	DaisySP_Decimator_Process
0x08017614	DaisySP_Svf_Init
0x0801765c	DaisySP_Svf_Process
0x08017724	DaisySP_Svf_SetFreq
0x0801781c	DaisySP_Svf_SetRes
0x080178a8	DaisySP_Svf_SetDrive
0x080178dc	DaisySP_DcBlock_Init
0x080178f8	DaisySP_Compressor_Init
0x080179f8	DaisySP_ATone_Init
0x08017a10	DaisySP_ATone_Process
0x08017a30	DaisySP_ATone_CalculateCoefficients
0x08017a90	DaisySP_Tone_Init
0x08017aac	DaisySP_Tone_Process
0x08017acc	DaisySP_Tone_CalculateCoefficients
0x08017b48	libm_cosf
0x08017da4	libm_expf
0x08017e88	libm_powf
0x080181b0	libm_tanhf
0x08018268	libm_sinf
0x08018474	libm_fmodf
0x080188e4	libc_init_array
0x0801892c	libc_memcpy
0x08018948	memset
0x08018958	newlib_rand_LCG64
