group,bowl,mallet,speed_rps,pressure_N,vc_scale,radial,seconds,rate,primed,hand_mps,friction_slope,onset_1mJ_s,late_energy_J,late_kinetic_J,pickup_rms_mps,peak_energy_J,hand_work_J,friction_loss_J,radial_work_J,balance_residual_J,max_chi,faults,caps
joint,0,1,0.2,7.5,2,0,12,192000,0,0.0955044167,-2.96009073,2.92675521,0.00361760344,0.00180236405,0.0935125015,0.00647270141,5.28514288,5.26315939,0,-1.26387789e-12,9.27562131e-05,0,0
joint,0,1,0.2,7.5,4,0,12,192000,0,0.0955044167,-0.772348571,-1,2.80940855e-05,7.53984765e-06,0.00594490395,5.48814916e-05,5.54236492,5.54229966,0,9.05941988e-14,4.63781065e-05,0,0
joint,0,1,0.2,15,4,0,12,192000,0,0.0955044167,-1.54469714,5.33452083,0.00317620215,0.00156279688,0.0796530058,0.004876378,11.0416745,11.0266226,0,-3.33955086e-13,9.27562131e-05,0,0
joint,0,1,0.4,7.5,2,0,12,192000,0,0.191008833,-4.98955434,1.01608854,0.0159451121,0.0079669262,0.209038517,0.0311511292,8.9540566,8.84745492,0,-5.96500627e-12,9.27562131e-05,0,0
joint,0,1,0.4,7.5,4,0,12,192000,0,0.191008833,-1.48004537,4.16597396,0.0101384073,0.0050636566,0.207596659,0.0134216669,10.635215,10.5854038,0,-2.29150032e-12,4.63781065e-05,0,0
joint,0,1,0.4,15,4,0,12,192000,0,0.191008833,-2.96009073,1.62027604,0.0106982607,0.00532678907,0.191242608,0.0221265956,21.0096605,20.9315369,0,-3.63442609e-12,9.27562131e-05,0,0
joint,0,1,0.8,7.5,2,0,12,192000,0,0.382017667,-5.03499109,1.55177604,0.0577246639,0.0288598812,0.450462694,0.0752551111,13.8465056,13.4650193,0,-1.92184046e-11,9.27562131e-05,0,0
joint,0,1,0.8,7.5,4,0,12,192000,0,0.382017667,-2.49477717,3.41522917,0.0439540471,0.0219640987,0.560162375,0.0622009184,18.938418,18.7290058,0,-1.15427667e-11,4.63781065e-05,0,0
joint,0,1,0.8,15,4,0,12,192000,0,0.382017667,-4.98955434,1.32922396,0.0547093524,0.0273217456,0.640803376,0.0950326016,36.5477973,36.2170945,0,-2.02078354e-11,9.27562131e-05,0,0
joint,0,1,2,7.5,2,0,12,192000,0,0.955044167,-0.10478217,-1,2.83917296e-06,6.95790504e-10,8.41228206e-05,3.27636545e-06,25.8596182,25.8596154,0,-8.8817842e-13,9.27562131e-05,0,0
joint,0,1,2,7.5,4,0,12,192000,0,0.955044167,-1.88390474,5.01018229,0.22673178,0.11333693,0.755039517,0.247110452,33.1300544,32.311667,0,-2.99493763e-11,4.63781065e-05,0,0
joint,0,1,2,15,4,0,12,192000,0,0.955044167,-3.76780948,1.98460938,0.287157314,0.143550065,1.22986654,0.369407872,64.6004461,62.9076742,0,-9.07078856e-11,9.27562131e-05,0,0
