case,bowl,mallet,governor,peak_mJ,end_drive_mJ,end_tail_mJ,clipped_samples
strike,metal_bowl2_seed_v1,wood_prototype_v1,0,17.425183,16.982425,3.9736371,0
strike,metal_bowl2_seed_v1,wood_prototype_v1,1,17.425183,16.982425,3.9736371,0
rub_default,metal_bowl2_seed_v1,wood_prototype_v1,0,12.543303,12.300835,4.9988735,0
rub_default,metal_bowl2_seed_v1,wood_prototype_v1,1,12.543303,12.300835,4.9988735,0
rub_max,metal_bowl2_seed_v1,wood_prototype_v1,0,0.0054888254,0.0050004533,6.6152091e-05,0
rub_max,metal_bowl2_seed_v1,wood_prototype_v1,1,0.0054888254,0.0050004533,6.6152091e-05,0
rub_strong,metal_bowl2_seed_v1,wood_prototype_v1,0,0.010744556,0.0064456693,0.00085125781,0
rub_strong,metal_bowl2_seed_v1,wood_prototype_v1,1,0.010744556,0.0064456693,0.00085125781,0
strike_10Hz,metal_bowl2_seed_v1,wood_prototype_v1,0,304.26923,190.0063,54.742218,96676
strike_10Hz,metal_bowl2_seed_v1,wood_prototype_v1,1,113.70423,97.610991,19.793709,9106
strike,metal_bowl2_seed_v1,suede_prototype_v1,0,18.639038,18.281538,6.9805889,0
strike,metal_bowl2_seed_v1,suede_prototype_v1,1,18.639038,18.281538,6.9805889,0
rub_default,metal_bowl2_seed_v1,suede_prototype_v1,0,23.124331,21.444912,8.7476705,0
rub_default,metal_bowl2_seed_v1,suede_prototype_v1,1,23.124331,21.444912,8.7476705,0
rub_max,metal_bowl2_seed_v1,suede_prototype_v1,0,0.012356969,0.011195075,0.00014621787,0
rub_max,metal_bowl2_seed_v1,suede_prototype_v1,1,0.012356969,0.011195075,0.00014621787,0
rub_strong,metal_bowl2_seed_v1,suede_prototype_v1,0,118.29132,86.47011,34.81649,10893
rub_strong,metal_bowl2_seed_v1,suede_prototype_v1,1,111.78689,86.273322,25.053455,8835
strike_10Hz,metal_bowl2_seed_v1,suede_prototype_v1,0,652.99798,324.69693,121.79379,465899
strike_10Hz,metal_bowl2_seed_v1,suede_prototype_v1,1,299.09313,129.64342,26.645699,265491
strike,metal_bowl2_seed_v1,silicone_prototype_v1,0,15.58686,12.814807,5.2036804,0
strike,metal_bowl2_seed_v1,silicone_prototype_v1,1,15.58686,12.814807,5.2036804,0
rub_default,metal_bowl2_seed_v1,silicone_prototype_v1,0,29.452195,19.186426,7.7465793,0
rub_default,metal_bowl2_seed_v1,silicone_prototype_v1,1,29.452195,19.186426,7.7465793,0
rub_max,metal_bowl2_seed_v1,silicone_prototype_v1,0,0.021874685,0.019877831,0.00026115175,0
rub_max,metal_bowl2_seed_v1,silicone_prototype_v1,1,0.021874685,0.019877831,0.00026115175,0
rub_strong,metal_bowl2_seed_v1,silicone_prototype_v1,0,71.132077,27.404833,11.107456,0
rub_strong,metal_bowl2_seed_v1,silicone_prototype_v1,1,70.199833,25.26887,10.250524,0
strike_10Hz,metal_bowl2_seed_v1,silicone_prototype_v1,0,40.166783,10.467018,4.2531904,0
strike_10Hz,metal_bowl2_seed_v1,silicone_prototype_v1,1,40.166783,10.467018,4.2531904,0
strike,metal_bowl2_seed_v1,felt_prototype_v1,0,11.841084,2.0465195,0.83183318,0
strike,metal_bowl2_seed_v1,felt_prototype_v1,1,11.841084,2.0465195,0.83183318,0
rub_default,metal_bowl2_seed_v1,felt_prototype_v1,0,9.251052,8.8096202,3.5767146,0
rub_default,metal_bowl2_seed_v1,felt_prototype_v1,1,9.251052,8.8096202,3.5767146,0
rub_max,metal_bowl2_seed_v1,felt_prototype_v1,0,0.0085041975,0.0077309017,0.00010189947,0
rub_max,metal_bowl2_seed_v1,felt_prototype_v1,1,0.0085041975,0.0077309017,0.00010189947,0
rub_strong,metal_bowl2_seed_v1,felt_prototype_v1,0,48.618886,33.524778,13.856688,0
rub_strong,metal_bowl2_seed_v1,felt_prototype_v1,1,48.480631,33.539205,13.861851,0
strike_10Hz,metal_bowl2_seed_v1,felt_prototype_v1,0,20.453634,1.7165712,0.69799178,0
strike_10Hz,metal_bowl2_seed_v1,felt_prototype_v1,1,20.453634,1.7165712,0.69799178,0
strike,crystal_ring_seed_v1,wood_prototype_v1,0,17.445132,17.218699,6.2934299,0
strike,crystal_ring_seed_v1,wood_prototype_v1,1,17.445132,17.218699,6.2934299,0
rub_default,crystal_ring_seed_v1,wood_prototype_v1,0,0.00065442696,0.00060717467,9.1355986e-05,0
rub_default,crystal_ring_seed_v1,wood_prototype_v1,1,0.00065442696,0.00060717467,9.1355986e-05,0
rub_max,crystal_ring_seed_v1,wood_prototype_v1,0,0.0082126547,0.0071088724,0.00012281404,0
rub_max,crystal_ring_seed_v1,wood_prototype_v1,1,0.0082126547,0.0071088724,0.00012281404,0
rub_strong,crystal_ring_seed_v1,wood_prototype_v1,0,0.0082057878,0.0077595324,0.00018234463,0
rub_strong,crystal_ring_seed_v1,wood_prototype_v1,1,0.0082057878,0.0077595324,0.00018234463,0
strike_10Hz,crystal_ring_seed_v1,wood_prototype_v1,0,922.57897,849.00859,420.50798,538492
strike_10Hz,crystal_ring_seed_v1,wood_prototype_v1,1,466.83576,156.60232,33.943094,368007
strike,crystal_ring_seed_v1,suede_prototype_v1,0,20.480758,20.350827,10.600946,0
strike,crystal_ring_seed_v1,suede_prototype_v1,1,20.480758,20.350827,10.600946,0
rub_default,crystal_ring_seed_v1,suede_prototype_v1,0,26.666166,14.828076,8.0535429,0
rub_default,crystal_ring_seed_v1,suede_prototype_v1,1,26.666166,14.828076,8.0535429,0
rub_max,crystal_ring_seed_v1,suede_prototype_v1,0,0.018421238,0.01597415,0.00027870593,0
rub_max,crystal_ring_seed_v1,suede_prototype_v1,1,0.018421238,0.01597415,0.00027870593,0
rub_strong,crystal_ring_seed_v1,suede_prototype_v1,0,132.21353,50.985392,27.562181,8828
rub_strong,crystal_ring_seed_v1,suede_prototype_v1,1,121.55512,51.120466,26.690327,3577
strike_10Hz,crystal_ring_seed_v1,suede_prototype_v1,0,104.13302,12.408459,6.3617095,0
strike_10Hz,crystal_ring_seed_v1,suede_prototype_v1,1,104.04767,12.402151,6.3587893,0
strike,crystal_ring_seed_v1,silicone_prototype_v1,0,18.91198,8.4955433,4.5422134,0
strike,crystal_ring_seed_v1,silicone_prototype_v1,1,18.91198,8.4955433,4.5422134,0
rub_default,crystal_ring_seed_v1,silicone_prototype_v1,0,28.42092,16.208317,8.7369372,0
rub_default,crystal_ring_seed_v1,silicone_prototype_v1,1,28.42092,16.208317,8.7369372,0
rub_max,crystal_ring_seed_v1,silicone_prototype_v1,0,0.03269362,0.028347157,0.0004927239,0
rub_max,crystal_ring_seed_v1,silicone_prototype_v1,1,0.03269362,0.028347157,0.0004927239,0
rub_strong,crystal_ring_seed_v1,silicone_prototype_v1,0,110.89892,63.072848,34.194881,10367
rub_strong,crystal_ring_seed_v1,silicone_prototype_v1,1,110.20689,63.076005,29.437515,8823
strike_10Hz,crystal_ring_seed_v1,silicone_prototype_v1,0,36.509483,6.4624258,2.9786547,0
strike_10Hz,crystal_ring_seed_v1,silicone_prototype_v1,1,36.509483,6.4624258,2.9786547,0
strike,crystal_ring_seed_v1,felt_prototype_v1,0,15.912796,1.7543117,0.94309163,0
strike,crystal_ring_seed_v1,felt_prototype_v1,1,15.912796,1.7543117,0.94309163,0
rub_default,crystal_ring_seed_v1,felt_prototype_v1,0,9.7667573,9.7653063,5.2422365,0
rub_default,crystal_ring_seed_v1,felt_prototype_v1,1,9.7667573,9.7653063,5.2422365,0
rub_max,crystal_ring_seed_v1,felt_prototype_v1,0,0.012707485,0.011004803,0.00019093578,0
rub_max,crystal_ring_seed_v1,felt_prototype_v1,1,0.012707485,0.011004803,0.00019093578,0
rub_strong,crystal_ring_seed_v1,felt_prototype_v1,0,51.324049,29.894974,16.405491,0
rub_strong,crystal_ring_seed_v1,felt_prototype_v1,1,51.246066,30.00937,16.465199,0
strike_10Hz,crystal_ring_seed_v1,felt_prototype_v1,0,19.374666,0.94917759,0.45569365,0
strike_10Hz,crystal_ring_seed_v1,felt_prototype_v1,1,19.374666,0.94917759,0.45569365,0
intensity_full,metal_bowl2_seed_v1,wood_prototype_v1,0,59.998853,31.605269,12.536432,0
intensity_full,metal_bowl2_seed_v1,wood_prototype_v1,1,59.160744,31.226884,12.383718,0
intensity_full,metal_bowl2_seed_v1,suede_prototype_v1,0,72.946266,25.699586,10.473696,0
intensity_full,metal_bowl2_seed_v1,suede_prototype_v1,1,72.607697,27.745119,11.316028,0
intensity_full,metal_bowl2_seed_v1,silicone_prototype_v1,0,29.793692,17.547999,6.4781253,0
intensity_full,metal_bowl2_seed_v1,silicone_prototype_v1,1,29.793692,17.547999,6.4781253,0
intensity_full,metal_bowl2_seed_v1,felt_prototype_v1,0,38.72901,10.975531,4.4302675,0
intensity_full,metal_bowl2_seed_v1,felt_prototype_v1,1,38.72901,10.975531,4.4302675,0
intensity_full,crystal_ring_seed_v1,wood_prototype_v1,0,51.094574,19.505138,10.370813,0
intensity_full,crystal_ring_seed_v1,wood_prototype_v1,1,50.735983,19.198501,10.207232,0
intensity_full,crystal_ring_seed_v1,suede_prototype_v1,0,42.113438,8.7113966,4.6062186,0
intensity_full,crystal_ring_seed_v1,suede_prototype_v1,1,42.112207,8.6944064,4.5944242,0
intensity_full,crystal_ring_seed_v1,silicone_prototype_v1,0,21.289011,13.44584,6.3257549,0
intensity_full,crystal_ring_seed_v1,silicone_prototype_v1,1,21.289011,13.44584,6.3257549,0
intensity_full,crystal_ring_seed_v1,felt_prototype_v1,0,34.399271,21.871997,11.464863,0
intensity_full,crystal_ring_seed_v1,felt_prototype_v1,1,34.399271,21.871997,11.464863,0
