address	name	body_bytes	callers	callees	decompiled
080002c4	FUN_080002c4	16	1	0	true
080002e0	FUN_080002e0	158	2	0	true
0800069c	FUN_0800069c	348	2	0	true
080006f8	FUN_080006f8	50	1	1	true
08000728	FUN_08000728	720	1	0	true
080009fc	Default_Handler	10	0	0	true
08000a08	Reset_Handler	48	0	5	true
08000ac8	FUN_08000ac8	224	0	1	true
08000bac	FUN_08000bac	370	2	0	true
08000d28	DB_Vinyl_ProcessStereo	1592	1	1	true
08001384	DB_Corrupt_Init	1160	1	9	true
08001868	DB_Corrupt_ProcessInterleaved	1414	1	11	true
08001e4c	DB_Engine_MapControlsAndProcess	1292	1	8	true
080023a0	DB_Controls_Poll	3662	1	8	true
08003264	DB_Clock_CaptureEdgeAndMedian3	124	1	2	true
080032fc	DB_AudioCallback	1274	0	7	true
08003878	main	3058	1	23	true
08004678	DB_MacroBend_ChooseRateAndSlew	252	1	1	true
080047a8	DB_Buffer_WriteSample	400	1	0	true
0800493c	DB_Buffer_ReadLinear	304	1	0	true
08004a6c	DB_Buffer_Init	378	1	2	true
08004bf8	DB_MacroBreak_ChooseRepeatSilencePosition	328	1	1	true
08004d58	DB_Buffer_ProcessBlock	2454	1	6	true
0800572c	DataBenderHardware_Init	1154	1	16	true
08005be8	DaisySeed_Configure	2	1	0	true
08005bec	DaisySeed_GetPin	38	1	0	true
08005c18	DaisySeed_StartAudio_interleaved	6	1	1	true
08005c20	DaisySeed_AudioSampleRate	6	1	1	true
08005c28	DaisySeed_SetAudioBlockSize	56	1	3	true
08005c60	DaisySeed_AudioBlockSize	12	1	1	true
08005c6c	DaisySeed_CheckBoardVersion	106	1	2	true
08005cd8	DaisySeed_ConfigureAudio	282	1	8	true
08005e00	DaisySeed_Init	232	1	9	true
08005ef4	Ak4556_Init	66	1	3	true
08005f38	Wm8731_WriteRegister	60	1	2	true
08005f74	Wm8731_Init	498	1	3	true
08006168	SdramHandle_ConfigureController	96	1	1	true
080061d0	SdramHandle_InitSequence	140	1	3	true
08006260	SdramHandle_Init	28	1	2	true
0800627c	FUN_0800627c	376	1	1	true
08006414	AudioHandle_Impl_InternalCallback	2632	0	2	true
08006ebc	AudioHandle_Init_single_SAI	100	1	1	true
08006f2c	AudioHandle_GetConfig	6	3	0	true
08006f34	AudioHandle_SetBlockSize	28	1	0	true
08006f50	AudioHandle_GetSampleRate	8	3	1	true
08006f58	AudioHandle_Start_interleaved	38	1	1	true
08006fa8	AnalogControl_Init	96	1	0	true
0800700c	AnalogControl_InitBipolarCv	98	1	0	true
08007078	AnalogControl_Process	70	1	0	true
080070c0	GateIn_Init	34	1	1	true
080070e4	GateIn_Trig	40	2	1	true
0800710c	Switch_Init	48	1	2	true
0800713c	Switch_Debounce	84	1	2	true
08007190	FUN_08007190	92	2	1	true
080071f4	FUN_080071f4	30	1	0	true
08007214	FUN_08007214	852	1	6	true
080075a0	FUN_080075a0	40	1	1	true
080075cc	FUN_080075cc	16	1	0	true
080075e0	FUN_080075e0	68	1	1	true
08007630	FUN_08007630	6	0	1	true
0800763c	FUN_0800763c	458	0	4	true
08007714	FUN_08007714	14	0	0	true
0800776c	FUN_0800776c	422	3	1	true
08007928	FUN_08007928	14	1	1	true
08007938	GPIO_Init	22	7	1	true
08007950	GPIO_Read	24	5	1	true
08007968	GPIO_Write	18	4	1	true
0800797c	FUN_0800797c	66	1	0	true
08007b1c	FUN_08007b1c	214	2	4	true
08007c04	FUN_08007c04	212	1	4	true
08007d8c	FUN_08007d8c	108	1	1	true
08007dfc	FUN_08007dfc	400	1	3	true
08007fb0	thunk_FUN_0800797c	4	1	1	true
08007fb4	FUN_08007fb4	44	0	1	true
08007fe8	FUN_08007fe8	6	0	0	true
08007ff4	FUN_08007ff4	6	0	0	true
08008000	FUN_08008000	20	0	0	true
0800800c	FUN_0800800c	148	2	3	true
08008014	FUN_08008014	6	2	0	true
0800801c	FUN_0800801c	6	2	0	true
08008024	FUN_08008024	6	2	0	true
0800802c	FUN_0800802c	6	1	0	true
08008034	I2CHandle_Init	250	3	4	true
0800804c	FUN_0800804c	4	1	0	true
08008050	I2CHandle_TransmitBlocking	82	3	3	true
08008058	I2CHandle_TransmitDma	98	1	1	true
080080f0	FUN_080080f0	138	5	3	true
0800817c	FUN_0800817c	92	1	1	true
080081d8	FUN_080081d8	82	6	1	true
0800822c	FUN_0800822c	100	2	2	true
08008290	FUN_08008290	192	1	5	true
08008350	FUN_08008350	174	1	5	true
08008400	FUN_08008400	166	1	5	true
080084a8	FUN_080084a8	272	1	8	true
080085c8	FUN_080085c8	212	5	8	true
080087a0	FUN_080087a0	354	1	6	true
0800895c	FUN_0800895c	292	1	5	true
08008a80	FUN_08008a80	10	1	1	true
08008a90	FUN_08008a90	350	1	2	true
08008a98	FUN_08008a98	88	1	2	true
08008af4	FUN_08008af4	350	1	3	true
08008c6c	FUN_08008c6c	150	1	1	true
08008cf0	FUN_08008cf0	528	0	9	true
08008d3c	SaiHandle_Impl_Init	358	1	1	true
08008f50	SaiHandle_Impl_StartDma	178	1	2	true
08009004	FUN_08009004	182	1	1	true
080090c0	FUN_080090c0	480	1	2	true
08009224	FUN_08009224	6	0	1	true
08009230	FUN_08009230	6	0	1	true
0800923c	FUN_0800923c	6	0	1	true
08009248	FUN_08009248	6	0	1	true
08009254	FUN_08009254	106	0	0	true
080092cc	FUN_080092cc	100	0	0	true
0800933c	SaiHandle_Init	20	1	1	true
08009354	SaiHandle_GetConfig	4	2	0	true
08009358	SaiHandle_StartDma	6	1	1	true
08009360	SaiHandle_GetSampleRate	26	1	0	true
08009384	FUN_08009384	8	1	0	true
080093b0	FUN_080093b0	22	0	2	true
080093c0	FUN_080093c0	28	0	1	true
080093e4	FUN_080093e4	28	0	1	true
08009408	FUN_08009408	1928	0	28	true
0800942c	FUN_0800942c	218	0	0	true
0800950c	System_GetNow	4	6	1	true
08009510	System_GetTick	14	3	0	true
0800951c	System_Delay	4	4	1	true
08009520	System_GetBootloaderVersion	40	1	0	true
08009550	System_ConfigureClocks	384	1	6	true
080096e4	System_ConfigureMpu	122	1	3	true
08009764	System_Init	236	1	10	true
08009858	thunk_FUN_08010408	4	1	1	true
0800985c	System_GetTickFreq	10	1	1	true
08009868	System_GetProgramMemoryRegion	114	5	0	true
080098fc	SystemInit_STM32H7	130	1	0	true
08009998	FUN_08009998	1372	1	11	true
080099a4	FUN_080099a4	136	1	2	true
080099b8	FUN_080099b8	208	1	4	true
080099cc	FUN_080099cc	38	1	0	true
080099d4	FUN_080099d4	126	1	2	true
080099f8	FUN_080099f8	42	1	1	true
08009a28	FUN_08009a28	30	1	0	true
08009a30	FUN_08009a30	52	1	0	true
08009a38	FUN_08009a38	52	1	0	true
08009a40	FUN_08009a40	12	1	0	true
08009a48	FUN_08009a48	42	1	0	true
08009a50	FUN_08009a50	30	1	1	true
08009a74	FUN_08009a74	24	2	1	true
08009a90	FUN_08009a90	24	1	1	true
08009aac	FUN_08009aac	40	1	0	true
08009ad4	FUN_08009ad4	24	1	1	true
08009af0	FUN_08009af0	24	3	1	true
08009b0c	FUN_08009b0c	24	3	1	true
08009b28	FUN_08009b28	38	1	0	true
08009b30	FUN_08009b30	30	1	0	true
08009b38	FUN_08009b38	52	1	2	true
08009b40	FUN_08009b40	2	1	0	true
08009b44	FUN_08009b44	16	1	0	true
08009b4c	FUN_08009b4c	16	1	0	true
08009b54	FUN_08009b54	24	1	1	true
08009b70	FUN_08009b70	28	2	0	true
08009b90	FUN_08009b90	138	2	0	true
08009c20	FUN_08009c20	2	1	0	true
08009c24	FUN_08009c24	64	2	2	true
08009c70	FUN_08009c70	78	1	4	true
08009cd0	FUN_08009cd0	14	1	0	true
08009ce8	FUN_08009ce8	6	27	0	true
08009cf4	FUN_08009cf4	32	3	1	true
08009d18	FUN_08009d18	8	4	0	true
08009d24	FUN_08009d24	2	0	0	true
08009dbc	FUN_08009dbc	1022	1	0	true
0800a1f4	FUN_0800a1f4	148	1	1	true
0800a3c4	FUN_0800a3c4	110	1	1	true
0800a438	FUN_0800a438	350	1	3	true
0800a5b4	FUN_0800a5b4	490	1	3	true
0800a7d0	FUN_0800a7d0	152	1	1	true
0800a874	FUN_0800a874	190	1	0	true
0800a944	FUN_0800a944	28	1	0	true
0800a968	FUN_0800a968	112	7	0	true
0800a9e4	FUN_0800a9e4	22	6	0	true
0800aa28	FUN_0800aa28	38	1	0	true
0800aa54	FUN_0800aa54	22	1	0	true
0800aa70	FUN_0800aa70	28	1	0	true
0800aa90	FUN_0800aa90	96	1	0	true
0800aaf4	FUN_0800aaf4	2	1	0	true
0800ab00	FUN_0800ab00	400	1	0	true
0800acd0	FUN_0800acd0	210	1	0	true
0800adc4	FUN_0800adc4	166	1	0	true
0800ae9c	FUN_0800ae9c	134	1	0	true
0800af40	FUN_0800af40	1018	7	4	true
0800b3a0	FUN_0800b3a0	402	14	1	true
0800b550	FUN_0800b550	698	2	1	true
0800b840	FUN_0800b840	368	3	0	true
0800b9d4	FUN_0800b9d4	1632	10	0	true
0800c074	FUN_0800c074	6	1	0	true
0800c07c	FUN_0800c07c	4	0	0	true
0800c080	FUN_0800c080	586	8	0	true
0800c2f4	FUN_0800c2f4	354	2	0	true
0800c484	FUN_0800c484	12	1	0	true
0800c490	FUN_0800c490	8	2	0	true
0800c498	FUN_0800c498	2186	3	15	true
0800cd24	FUN_0800cd24	38	1	1	true
0800cd4c	FUN_0800cd4c	106	2	1	true
0800cdb8	FUN_0800cdb8	264	2	1	true
0800cec4	FUN_0800cec4	92	2	2	true
0800cf20	FUN_0800cf20	96	2	2	true
0800cf80	FUN_0800cf80	166	2	1	true
0800d02c	FUN_0800d02c	460	1	4	true
0800d20c	FUN_0800d20c	424	1	4	true
0800d3b4	FUN_0800d3b4	354	1	1	true
0800d534	FUN_0800d534	296	1	1	true
0800d678	FUN_0800d678	272	1	1	true
0800d798	FUN_0800d798	202	1	1	true
0800d884	FUN_0800d884	118	0	2	true
0800d8fc	FUN_0800d8fc	162	1	2	true
0800d9e4	FUN_0800d9e4	2	1	0	true
0800d9e8	FUN_0800d9e8	124	0	1	true
0800da64	FUN_0800da64	2	2	0	true
0800da68	FUN_0800da68	98	1	1	true
0800dad0	FUN_0800dad0	2	1	0	true
0800dad4	FUN_0800dad4	2	1	0	true
0800dad8	FUN_0800dad8	2	1	0	true
0800db1c	FUN_0800db1c	352	4	4	true
0800dc88	FUN_0800dc88	452	0	6	true
0800df90	FUN_0800df90	296	0	5	true
0800e4f8	FUN_0800e4f8	142	0	2	true
0800e590	FUN_0800e590	142	0	2	true
0800e628	FUN_0800e628	6	3	0	true
0800e630	FUN_0800e630	84	1	0	true
0800e684	FUN_0800e684	88	1	0	true
0800ee50	FUN_0800ee50	42	1	1	true
0800ee7c	FUN_0800ee7c	124	1	1	true
0800eef8	FUN_0800eef8	68	1	1	true
0800ef3c	FUN_0800ef3c	68	1	1	true
0800ef80	FUN_0800ef80	136	1	2	true
0800f008	FUN_0800f008	118	1	1	true
0800f080	FUN_0800f080	2	1	0	true
0800f084	FUN_0800f084	68	1	1	true
0800f0cc	FUN_0800f0cc	12	1	0	true
0800f0dc	FUN_0800f0dc	370	3	0	true
0800f250	FUN_0800f250	174	2	2	true
0800f308	FUN_0800f308	36	2	1	true
0800f32c	FUN_0800f32c	194	7	2	true
0800f3f0	FUN_0800f3f0	238	4	1	true
0800f4e0	FUN_0800f4e0	248	1	1	true
0800f5d8	FUN_0800f5d8	220	4	2	true
0800f6b4	FUN_0800f6b4	180	1	2	true
0800f768	FUN_0800f768	2	1	0	true
0800f7a4	FUN_0800f7a4	2	1	0	true
0800f7a8	FUN_0800f7a8	2	1	0	true
0800f7ac	FUN_0800f7ac	2	1	0	true
0800f7b0	FUN_0800f7b0	2	1	0	true
0800f7b4	FUN_0800f7b4	2	1	0	true
0800f7b8	FUN_0800f7b8	2	1	0	true
0800f7bc	FUN_0800f7bc	2	1	0	true
0800f9d0	FUN_0800f9d0	278	2	0	true
0800fb00	FUN_0800fb00	1494	1	2	true
080100f4	FUN_080100f4	52	2	1	true
08010138	FUN_08010138	566	1	3	true
08010388	FUN_08010388	100	6	1	true
08010408	FUN_08010408	26	4	1	true
0801042c	FUN_0801042c	26	1	1	true
08010450	FUN_08010450	234	1	1	true
08010544	FUN_08010544	234	1	1	true
08010638	FUN_08010638	2910	1	3	true
08011230	FUN_08011230	26	1	1	true
08011254	FUN_08011254	356	2	0	true
080113d0	FUN_080113d0	356	2	0	true
0801154c	FUN_0801154c	370	1	0	true
080116d8	FUN_080116d8	860	2	5	true
08011a68	HAL_SAI_Init	868	1	3	true
08011e1c	HAL_SAI_InitProtocol	314	1	1	true
08011f64	FUN_08011f64	278	1	2	true
08012088	FUN_08012088	188	1	1	true
08012150	FUN_08012150	2	0	0	true
080121b0	FUN_080121b0	2	0	0	true
08012228	FUN_08012228	2	0	0	true
0801229c	FUN_0801229c	78	1	3	true
080122f0	FUN_080122f0	64	1	1	true
08012330	FUN_08012330	48	1	1	true
08012360	FUN_08012360	120	1	0	true
080123dc	FUN_080123dc	148	1	0	true
08012474	FUN_08012474	42	1	0	true
080124a4	FUN_080124a4	24	1	0	true
080124c0	FUN_080124c0	172	1	0	true
080125b4	FUN_080125b4	78	3	0	true
08012608	FUN_08012608	74	2	0	true
08012658	FUN_08012658	22	1	0	true
08012670	FUN_08012670	140	1	0	true
08012700	FUN_08012700	628	2	0	true
08012980	FUN_08012980	136	1	0	true
08012a08	FUN_08012a08	42	1	0	true
08012a34	FUN_08012a34	72	2	0	true
08012a7c	FUN_08012a7c	104	1	0	true
08012ae4	FUN_08012ae4	88	1	0	true
08012b3c	FUN_08012b3c	34	1	0	true
08012b60	FUN_08012b60	8	2	0	true
08012b68	FUN_08012b68	16	1	0	true
08012b78	FUN_08012b78	14	1	0	true
08012b88	FUN_08012b88	14	1	0	true
08012b98	FUN_08012b98	18	1	0	true
08012bac	FUN_08012bac	32	1	0	true
08012bcc	FUN_08012bcc	8	2	0	true
08012bd4	FUN_08012bd4	38	1	0	true
08012c00	FUN_08012c00	84	2	0	true
08012c58	FUN_08012c58	68	1	0	true
08012c9c	FUN_08012c9c	8	1	0	true
08012ca4	FUN_08012ca4	226	1	0	true
08012d88	FUN_08012d88	134	1	2	true
08012e10	FUN_08012e10	14	1	0	true
08012e20	FUN_08012e20	18	1	0	true
08013024	FUN_08013024	8	1	0	true
0801302c	FUN_0801302c	30	1	0	true
08013104	FUN_08013104	4	1	0	true
08013108	FUN_08013108	4	1	0	true
08013650	FUN_08013650	22	1	0	true
08013668	FUN_08013668	26	1	1	true
08013684	FUN_08013684	18	1	1	true
08013698	FUN_08013698	18	1	1	true
080136ac	FUN_080136ac	22	2	1	true
080136c4	FUN_080136c4	22	1	1	true
08013750	FUN_08013750	24	1	0	true
08013768	FUN_08013768	50	1	0	true
080137a4	FUN_080137a4	320	1	0	true
080138f4	FUN_080138f4	66	1	0	true
08013940	FUN_08013940	102	1	0	true
080139ac	FUN_080139ac	146	3	2	true
08013a48	FUN_08013a48	186	1	3	true
08013b10	FUN_08013b10	186	1	3	true
08013bd8	FUN_08013bd8	190	1	3	true
08013d74	FUN_08013d74	76	1	0	true
08013dc4	FUN_08013dc4	356	1	2	true
08013f2c	FUN_08013f2c	370	1	4	true
080140b0	thunk_FUN_080138f4	4	1	1	true
080140b4	FUN_080140b4	6	0	0	true
080140c0	FUN_080140c0	6	0	0	true
080140cc	FUN_080140cc	6	0	0	true
080140d8	FUN_080140d8	6	0	0	true
080140e4	FUN_080140e4	528	0	7	true
080140f0	FUN_080140f0	44	0	1	true
08014124	FUN_08014124	46	0	1	true
0801415c	FUN_0801415c	194	1	4	true
08014164	FUN_08014164	6	1	0	true
0801416c	FUN_0801416c	6	1	0	true
08014174	FUN_08014174	6	1	0	true
080143d4	FUN_080143d4	424	1	2	true
08014594	FUN_08014594	50	1	0	true
080145cc	FUN_080145cc	6	0	0	true
080145d8	FUN_080145d8	6	0	0	true
080145e4	FUN_080145e4	6	0	0	true
080145f0	FUN_080145f0	346	0	7	true
080145fc	FUN_080145fc	218	1	3	true
08014614	FUN_08014614	34	1	2	true
08014660	FUN_08014660	128	11	1	true
080146e4	FUN_080146e4	320	1	0	true
08014834	FUN_08014834	66	1	0	true
08014880	FUN_08014880	156	2	0	true
08014924	FUN_08014924	248	1	4	true
08014a2c	FUN_08014a2c	248	1	4	true
08014bf4	FUN_08014bf4	84	1	0	true
08014c50	FUN_08014c50	144	1	2	true
08014ce4	FUN_08014ce4	418	1	4	true
08014ea0	thunk_FUN_08014834	4	1	1	true
08014ea4	FUN_08014ea4	40	0	2	true
08014ed0	FUN_08014ed0	48	0	2	true
08014f04	FUN_08014f04	48	0	2	true
08014f38	FUN_08014f38	48	0	2	true
08014f6c	FUN_08014f6c	48	0	2	true
08014fa0	FUN_08014fa0	48	0	2	true
08014fd4	FUN_08014fd4	48	0	2	true
08015008	FUN_08015008	48	0	2	true
0801503c	FUN_0801503c	48	0	2	true
08015070	FUN_08015070	44	0	1	true
080150a4	FUN_080150a4	46	0	1	true
080150dc	FUN_080150dc	178	1	3	true
080150e4	FUN_080150e4	100	0	1	true
08015150	FUN_08015150	90	0	1	true
080151b4	FUN_080151b4	94	1	0	true
08015370	FUN_08015370	252	1	2	true
08015470	FUN_08015470	40	1	0	true
0801549c	FUN_0801549c	44	1	0	true
080154c8	FUN_080154c8	178	1	0	true
08015580	FUN_08015580	426	1	1	true
08015734	FUN_08015734	368	1	1	true
080158b4	FUN_080158b4	388	1	1	true
08015a48	FUN_08015a48	514	1	2	true
08015cd4	FUN_08015cd4	2	0	0	true
08015ce4	FUN_08015ce4	2	0	0	true
08015cf4	FUN_08015cf4	2	0	0	true
08015d4c	FUN_08015d4c	2	1	0	true
08015f64	FUN_08015f64	6	3	0	true
08015f6c	FUN_08015f6c	152	1	0	true
0801601c	FUN_0801601c	160	1	0	true
080160d4	FUN_080160d4	390	1	0	true
0801626c	FUN_0801626c	2	1	0	true
08016270	FUN_08016270	2	1	0	true
08016274	FUN_08016274	2	1	0	true
08016278	FUN_08016278	2	1	0	true
080163d0	FUN_080163d0	256	1	0	true
080164e8	FUN_080164e8	100	1	2	true
0801654c	FUN_0801654c	164	1	0	true
08016604	FUN_08016604	2	1	0	true
08016608	FUN_08016608	2	1	0	true
0801660c	FUN_0801660c	102	2	0	true
08016678	FUN_08016678	126	1	1	true
08016748	FUN_08016748	2	0	0	true
080167e4	FUN_080167e4	2	1	0	true
080167e8	FUN_080167e8	796	9	6	true
08016bcc	FUN_08016bcc	12	2	0	true
08016bd8	FUN_08016bd8	840	1	6	true
08017118	FUN_08017118	176	1	0	true
080171c8	FUN_080171c8	156	1	2	true
08017328	FUN_08017328	298	1	5	true
08017434	FUN_08017434	216	1	1	true
08017488	DaisySP_CrossFade_Process	190	1	2	true
0801755c	InitSingleFloatHalf_unknown	8	1	0	true
08017564	DaisySP_Decimator_Init	28	1	0	true
08017580	DaisySP_Decimator_Process	138	1	0	true
08017614	DaisySP_Svf_Init	68	1	0	true
0801765c	DaisySP_Svf_Process	198	1	0	true
08017724	DaisySP_Svf_SetFreq	230	2	2	true
0801781c	DaisySP_Svf_SetRes	134	1	1	true
080178a8	DaisySP_Svf_SetDrive	42	1	0	true
080178dc	DaisySP_DcBlock_Init	28	1	0	true
080178f8	DaisySP_Compressor_Init	224	1	1	true
080179f8	DaisySP_ATone_Init	20	1	0	true
08017a10	DaisySP_ATone_Process	30	1	0	true
08017a30	DaisySP_ATone_CalculateCoefficients	90	2	2	true
08017a90	DaisySP_Tone_Init	22	1	0	true
08017aac	DaisySP_Tone_Process	30	1	0	true
08017acc	DaisySP_Tone_CalculateCoefficients	102	1	2	true
08017b38	FUN_08017b38	34	0	0	true
08017b48	libm_cosf	474	2	2	true
08017da4	libm_expf	260	6	0	true
08017e88	libm_powf	786	4	0	true
080181b0	libm_tanhf	180	1	2	true
08018268	libm_sinf	498	4	1	true
08018474	libm_fmodf	76	1	2	true
080184c8	FUN_080184c8	72	2	2	true
08018518	FUN_08018518	284	1	0	true
08018638	FUN_08018638	6	1	0	true
08018640	FUN_08018640	558	1	0	true
080188ac	FUN_080188ac	14	1	0	true
080188d8	FUN_080188d8	6	3	0	true
080188e4	libc_init_array	56	1	2	true
0801892c	libc_memcpy	28	4	0	true
08018948	memset	16	7	0	true
08018958	newlib_rand_LCG64	92	5	2	true
080189d4	FUN_080189d4	42	1	2	true
08018a10	FUN_08018a10	54	1	1	true
08018a64	FUN_08018a64	44	1	2	true
08018a90	FUN_08018a90	6	1	1	true
08018a9c	FUN_08018a9c	6	1	1	true
08018aa8	FUN_08018aa8	6	1	1	true
08018ac0	FUN_08018ac0	108	5	4	true
08018b30	FUN_08018b30	130	1	6	true
08018bbc	FUN_08018bbc	32	1	1	true
08018c1e	FUN_08018c1e	2	1	0	true
08018c20	FUN_08018c20	2	5	0	true
08018c22	FUN_08018c22	2	5	0	true
08018c24	FUN_08018c24	10	1	1	true
08018c34	FUN_08018c34	148	2	2	true
08018ccc	FUN_08018ccc	170	3	3	true
08018d80	FUN_08018d80	196	1	3	true
08018dae	FUN_08018dae	36	1	1	true
08018dd4	FUN_08018dd4	574	1	7	true
08019034	FUN_08019034	218	1	0	true
08019110	FUN_08019110	490	1	2	true
0801935c	FUN_0801935c	28	1	1	true
0801937c	FUN_0801937c	34	0	1	true
0801939e	FUN_0801939e	88	0	2	true
080193d6	FUN_080193d6	36	0	1	true
080194cc	FUN_080194cc	202	2	3	true
080195a8	FUN_080195a8	44	1	3	true
080195d8	FUN_080195d8	262	1	1	true
080196e4	FUN_080196e4	108	1	4	true
0801975c	FUN_0801975c	32	2	1	true
08019780	FUN_08019780	74	1	1	true
080197cc	FUN_080197cc	124	1	3	true
0801984c	FUN_0801984c	6	2	1	true
08019858	FUN_08019858	6	2	1	true
08019864	FUN_08019864	32	1	1	true
080198d8	FUN_080198d8	120	1	2	true
0801990c	thunk_FUN_08019974	4	1	1	true
08019910	FUN_08019910	30	1	1	true
08019934	FUN_08019934	28	1	1	true
08019954	FUN_08019954	12	1	0	true
08019964	FUN_08019964	12	1	0	true
08019974	FUN_08019974	12	1	0	true
08019984	FUN_08019984	10	1	0	true
08019994	FUN_08019994	12	1	0	true
080199a4	FUN_080199a4	12	1	0	true
080199b4	FUN_080199b4	12	1	0	true
080199c4	FUN_080199c4	20	1	0	true
080199e0	FUN_080199e0	12	1	0	true
080199f0	FUN_080199f0	2	2	1	true
0801a51c	FUN_0801a51c	12	1	0	true
0801a528	FUN_0801a528	12	0	0	true
