index,irqn,vector_offset,handler,name
1,-15,0x4,0x8000a08,Reset
3,-13,0xc,0x800942c,HardFault
15,-1,0x3c,0x80093b0,SysTick
27,11,0x6c,0x8009224,DMA1_Stream0
28,12,0x70,0x8009230,DMA1_Stream1
29,13,0x74,0x8007630,DMA1_Stream2
30,14,0x78,0x800923c,DMA1_Stream3
31,15,0x7c,0x8009248,DMA1_Stream4
32,16,0x80,0x8015070,DMA1_Stream5
33,17,0x84,0x8007fb4,DMA1_Stream6
44,28,0xb0,0x80145cc,TIM2
45,29,0xb4,0x80145d8,TIM3
46,30,0xb8,0x80145e4,TIM4
47,31,0xbc,0x8007fe8,I2C1_EV
49,33,0xc4,0x8007ff4,I2C2_EV
51,35,0xcc,0x80140b4,SPI1
52,36,0xd0,0x80140c0,SPI2
53,37,0xd4,0x8014ea4,USART1
54,38,0xd8,0x8014ed0,USART2
55,39,0xdc,0x8014f04,USART3
66,50,0x108,0x80145f0,TIM5
67,51,0x10c,0x80140cc,SPI3
68,52,0x110,0x8014f38,UART4
69,53,0x114,0x8014f6c,UART5
74,58,0x128,0x80140f0,DMA2_Stream2
75,59,0x12c,0x8014124,DMA2_Stream3
76,60,0x130,0x80150a4,DMA2_Stream4
87,71,0x15c,0x8014fa0,USART6
88,72,0x160,0x8008000,I2C3_EV
90,74,0x168,0x80093c0,OTG_HS_EP1_OUT
91,75,0x16c,0x80093e4,OTG_HS_EP1_IN
93,77,0x174,0x8009408,OTG_HS
98,82,0x188,0x8014fd4,UART7
99,83,0x18c,0x8015008,UART8
100,84,0x190,0x80140d8,SPI4
101,85,0x194,0x80140e4,SPI5
108,92,0x1b0,0x8008cf0,QUADSPI
158,142,0x278,0x801503c,LPUART1
