name,kind,role,x_mm,y_mm,x_rack_px_75dpi,y_rack_px_75dpi,x_source_px,y_source_px
TIME_PARAM,param,knob,13.9192,19.893517,41.1,58.740699,54.8,78.8
REPEATS_PARAM,param,knob,8.636,45.896464,25.5,135.521054,34.0,181.8
MIX_PARAM,param,knob,8.636,66.825049,25.5,197.318058,34.0,264.7
BEND_PARAM,param,knob,27.2288,60.841847,80.4,179.651122,107.2,241.0
BREAK_PARAM,param,knob,45.4152,60.791356,134.1,179.502034,178.8,240.8
CORRUPT_PARAM,param,knob,63.6016,60.589391,187.8,178.905682,250.4,240.0
SHIFT_BUTTON_PARAM,param,button,41.0464,21.080059,121.2,62.244269,161.6,83.5
CLOCK_BUTTON_PARAM,param,button,52.2224,21.080059,154.2,62.244269,205.6,83.5
MODE_BUTTON_PARAM,param,button,63.3984,21.080059,187.2,62.244269,249.6,83.5
BEND_BUTTON_PARAM,param,button,29.8704,40.039489,88.2,118.226838,117.6,158.6
BREAK_BUTTON_PARAM,param,button,41.0464,40.039489,121.2,118.226838,161.6,158.6
CORRUPT_BUTTON_PARAM,param,button,52.2224,40.039489,154.2,118.226838,205.6,158.6
FREEZE_BUTTON_PARAM,param,button,63.3984,40.039489,187.2,118.226838,249.6,158.6
SHIFT_LIGHT,light,indicator,40.9702,14.844401,120.975,43.831892,161.3,58.8
CLOCK_LIGHT,light,indicator,52.1462,14.844401,153.975,43.831892,205.3,58.8
MODE_LIGHT,light,indicator,63.3222,14.844401,186.975,43.831892,249.3,58.8
BEND_LIGHT,light,indicator,29.7942,33.778585,87.975,99.739918,117.3,133.8
BREAK_LIGHT,light,indicator,40.9702,33.778585,120.975,99.739918,161.3,133.8
CORRUPT_LIGHT,light,indicator,52.1462,33.778585,153.975,99.739918,205.3,133.8
FREEZE_LIGHT,light,indicator,63.3222,33.778585,186.975,99.739918,249.3,133.8
CLOCK_INPUT,input,jack,8.509,82.881238,25.125,244.728064,33.5,328.3
BEND_CV_INPUT,input,jack,21.8948,82.881238,64.65,244.728064,86.2,328.3
BREAK_CV_INPUT,input,jack,35.7124,82.881238,105.45,244.728064,140.6,328.3
CORRUPT_CV_INPUT,input,jack,49.53,82.881238,146.25,244.728064,195.0,328.3
FREEZE_INPUT,input,jack,63.4492,82.881238,187.35,244.728064,249.8,328.3
LEFT_INPUT,input,jack,8.509,96.741061,25.125,285.652739,33.5,383.2
BEND_GATE_INPUT,input,jack,21.8948,96.741061,64.65,285.652739,86.2,383.2
BREAK_GATE_INPUT,input,jack,35.7124,96.741061,105.45,285.652739,140.6,383.2
CORRUPT_GATE_INPUT,input,jack,49.53,96.741061,146.25,285.652739,195.0,383.2
LEFT_OUTPUT,output,jack,63.4492,96.741061,187.35,285.652739,249.8,383.2
RIGHT_INPUT,input,jack,8.509,110.575639,25.125,326.50287,33.5,438.0
MIX_CV_INPUT,input,jack,21.8948,110.575639,64.65,326.50287,86.2,438.0
REPEATS_CV_INPUT,input,jack,35.7124,110.575639,105.45,326.50287,140.6,438.0
TIME_CV_INPUT,input,jack,49.53,110.575639,146.25,326.50287,195.0,438.0
RIGHT_OUTPUT,output,jack,63.4492,110.575639,187.35,326.50287,249.8,438.0
