index,flash_address,ram_address,bits_hex,value
0,0x80465d0,,0xc0000000,-2.0
1,0x80465d4,,0xbff8b652,-1.9430639743804932
2,0x80465d8,,0xbff1a1c2,-1.8877489566802979
3,0x80465dc,,0xbfeac0c6,-1.834007978439331
4,0x80465e0,,0xbfe411ed,-1.7817970514297485
5,0x80465e4,,0xbfdd93cd,-1.731073021888733
6,0x80465e8,,0xbfd744fe,-1.681792974472046
7,0x80465ec,,0xbfd12420,-1.6339149475097656
8,0x80465f0,,0xbfcb2ff5,-1.587401032447815
9,0x80465f4,,0xbfc5672c,-1.5422110557556152
10,0x80465f8,,0xbfbfc886,-1.4983069896697998
11,0x80465fc,,0xbfba52d6,-1.4556529521942139
12,0x8046600,,0xbfb504f7,-1.414214015007019
13,0x8046604,,0xbfafddba,-1.3739540576934814
14,0x8046608,,0xbfaadc0a,-1.3348400592803955
15,0x804660c,,0xbfa5feda,-1.296839952468872
16,0x8046610,,0xbfa14517,-1.2599209547042847
17,0x8046614,,0xbf9cadcd,-1.224053978919983
18,0x8046618,,0xbf9837ef,-1.1892069578170776
19,0x804661c,,0xbf93e29b,-1.1553529500961304
20,0x8046620,,0xbf8facd6,-1.1224620342254639
21,0x8046624,,0xbf8b95c4,-1.090507984161377
22,0x8046628,,0xbf879c7c,-1.0594630241394043
23,0x804662c,,0xbf83c02b,-1.0293020009994507
24,0x8046630,,0xbf800000,-1.0
25,0x8046634,,0xbf78b652,-0.9715319871902466
26,0x8046638,,0xbf71a1ba,-0.9438740015029907
27,0x804663c,,0xbf6ac0c6,-0.9170039892196655
28,0x8046640,,0xbf6411f5,-0.8908990025520325
29,0x8046644,,0xbf5d93d5,-0.8655369877815247
30,0x8046648,,0xbf5744f6,-0.8408960103988647
31,0x804664c,,0xbf512429,-0.8169580101966858
32,0x8046650,,0xbf4b2ffd,-0.7937009930610657
33,0x8046654,,0xbf456723,-0.7711049914360046
34,0x8046658,,0xbf3fc88e,-0.7491539716720581
35,0x804665c,,0xbf3a52df,-0.7278270125389099
36,0x8046660,,0xbf3504f7,-0.7071070075035095
37,0x8046664,,0xbf2fddba,-0.6869770288467407
38,0x8046668,,0xbf2adc0a,-0.6674200296401978
39,0x804666c,,0xbf25feda,-0.648419976234436
40,0x8046670,,0xbf214520,-0.6299610137939453
41,0x8046674,,0xbf1cadcd,-0.6120269894599915
42,0x8046678,,0xbf1837f8,-0.5946040153503418
43,0x804667c,,0xbf13e293,-0.577675998210907
44,0x8046680,,0xbf0facd6,-0.5612310171127319
45,0x8046684,,0xbf0b95c4,-0.5452539920806885
46,0x8046688,,0xbf079c84,-0.5297319889068604
47,0x804668c,,0xbf03c02b,-0.5146510004997253
48,0x8046690,,0xbf000000,-0.5
49,0x8046694,,0xbef1a1ba,-0.47193700075149536
50,0x8046698,,0xbee411e4,-0.44544899463653564
51,0x804669c,,0xbed744f6,-0.4204480051994324
52,0x80466a0,,0xbecb2fec,-0.39684998989105225
53,0x80466a4,,0xbebfc88e,-0.37457698583602905
54,0x80466a8,,0xbeb504e6,-0.35355299711227417
55,0x80466ac,,0xbeaadc0a,-0.3337100148200989
56,0x80466b0,,0xbea1450f,-0.31498000025749207
57,0x80466b4,,0xbe9837f8,-0.2973020076751709
58,0x80466b8,,0xbe8face6,-0.28061598539352417
59,0x80466bc,,0xbe879c84,-0.2648659944534302
60,0x80466c0,,0xbe800000,-0.25
61,0x80466c4,,0xbe71a1dc,-0.23596900701522827
62,0x80466c8,,0xbe641206,-0.2227250039577484
63,0x80466cc,,0x00000000,0.0
64,0x80466d0,,0x00000000,0.0
65,0x80466d4,,0x3e641206,0.2227250039577484
66,0x80466d8,,0x3e71a1dc,0.23596900701522827
67,0x80466dc,,0x3e800000,0.25
68,0x80466e0,,0x3e879c84,0.2648659944534302
69,0x80466e4,,0x3e8face6,0.28061598539352417
70,0x80466e8,,0x3e9837f8,0.2973020076751709
71,0x80466ec,,0x3ea1450f,0.31498000025749207
72,0x80466f0,,0x3eaadc0a,0.3337100148200989
73,0x80466f4,,0x3eb504e6,0.35355299711227417
74,0x80466f8,,0x3ebfc88e,0.37457698583602905
75,0x80466fc,,0x3ecb2fec,0.39684998989105225
76,0x8046700,,0x3ed744f6,0.4204480051994324
77,0x8046704,,0x3ee411e4,0.44544899463653564
78,0x8046708,,0x3ef1a1ba,0.47193700075149536
79,0x804670c,,0x3f000000,0.5
80,0x8046710,,0x3f03c02b,0.5146510004997253
81,0x8046714,,0x3f079c84,0.5297319889068604
82,0x8046718,,0x3f0b95c4,0.5452539920806885
83,0x804671c,,0x3f0facd6,0.5612310171127319
84,0x8046720,,0x3f13e293,0.577675998210907
85,0x8046724,,0x3f1837f8,0.5946040153503418
86,0x8046728,,0x3f1cadcd,0.6120269894599915
87,0x804672c,,0x3f214520,0.6299610137939453
88,0x8046730,,0x3f25feda,0.648419976234436
89,0x8046734,,0x3f2adc0a,0.6674200296401978
90,0x8046738,,0x3f2fddba,0.6869770288467407
91,0x804673c,,0x3f3504f7,0.7071070075035095
92,0x8046740,,0x3f3a52df,0.7278270125389099
93,0x8046744,,0x3f3fc88e,0.7491539716720581
94,0x8046748,,0x3f456723,0.7711049914360046
95,0x804674c,,0x3f4b2ffd,0.7937009930610657
96,0x8046750,,0x3f512429,0.8169580101966858
97,0x8046754,,0x3f5744f6,0.8408960103988647
98,0x8046758,,0x3f5d93d5,0.8655369877815247
99,0x804675c,,0x3f6411f5,0.8908990025520325
100,0x8046760,,0x3f6ac0c6,0.9170039892196655
101,0x8046764,,0x3f71a1ba,0.9438740015029907
102,0x8046768,,0x3f78b652,0.9715319871902466
103,0x804676c,,0x3f800000,1.0
104,0x8046770,,0x3f83c02b,1.0293020009994507
105,0x8046774,,0x3f879c7c,1.0594630241394043
106,0x8046778,,0x3f8b95c4,1.090507984161377
107,0x804677c,,0x3f8facd6,1.1224620342254639
108,0x8046780,,0x3f93e29b,1.1553529500961304
109,0x8046784,,0x3f9837ef,1.1892069578170776
110,0x8046788,,0x3f9cadcd,1.224053978919983
111,0x804678c,,0x3fa14517,1.2599209547042847
112,0x8046790,,0x3fa5feda,1.296839952468872
113,0x8046794,,0x3faadc0a,1.3348400592803955
114,0x8046798,,0x3fafddba,1.3739540576934814
115,0x804679c,,0x3fb504f7,1.414214015007019
116,0x80467a0,,0x3fba52d6,1.4556529521942139
117,0x80467a4,,0x3fbfc886,1.4983069896697998
118,0x80467a8,,0x3fc5672c,1.5422110557556152
119,0x80467ac,,0x3fcb2ff5,1.587401032447815
120,0x80467b0,,0x3fd12420,1.6339149475097656
121,0x80467b4,,0x3fd744fe,1.681792974472046
122,0x80467b8,,0x3fdd93cd,1.731073021888733
123,0x80467bc,,0x3fe411ed,1.7817970514297485
124,0x80467c0,,0x3feac0c6,1.834007978439331
125,0x80467c4,,0x3ff1a1c2,1.8877489566802979
126,0x80467c8,,0x3ff8b652,1.9430639743804932
127,0x80467cc,,0x40000000,2.0
