parameter,arbhar Classic,arbhar Delay,arbhar Stereo,arbhar Follow Mode,arbhar Panning,arbhar Accumulative Recording
LoadConfiguration,1,1,1,1,1,1
InputMode,0,0,1,0,0,0
AnalogEmulation,1,1,1,1,1,1
PhaseSwitch,0,0,1,0,1,0
CaptureCVMode,1,1,1,2,1,1
CaptureButtonMode,0,0,0,0,0,0
ActivateCaptureOnButtonUp,0,0,0,0,0,0
AccumulativeCaptureMode,0,0,0,0,0,1
LinkAccumulativeRecordingCaptureAsGate,0,0,0,0,0,0
OnsetMode,1,1,4,6,3,4
StrikeButtonToTrigger,0,0,0,0,0,0
StrikeCVDelay,0,10,10,10,10,10
FollowMode,0,0,0,1,0,0
FollowSpeedDirection,1,1,1,1,1,1
FollowScanOffset,0,0,0,0,0,0
FollowPositionOffsetWithScanCV,1,1,1,1,1,1
FollowLoop,1,1,1,1,1,1
FollowSetLoopLengthWithHold,1,1,1,1,1,1
RandomTimingWithRandomIntensity,1,1,1,1,1,1
RandomAmpWithRandomIntensity,0,0,0,0,0,0
ModCV,3,4,3,2,1,3
ReverbReset,0,0,0,0,0,0
PanningDefaultValueInPerCent,0,0,0,0,0,0
ReverbDefaultValueInPerCent,0,0,0,0,0,0
DelayDefaultValueInPerCent,0,0,0,0,0,0
EffectOrder,0,0,0,0,0,0
WavetableCentreFrequency,130.813,130.813,130.813,130.813,130.813,130.813
QuantiseTable,"[1, -2, 2, -1, 3, -4, 4, -3, 5, -7, 6, -6, 7, -5, 8, -9, 9, -8, 10, -11, 11, -10, 12, -12]","[12, 0, 0, 12, -12, 0, 0, -12, 12, -12]","[1, -2, 2, -1, 3, -4, 4, -3, 5, -7, 6, -6, 7, -5, 8, -9, 9, -8, 10, -11, 11, -10, 12, -12]","[12, 0, 0, 12, -12, 0, 0, -12, 12, -12]","[12, 0, 0, 12, -12, 0, 0, -12, 12, -12]","[1, -2, 2, -1, 3, -4, 4, -3, 5, -7, 6, -6, 7, -5, 8, -9, 9, -8, 10, -11, 11, -10, 12, -12]"
EnableClockedModeSwitch,null,null,null,null,null,null
ClockedMode,null,null,null,null,null,null
ClockBPM,null,null,null,null,null,null
ClockMultiplications,null,null,null,null,null,null
ClockDivisions,null,null,null,null,null,null
InputClockDivision,null,null,null,null,null,null
OutputPhaseSwitch,null,null,null,null,null,null
AnalogEmulationOfOnsetInput,null,null,null,null,null,null
CaptureCvMode,null,null,null,null,null,null
AccumulateRecordingsInLayer,null,null,null,null,null,null
CaptureButtonAsGate,null,null,null,null,null,null
StrikeCvDelay,null,null,null,null,null,null
SetQuantiseTable,null,null,null,null,null,null
feature,null,null,null,null,null,null
PanningDefaultValue,null,null,null,null,null,null
HoldDefaultValue,null,null,null,null,null,null
ReverbDefaultValue,null,null,null,null,null,null
DelayDefaultValue,null,null,null,null,null,null
FollowSpeedBiDirectional,null,null,null,null,null,null
FollowPositionOffset,null,null,null,null,null,null
