burst,first_sample,end_sample_exclusive,payload_bit_offset,bits
0,80250,90991,0,1408
1,91691,102572,1408,1408
2,103272,113726,2816,1408
3,114426,125020,4224,1408
4,125720,136216,5632,1408
5,136916,147510,7040,1408
6,148210,158671,8448,1408
7,159371,169902,9856,1408
8,170602,181231,11264,1408
9,181931,192455,12672,1408
10,193155,203791,14080,1408
11,204491,215078,15488,1408
12,215778,226337,16896,1408
13,227037,237617,18304,1408
14,238317,248967,19712,1408
15,249667,260226,21120,1408
16,260926,271597,22528,1408
17,272297,282884,23936,1408
18,283584,294073,25344,1408
19,294773,305283,26752,1408
20,305983,316563,28160,1408
21,317263,327850,29568,1408
22,328550,339256,30976,1408
23,339956,350599,32384,1408
24,351299,361851,33792,1408
25,362551,373194,35200,1408
26,373894,384327,36608,1408
27,385027,395488,38016,1408
28,396188,406726,39424,1408
29,407426,418006,40832,1408
30,418706,429181,42240,1408
31,429881,440342,43648,1408
32,441042,451524,45056,1408
33,452224,462636,46464,1408
34,463336,473769,47872,1408
35,474469,484888,49280,1408
36,485588,496014,50688,1408
37,496714,507140,52096,1408
38,507840,518392,53504,1408
39,519092,529644,54912,1408
40,530344,541113,56320,1408
41,541813,552393,57728,1408
42,553093,563582,59136,1408
43,564282,574890,60544,1408
44,575590,586226,61952,1408
45,586926,597345,63360,1408
46,598045,608758,64768,1408
47,609458,619968,66176,1408
48,620668,631325,67584,1408
49,632025,642570,68992,1408
50,643270,653717,70400,1408
51,654417,664913,71808,1408
52,665613,676158,73216,1408
53,676858,687249,74624,1408
54,687949,698564,76032,1408
55,699264,709830,77440,1408
56,710530,721047,78848,1408
57,721747,732250,80256,1408
58,732950,743257,81664,1408
59,743957,754551,83072,1408
60,755251,765677,84480,1408
61,766377,776824,85888,1408
62,777524,788076,87296,1408
63,788776,799069,88704,1408
64,799769,810363,90112,1408
65,811063,821825,91520,1408
66,822525,833231,92928,1408
67,833931,844623,94336,1408
68,845323,855868,95744,1408
69,856568,866812,97152,1408
70,867512,878204,98560,1408
71,878904,889568,99968,1408
72,890268,900988,101376,1408
73,901688,912331,102784,1408
74,913031,923401,104192,1408
75,924101,934772,105600,1408
76,935472,946220,107008,1408
77,946920,957535,108416,1408
78,958235,968948,109824,1408
79,969648,980088,111232,1408
80,980788,991466,112640,1408
81,992166,1002606,114048,1408
82,1003306,1014075,115456,1408
83,1014775,1025593,116864,1408
84,1026293,1036880,118272,1408
85,1037580,1047943,119680,1408
86,1048643,1059146,121088,1408
87,1059846,1070531,122496,1408
88,1071231,1081503,123904,1408
89,1082203,1092531,125312,1408
90,1093231,1103888,126720,1408
91,1104588,1115210,128128,1408
92,1115910,1126483,129536,1408
93,1127183,1137791,130944,1408
94,1138491,1149127,132352,1408
95,1149827,1160393,133760,1408
96,1161093,1171659,135168,1408
97,1172359,1182932,136576,1408
98,1183632,1194065,137984,1408
99,1194765,1205310,139392,1408
100,1206010,1216702,140800,1408
101,1217402,1228066,142208,1408
102,1228766,1239416,143616,1408
103,1240116,1250759,145024,1408
104,1251459,1262095,146432,1408
105,1262795,1273445,147840,1408
106,1274145,1284865,149248,1408
107,1285565,1296173,150656,1408
108,1296873,1307488,152064,1408
109,1308188,1318810,153472,1408
110,1319510,1330041,154880,1408
111,1330741,1341335,156288,1408
112,1342035,1352657,157696,1408
113,1353357,1363881,159104,1408
114,1364581,1375196,160512,1408
115,1375896,1386595,161920,1408
116,1387295,1397917,163328,1408
117,1398617,1408994,164736,1408
118,1409694,1420127,166144,1408
119,1420827,1431316,167552,1408
120,1432016,1442400,168960,1408
121,1443100,1453526,170368,1408
122,1454226,1464505,171776,1408
123,1465205,1475708,173184,1408
124,1476408,1486813,174592,1408
125,1487513,1497820,176000,1408
126,1498520,1508918,177408,1408
127,1509618,1520184,178816,1408
128,1520884,1531478,180224,1408
129,1532178,1542723,181632,1408
130,1543423,1554129,183040,1408
131,1554829,1565199,184448,1408
132,1565899,1576234,185856,1408
133,1576934,1587192,187264,1408
134,1587892,1598353,188672,1408
135,1599053,1609318,190080,1408
136,1610018,1620465,191488,1408
137,1621165,1631703,192896,1408
138,1632403,1642955,194304,1408
139,1643655,1654193,195712,1408
140,1654893,1665396,197120,1408
141,1666096,1676802,198528,1408
142,1677502,1688229,199936,1408
143,1688929,1699523,201344,1408
144,1700223,1710817,202752,1408
145,1711517,1721782,204160,1408
146,1722482,1732971,205568,1408
147,1733671,1744125,206976,1408
148,1744825,1755251,208384,1408
149,1755951,1766349,209792,1408
150,1767049,1777265,211200,1408
151,1777965,1788461,212608,1408
152,1789161,1799552,214016,1408
153,1800252,1810608,215424,1408
154,1811308,1821797,216832,1408
155,1822497,1832993,218240,1408
156,1833693,1844105,219648,1408
157,1844805,1855112,221056,1408
158,1855812,1866196,222464,1408
159,1866896,1877350,223872,1408
160,1878050,1888490,225280,1408
161,1889190,1899630,226688,1408
162,1900330,1910805,228096,1408
163,1911505,1921973,229504,1408
164,1922673,1933029,230912,1408
165,1933729,1944204,232320,1408
166,1944904,1955309,233728,1408
167,1956009,1966435,235136,1408
168,1967135,1977729,236544,1408
169,1978429,1988778,237952,1408
170,1989478,2000016,239360,1408
171,2000716,2011289,240768,1408
172,2011989,2022408,242176,1408
173,2023108,2033471,243584,1408
174,2034171,2044632,244992,1408
175,2045332,2055926,246400,1408
176,2056626,2067297,247808,1408
177,2067997,2078577,249216,1408
178,2079277,2089682,250624,1408
179,2090382,2100724,252032,1408
180,2101424,2111927,253440,1408
181,2112627,2123221,254848,1408
182,2123921,2134592,256256,1408
183,2135292,2145935,257664,1408
184,2146635,2157264,259072,1408
185,2157964,2168481,260480,1408
186,2169181,2179831,261888,1408
187,2180531,2191062,263296,1408
188,2191762,2202272,264704,1408
189,2202972,2213377,266112,1408
190,2214077,2224587,267520,1408
191,2225287,2235867,268928,1408
192,2236567,2247133,270336,1408
193,2247833,2258308,271744,1408
194,2259008,2269588,273152,1408
195,2270288,2280861,274560,1408
196,2281561,2292071,275968,1408
197,2292771,2303232,277376,1408
198,2303932,2314568,278784,1408
199,2315268,2325890,280192,1408
200,2326590,2337135,281600,1408
201,2337835,2348422,283008,1408
202,2349122,2359653,284416,1408
203,2360353,2370912,285824,1408
204,2371612,2382129,287232,1408
205,2382829,2393360,288640,1408
206,2394060,2404675,290048,1408
207,2405375,2415794,291456,1408
208,2416494,2426927,292864,1408
209,2427627,2438151,294272,1408
210,2438851,2449263,295680,1408
211,2449963,2460473,297088,1408
212,2461173,2471788,298496,1408
213,2472488,2483047,299904,1408
214,2483747,2494327,301312,1408
215,2495027,2505656,302720,1408
216,2506356,2516943,304128,1408
217,2517643,2528202,305536,1408
218,2528902,2539468,306944,1408
219,2540168,2550846,308352,1408
220,2551546,2562196,309760,1408
221,2562896,2573406,311168,1408
222,2574106,2584742,312576,1408
223,2585442,2595987,313984,1408
224,2596687,2607197,315392,1408
225,2607897,2618484,316800,1408
226,2619184,2629722,318208,1408
227,2630422,2640813,319616,1408
228,2641513,2652212,321024,1408
229,2652912,2663352,322432,1408
230,2664052,2674604,323840,1408
231,2675304,2685821,325248,1408
232,2686521,2697017,326656,1408
233,2697717,2708185,328064,1408
234,2708885,2719416,329472,1408
235,2720116,2730675,330880,1408
236,2731375,2741934,332288,1408
237,2742634,2753032,333696,1408
238,2753732,2764291,335104,1408
239,2764991,2775536,336512,1408
240,2776236,2786802,337920,1408
241,2787502,2797949,339328,1408
242,2798649,2809152,340736,1408
243,2809852,2820453,342144,1408
244,2821153,2831810,343552,1408
245,2832510,2843076,344960,1408
246,2843776,2854258,346368,1408
247,2854958,2865622,347776,1408
248,2866322,2876888,349184,1408
249,2877588,2888154,350592,1408
250,2888854,2899448,352000,1408
251,2900148,2910749,353408,1408
252,2911449,2921987,354816,1408
253,2922687,2933281,356224,1408
254,2933981,2944603,357632,1408
255,2945303,2955855,359040,1408
256,2956555,2967142,360448,1408
257,2967842,2978429,361856,1408
258,2979129,2989765,363264,1408
259,2990465,3001108,364672,1408
260,3001808,3012374,366080,1408
261,3013074,3023577,367488,1408
262,3024277,3034871,368896,1408
263,3035571,3046242,370304,1408
264,3046942,3057599,371712,1408
265,3058299,3068893,373120,1408
266,3069593,3080222,374528,1408
267,3080922,3091523,375936,1408
268,3092223,3102824,377344,1408
269,3103524,3114160,378752,1408
270,3114860,3125531,380160,1408
271,3126231,3136797,381568,1408
272,3137497,3147874,382976,1408
273,3148574,3159140,384384,1408
274,3159840,3170308,385792,1408
275,3171008,3181483,387200,1408
276,3182183,3192840,388608,1408
277,3193540,3204246,390016,1408
278,3204946,3215477,391424,1408
279,3216177,3226785,392832,1408
280,3227485,3238051,394240,1408
281,3238751,3249261,395648,1408
282,3249961,3260485,397056,1408
283,3261185,3271653,398464,1408
284,3272353,3282765,399872,1408
285,3283465,3293898,401280,1408
286,3294598,3305129,402688,1408
287,3305829,3316472,404096,1408
288,3317172,3327892,405504,1408
289,3328592,3339144,406912,1408
290,3339844,3350424,408320,1408
291,3351124,3361732,409728,1408
292,3362432,3372998,411136,1408
293,3373698,3384362,412544,1408
294,3385062,3395628,413952,1408
295,3396328,3406922,415360,1408
296,3407622,3418286,416768,1408
297,3418986,3429496,418176,1408
298,3430196,3440720,419584,1408
299,3441420,3451860,420992,1408
300,3452560,3463105,422400,1408
301,3463805,3474399,423808,1408
302,3475099,3485742,425216,1408
303,3486442,3496945,426624,1408
304,3497645,3508428,428032,1408
305,3509128,3519953,429440,1408
306,3520653,3531268,430848,1408
307,3531968,3542618,432256,1408
308,3543318,3553933,433664,1408
309,3554633,3565360,435072,1408
310,3566060,3576507,436480,1408
311,3577207,3587857,437888,1408
312,3588557,3599200,439296,1408
313,3599900,3610263,440704,1408
314,3610963,3621627,442112,1408
315,3622327,3632949,443520,1408
316,3633649,3644166,444928,1408
317,3644866,3655425,446336,1408
318,3656125,3666677,447744,1408
319,3667377,3677691,449152,1408
320,3678391,3688418,450560,1408
321,3689118,3699040,451968,1408
322,3699740,3710243,453376,1408
323,3710943,3721096,454784,1408
324,3721796,3732215,456192,1408
325,3732915,3742977,457600,1408
326,3743677,3753690,459008,1408
327,3754390,3764816,460416,1408
328,3765516,3775606,461824,1408
329,3776306,3786256,463232,1408
330,3786956,3797417,464640,1408
331,3798117,3808655,466048,1408
332,3809355,3819865,467456,1408
333,3820565,3830935,468864,1408
334,3831635,3842215,470272,1408
335,3842915,3853551,471680,1408
336,3854251,3864656,473088,1408
337,3865356,3875789,474496,1408
338,3876489,3887013,475904,1408
339,3887713,3898209,477312,1408
340,3898909,3909377,478720,1408
341,3910077,3920643,480128,1408
342,3921343,3931755,481536,1408
343,3932455,3943000,482944,1408
344,3943700,3954140,484352,1408
345,3954840,3965322,485760,1408
346,3966022,3976602,487168,1408
347,3977302,3987756,488576,1408
348,3988456,3998980,489984,1408
349,3999680,4010099,491392,1408
350,4010799,4021253,492800,1408
351,4021953,4032484,494208,1408
352,4033184,4043589,495616,1408
353,4044289,4054799,497024,1408
354,4055499,4066002,498432,1408
355,4066702,4077233,499840,1408
356,4077933,4088394,501248,1408
357,4089094,4099534,502656,1408
358,4100234,4110625,504064,1408
359,4111325,4121744,505472,1408
360,4122444,4132849,506880,1408
361,4133549,4143919,508288,1408
362,4144619,4155199,509696,1408
363,4155899,4166423,511104,1408
364,4167123,4177535,512512,1408
365,4178235,4188570,513920,1408
366,4189270,4199815,515328,1408
367,4200515,4211067,516736,1408
368,4211767,4222235,518144,1408
369,4222935,4233417,519552,1408
370,4234117,4244487,520960,1408
371,4245187,4255431,522368,1408
372,4256131,4266550,523776,1408
373,4267250,4277354,525184,1408
374,4278054,4288151,526592,1408
375,4288851,4299207,528000,1408
376,4299907,4310417,529408,1408
377,4311117,4321774,530816,1408
378,4322474,4333103,532224,1408
379,4333803,4344369,533632,1408
380,4345069,4355299,535040,1408
381,4355999,4365921,536448,1408
382,4366621,4376809,537856,1408
383,4377509,4387942,539264,1408
384,4388642,4398725,540672,1408
385,4399425,4409333,542080,1408
386,4410033,4420613,543488,1408
387,4421313,4431865,544896,1408
388,4432565,4443054,546304,1408
389,4443754,4454082,547712,1408
390,4454782,4465397,549120,1408
391,4466097,4476453,550528,1408
392,4477153,4487642,551936,1408
393,4488342,4498754,553344,1408
394,4499454,4509936,554752,1408
395,4510636,4521139,556160,1408
396,4521839,4532167,557568,1408
397,4532867,4543167,558976,1408
398,4543867,4554251,560384,1408
399,4554951,4565447,561792,1408
400,4566147,4576615,563200,1408
401,4577315,4587678,564608,1408
402,4588378,4598818,566016,1408
403,4599518,4609979,567424,1408
404,4610679,4621252,568832,1408
405,4621952,4632238,570240,1408
406,4632938,4643315,571648,1408
407,4644015,4654343,573056,1408
408,4655043,4665420,574464,1408
409,4666120,4676511,575872,1408
410,4677211,4687714,577280,1408
411,4688414,4698994,578688,1408
412,4699694,4710225,580096,1408
413,4710925,4721393,581504,1408
414,4722093,4732526,582912,1408
415,4733226,4743750,584320,1408
416,4744450,4754967,585728,1408
417,4755667,4766247,587136,1408
418,4766947,4777387,588544,1408
419,4778087,4788583,589952,1408
420,4789283,4799702,591360,1408
421,4800402,4810828,592768,1408
422,4811528,4821947,594176,1408
423,4822647,4833157,595584,1408
424,4833857,4844465,596992,1408
425,4845165,4855703,598400,1408
426,4856403,4867011,599808,1408
427,4867711,4878172,601216,1408
428,4878872,4889466,602624,1408
429,4890166,4900466,604032,1408
430,4901166,4911557,605440,1408
431,4912257,4922774,606848,1408
432,4923474,4933879,608256,1408
433,4934579,4944970,609664,1408
434,4945670,4956124,611072,1408
435,4956824,4967215,612480,1408
436,4967915,4978264,613888,1408
437,4978964,4989306,615296,1408
438,4990006,5000425,616704,1408
439,5001125,5011607,618112,1408
440,5012307,5022803,619520,1408
441,5023503,5033600,620928,1408
442,5034300,5044411,622336,1408
443,5045111,5055614,623744,1408
444,5056314,5066733,625152,1408
445,5067433,5077922,626560,1408
446,5078622,5088971,627968,1408
447,5089671,5100062,629376,1408
448,5100762,5111258,630784,1408
449,5111958,5122419,632192,1408
450,5123119,5133741,633600,1408
451,5134441,5145091,635008,1408
452,5145791,5156329,636416,1408
453,5157029,5167504,637824,1408
454,5168204,5178686,639232,1408
455,5179386,5189770,640640,1408
456,5190470,5200938,642048,1408
457,5201638,5211861,643456,1408
458,5212561,5223078,644864,1408
459,5223778,5234183,646272,1408
460,5234883,5245246,647680,1408
461,5245946,5256554,649088,1408
462,5257254,5267673,650496,1408
463,5268373,5278995,651904,1408
464,5279695,5290219,653312,1408
465,5290919,5301275,654720,1408
466,5301975,5312513,656128,1408
467,5313213,5323646,657536,1408
468,5324346,5334884,658944,1408
469,5335584,5345765,660352,1408
470,5346465,5356849,661760,1408
471,5357549,5367926,663168,1408
472,5368626,5379059,664576,1408
473,5379759,5390276,665984,1408
474,5390976,5401479,667392,1408
475,5402179,5412710,668800,1408
476,5413410,5423843,670208,1408
477,5424543,5434815,671616,1408
478,5435515,5445941,673024,1408
479,5446641,5457039,674432,1408
480,5457739,5468207,675840,1408
481,5468907,5479445,677248,1408
482,5480145,5490718,678656,1408
483,5491418,5502096,680064,1408
484,5502796,5513299,681472,1408
485,5513999,5524698,682880,1408
486,5525398,5535817,684288,1408
487,5536517,5547083,685696,1408
488,5547783,5558202,687104,1408
489,5558902,5569475,688512,1408
490,5570175,5580643,689920,1408
491,5581343,5592133,691328,1408
492,5592833,5603490,692736,1408
493,5604190,5614798,694144,1408
494,5615498,5626169,695552,1408
495,5626869,5637386,696960,1408
496,5638086,5648589,698368,1408
497,5649289,5659820,699776,1408
498,5660520,5671065,701184,1408
499,5671765,5682464,702592,1408
500,5683164,5693492,704000,1408
501,5694192,5704590,705408,1408
502,5705290,5715716,706816,1408
503,5716416,5727059,708224,1408
504,5727759,5738290,709632,1408
505,5738990,5749437,711040,1408
506,5750137,5760654,712448,1408
507,5761354,5771864,713856,1408
508,5772564,5783046,715264,1408
509,5783746,5794123,716672,1408
510,5794823,5805207,718080,1408
511,5805907,5816487,719488,1408
512,5817187,5827690,720896,1408
513,5828390,5838949,722304,1408
514,5839649,5850320,723712,1408
515,5851020,5861586,725120,1408
516,5862286,5872908,726528,1408
517,5873608,5884216,727936,1408
518,5884916,5895433,729344,1408
519,5896133,5906706,730752,1408
520,5907406,5918007,732160,1408
521,5918707,5929266,733568,1408
522,5929966,5940434,734976,1408
523,5941134,5951560,736384,1408
524,5952260,5962931,737792,1408
525,5963631,5974022,739200,1408
526,5974722,5985218,740608,1408
527,5985918,5996638,742016,1408
528,5997338,6007939,743424,1408
529,6008639,6019296,744832,1408
530,6019996,6030555,746240,1408
531,6031255,6041513,747648,1408
532,6042213,6052765,749056,1408
533,6053465,6064220,750464,1408
534,6064920,6075577,751872,1408
535,6076277,6086850,753280,1408
536,6087550,6097976,754688,1408
537,6098676,6109116,756096,1408
538,6109816,6120130,757504,1408
539,6120830,6131333,758912,1408
540,6132033,6142501,760320,1408
541,6143201,6153781,761728,1408
542,6154481,6165040,763136,1408
543,6165740,6176341,764544,1408
544,6177041,6187586,765952,1408
545,6188286,6198789,767360,1408
546,6199489,6209880,768768,1408
547,6210580,6221013,770176,1408
548,6221713,6232237,771584,1408
549,6232937,6243293,772992,1408
550,6243993,6254265,774400,1408
551,6254965,6265510,775808,1408
552,6266210,6276699,777216,1408
553,6277399,6287825,778624,1408
554,6288525,6299007,780032,1408
555,6299707,6310749,781440,1408
556,6311449,6321959,782848,1408
557,6322659,6333078,784256,1408
558,6333778,6344127,785664,1408
559,6344827,6355379,787072,1408
560,6356079,6366743,788480,1408
561,6367443,6378303,789888,1408
562,6379003,6390038,791296,1408
563,6390738,6401164,792704,1408
564,6401864,6412423,794112,1408
565,6413123,6423549,795520,1408
566,6424249,6434787,796928,1408
567,6435487,6445906,798336,1408
568,6446606,6457025,799744,1408
569,6457725,6468305,801152,1408
570,6469005,6479452,802560,1408
571,6480152,6490543,803968,1408
572,6491243,6501781,805376,1408
573,6502481,6513208,806784,1408
574,6513908,6524747,808192,1408
575,6525447,6530877,809600,704
576,6531577,6542864,810304,1408
577,6543564,6554781,811712,1408
578,6555481,6566229,813120,1408
579,6566929,6577964,814528,1408
580,6578664,6581400,815936,352
581,6582100,6585558,816288,448
582,6586258,6587015,816736,96
