index,accumulated_float_t,reconstructed_value,float32_bits,ideal_at_i_over_255
0,0.0,0.0,0x0,0.0
1,0.003921568859368563,0.005040490534156561,0x3ba52ab3,0.005040757632794814
2,0.007843137718737125,0.010081585496664047,0x3c252d3c,0.0100813983950702
3,0.011764707043766975,0.015121874399483204,0x3c77c1bd,0.015121805420741423
4,0.01568627543747425,0.020161962136626244,0x3ca52ab3,0.020161861852592944
5,0.019607843831181526,0.02520148456096649,0x3cce7358,0.025201450846712627
6,0.0235294122248888,0.03024052456021309,0x3cf7bafa,0.030240455576925385
7,0.027450980618596077,0.035278767347335815,0x3d108078,0.035278759239226215
8,0.0313725508749485,0.04031620919704437,0x3d25229c,0.04031624505621235
9,0.03529411926865578,0.04535285383462906,0x3d39c3ea,0.04535279628151439
10,0.03921568766236305,0.05038832873106003,0x3d4e63fe,0.050388296204226316
11,0.04313725605607033,0.05542262643575668,0x3d6302d6,0.05542262815333411
12,0.0470588244497776,0.060455627739429474,0x3d77a052,0.06045567550214286
13,0.05098039284348488,0.06548736989498138,0x3d861e3e,0.06548732167270219
14,0.054901961237192154,0.0705174133181572,0x3d906b6f,0.07051745014022986
15,0.05882352963089943,0.07554594427347183,0x3d9ab7d5,0.07554594443753335
16,0.062745101749897,0.0805727168917656,0x3da5034f,0.0805726881594292
17,0.06666667014360428,0.08559753745794296,0x3daf4dc3,0.08559756496716006
18,0.07058823853731155,0.09062045812606812,0x3db99738,0.09062045859280925
19,0.07450980693101883,0.09564127027988434,0x3dc3df92,0.09564125284371246
20,0.0784313753247261,0.1006598174571991,0x3dce26bc,0.10065983160686687
21,0.08235294371843338,0.10567611455917358,0x3dd86cb8,0.10567607885333694
22,0.08627451211214066,0.11068986356258392,0x3de2b15e,0.11068987864265725
23,0.09019608050584793,0.11570112407207489,0x3decf4b6,0.11570111512723197
24,0.0941176488995552,0.12070967257022858,0x3df736a2,0.12070967255673051
25,0.09803921729326248,0.12571541965007782,0x3e00bb8b,0.12571543528247994
26,0.10196078568696976,0.13071829080581665,0x3e05db04,0.13071828776185315
27,0.10588235408067703,0.13571812212467194,0x3e0af9b1,0.1357181145626532
28,0.10980392247438431,0.14071477949619293,0x3e101789,0.14071480036749354
29,0.11372549086809158,0.14570821821689606,0x3e153489,0.1457082299781735
30,0.11764705926179886,0.15069828927516937,0x3e1a50a7,0.15069828832004986
31,0.12156862765550613,0.15568485856056213,0x3e1f6bda,0.15568486044640306
32,0.125490203499794,0.16066783666610718,0x3e24861c,0.16066783154279918
33,0.12941177189350128,0.16564711928367615,0x3e299f66,0.1656470869314463
34,0.13333334028720856,0.17062252759933472,0x3e2eb7ac,0.17062251207554635
35,0.13725490868091583,0.1755940020084381,0x3e33ceea,0.1755939925836409
36,0.1411764770746231,0.18056142330169678,0x3e38e518,0.18056141421395194
37,0.14509804546833038,0.18552468717098236,0x3e3dfa2f,0.18552466287871697
38,0.14901961386203766,0.19048362970352173,0x3e430e24,0.1904836246485177
39,0.15294118225574493,0.1954382061958313,0x3e4820f4,0.1954381857566035
40,0.1568627506494522,0.20038822293281555,0x3e4d3292,0.20038823260320818
41,0.16078431904315948,0.2053336799144745,0x3e5242fe,0.20533365175986049
42,0.16470588743686676,0.210274338722229,0x3e575228,0.2102743299736884
43,0.16862745583057404,0.2152101695537567,0x3e5c600e,0.2152101541717162
44,0.1725490242242813,0.22014102339744568,0x3e616ca6,0.2201410114651555
45,0.1764705926179886,0.22506681084632874,0x3e6677ea,0.2250667891536885
46,0.18039216101169586,0.22998738288879395,0x3e6b81d0,0.22998737472974445
47,0.18431372940540314,0.23490265011787415,0x3e708a52,0.23490265588276907
48,0.1882352977991104,0.23981255292892456,0x3e75916c,0.23981252050348584
49,0.1921568661928177,0.24471688270568848,0x3e7a9710,0.24471685668815035
50,0.19607843458652496,0.24961555004119873,0x3e7f9b38,0.2496155527427963
51,0.20000000298023224,0.25450849533081055,0x3e824ef0,0.2545084971874737
52,0.20392157137393951,0.2593955993652344,0x3e84cf80,0.2593955787604795
53,0.2078431397676468,0.2642766833305359,0x3e874f46,0.26427668642257857
54,0.21176470816135406,0.2691517174243927,0x3e89ce41,0.2691517093612181
55,0.21568627655506134,0.27402055263519287,0x3e8c4c6c,0.27402053699473183
56,0.21960784494876862,0.27888306975364685,0x3e8ec9c3,0.278883058976536
57,0.2235294133424759,0.2837391495704651,0x3e914642,0.283739165199317
58,0.22745098173618317,0.2885887622833252,0x3e93c1e8,0.288588745799209
59,0.23137255012989044,0.29343169927597046,0x3e963cae,0.2934316911599629
60,0.23529411852359772,0.2982679009437561,0x3e98b692,0.29826789191710584
61,0.239215686917305,0.3030972480773926,0x3e9b2f90,0.30309723896209095
62,0.24313725531101227,0.30791962146759033,0x3e9da7a4,0.30791962344643736
63,0.24705882370471954,0.3127349615097046,0x3ea01ecc,0.31273493678586106
64,0.250980406999588,0.317543089389801,0x3ea29502,0.3175430706643943
65,0.2549019753932953,0.32234394550323486,0x3ea50a44,0.3223439170384965
66,0.25882354378700256,0.32713738083839417,0x3ea77e8d,0.32713736814115363
67,0.26274511218070984,0.33192336559295654,0x3ea9f1dc,0.33192331648596723
68,0.2666666805744171,0.3367016911506653,0x3eac642a,0.33670165487123344
69,0.2705882489681244,0.341472327709198,0x3eaed576,0.34147227638401056
70,0.27450981736183167,0.34623509645462036,0x3eb145ba,0.346235074404176
71,0.27843138575553894,0.3509899377822876,0x3eb3b4f4,0.35098994260847194
72,0.2823529541492462,0.35573679208755493,0x3eb62322,0.3557367749745398
73,0.2862745225429535,0.36047548055648804,0x3eb8903e,0.36047546578494327
74,0.29019609093666077,0.36520594358444214,0x3ebafc46,0.36520590963117994
75,0.29411765933036804,0.3699280023574829,0x3ebd6734,0.3699280014176809
76,0.2980392277240753,0.37464165687561035,0x3ebfd108,0.3746416363657986
77,0.3019607961177826,0.37934672832489014,0x3ec239bc,0.37934671001778303
78,0.30588236451148987,0.3840431571006775,0x3ec4a14e,0.38404311824074483
79,0.30980393290519714,0.3887307643890381,0x3ec707b8,0.3887307572306071
80,0.3137255012989044,0.3934095501899719,0x3ec96cfa,0.39340952351604425
81,0.3176470696926117,0.3980793356895447,0x3ecbd10e,0.3980793139624079
82,0.32156863808631897,0.4027400612831116,0x3ece33f2,0.40274002577564094
83,0.32549020648002625,0.4073915481567383,0x3ed095a0,0.4073915565061775
84,0.3294117748737335,0.4120338261127472,0x3ed2f619,0.4120338040528306
85,0.3333333432674408,0.4166666865348816,0x3ed55556,0.41666666666666663
86,0.33725491166114807,0.4212900400161743,0x3ed7b354,0.42129004295486616
87,0.34117648005485535,0.425903856754303,0x3eda1012,0.4259038318845711
88,0.3450980484485626,0.43050795793533325,0x3edc6b8a,0.4305079327867186
89,0.3490196168422699,0.43510228395462036,0x3edec5ba,0.43510224535986114
90,0.3529411852359772,0.43968665599823,0x3ee11e9c,0.43968666967397196
91,0.35686275362968445,0.4442611336708069,0x3ee37632,0.44426110617423764
92,0.3607843220233917,0.448825478553772,0x3ee5cc74,0.4488254556848351
93,0.364705890417099,0.45337963104248047,0x3ee82160,0.4533796194126952
94,0.3686274588108063,0.4579235315322876,0x3eea74f4,0.4579234989512517
95,0.37254902720451355,0.46245700120925903,0x3eecc72a,0.46245699628417447
96,0.3764705955982208,0.4669800400733948,0x3eef1802,0.4669800137890898
97,0.3803921639919281,0.4714924693107605,0x3ef16776,0.47149245424128405
98,0.3843137323856354,0.4759942293167114,0x3ef3b584,0.47599422081739307
99,0.38823530077934265,0.4804852604866028,0x3ef6022a,0.4804852170990761
100,0.3921568691730499,0.48496532440185547,0x3ef84d60,0.4849653470766746
101,0.3960784375667572,0.48943454027175903,0x3efa972a,0.48943451515285497
102,0.4000000059604645,0.4938926696777344,0x3efcdf80,0.4938926261462366
103,0.40392157435417175,0.49833959341049194,0x3eff265e,0.49833958529500294
104,0.40784314274787903,0.5027753114700317,0x3f00b5e2,0.5027752982604978
105,0.4117647111415863,0.5071997046470642,0x3f01d7d7,0.5071996711308047
106,0.4156862795352936,0.5116126537322998,0x3f02f90c,0.5116126104243104
107,0.41960784792900085,0.516014039516449,0x3f04197f,0.5160140230932525
108,0.42352941632270813,0.5204038619995117,0x3f053930,0.5204038165272494
109,0.4274509847164154,0.5247818827629089,0x3f06581b,0.5247818985568153
110,0.4313725531101227,0.5291481614112854,0x3f077641,0.5291481774568572
111,0.43529412150382996,0.5335025787353516,0x3f0893a0,0.5335025619501549
112,0.43921568989753723,0.5378449559211731,0x3f09b035,0.5378449612108256
113,0.4431372582912445,0.54217529296875,0x3f0acc00,0.5421752848677696
114,0.4470588266849518,0.5464934706687927,0x3f0be6ff,0.5464934430080995
115,0.45098039507865906,0.5507993698120117,0x3f0d0130,0.5507993461805524
116,0.45490196347236633,0.5550929307937622,0x3f0e1a92,0.5550929053988837
117,0.4588235318660736,0.5593740344047546,0x3f0f3323,0.5593740321452436
118,0.4627451002597809,0.563642680644989,0x3f104ae3,0.5636426383735369
119,0.46666666865348816,0.5678986310958862,0x3f1161ce,0.5678986365127624
120,0.47058823704719543,0.5721419453620911,0x3f1277e5,0.5721419394703373
121,0.4745098054409027,0.5763724446296692,0x3f138d25,0.5763724606354013
122,0.47843137383461,0.5805901288986206,0x3f14a18e,0.5805901138821026
123,0.48235294222831726,0.584794819355011,0x3f15b51d,0.5847948135728667
124,0.48627451062202454,0.5889864563941956,0x3f16c7d1,0.5889864745616458
125,0.4901960790157318,0.5931649804115295,0x3f17d9a9,0.5931650121971496
126,0.4941176474094391,0.5973303318023682,0x3f18eaa4,0.5973303423260572
127,0.49803921580314636,0.6014823913574219,0x3f19fac0,0.6014823812962109
128,0.501960813999176,0.6056210994720459,0x3f1b09fc,0.6056210459597895
129,0.5058823823928833,0.6097463369369507,0x3f1c1856,0.6097462536764644
130,0.5098039507865906,0.6138579845428467,0x3f1d25cc,0.6138579223165346
131,0.5137255191802979,0.6179560422897339,0x3f1e325e,0.6179559702640438
132,0.5176470875740051,0.6220403909683228,0x3f1f3e0a,0.6220403164198768
133,0.5215686559677124,0.6261109113693237,0x3f2048ce,0.6261108802048367
134,0.5254902243614197,0.6301676034927368,0x3f2152aa,0.6301675815627035
135,0.529411792755127,0.6342103481292725,0x3f225b9c,0.6342103409632707
136,0.5333333611488342,0.6382391452789307,0x3f2363a4,0.6382390794053638
137,0.5372549295425415,0.6422537565231323,0x3f246abe,0.6422537184198376
138,0.5411764979362488,0.6462541818618774,0x3f2570ea,0.6462541800725543
139,0.545098066329956,0.650240421295166,0x3f267628,0.65024038696734
140,0.5490196347236633,0.6542122960090637,0x3f277a75,0.6542122622489221
141,0.5529412031173706,0.6581697463989258,0x3f287dd0,0.6581697296058455
142,0.5568627715110779,0.6621127128601074,0x3f298038,0.6621127132733681
143,0.5607843399047852,0.6660411357879639,0x3f2a81ac,0.6660411380363354
144,0.5647059082984924,0.6699550151824951,0x3f2b822c,0.6699549292320355
145,0.5686274766921997,0.6738540530204773,0x3f2c81b3,0.6738540127530313
146,0.572549045085907,0.6777383089065552,0x3f2d8042,0.677738315049973
147,0.5764706134796143,0.6816077828407288,0x3f2e7dd9,0.6816077631343886
148,0.5803921818733215,0.6854623556137085,0x3f2f7a76,0.6854622845814542
149,0.5843137502670288,0.6893018484115601,0x3f307616,0.6893018075327411
150,0.5882353186607361,0.6931263208389282,0x3f3170ba,0.6931262606989432
151,0.5921568870544434,0.6969355940818787,0x3f326a5f,0.6969355733625824
152,0.5960784554481506,0.7007297277450562,0x3f336306,0.7007296753806909
153,0.6000000238418579,0.7045085430145264,0x3f345aac,0.7045084971874738
154,0.6039215922355652,0.7082719802856445,0x3f355150,0.7082719697969483
155,0.6078431606292725,0.7120200395584106,0x3f3646f2,0.7120200248055617
156,0.6117647290229797,0.7157526016235352,0x3f373b90,0.715752594394787
157,0.615686297416687,0.7194696664810181,0x3f382f2a,0.7194696113336956
158,0.6196078658103943,0.7231709957122803,0x3f3921bc,0.7231710089815092
159,0.6235294342041016,0.7268567085266113,0x3f3a1348,0.7268567212901282
160,0.6274510025978088,0.7305266857147217,0x3f3b03cc,0.7305266828066381
161,0.6313725709915161,0.7341808080673218,0x3f3bf346,0.7341808286757928
162,0.6352941393852234,0.7378190755844116,0x3f3ce1b6,0.7378190946424757
163,0.6392157077789307,0.7414414286613464,0x3f3dcf1b,0.7414414170541381
164,0.6431372761726379,0.7450477480888367,0x3f3ebb73,0.7450477328632139
165,0.6470588445663452,0.7486380338668823,0x3f3fa6be,0.7486379796295128
166,0.6509804129600525,0.7522121071815491,0x3f4090f9,0.7522120955225893
167,0.6549019813537598,0.7557700872421265,0x3f417a26,0.7557700193240882
168,0.658823549747467,0.7593116760253906,0x3f426240,0.7593116904300685
169,0.6627451181411743,0.7628370523452759,0x3f43494a,0.7628370488533027
170,0.6666666865348816,0.7663460373878479,0x3f442f41,0.7663460352255527
171,0.6705882549285889,0.7698386311531067,0x3f451425,0.7698385907998229
172,0.6745098233222961,0.7733147144317627,0x3f45f7f4,0.7733146574525898
173,0.6784313917160034,0.7767741680145264,0x3f46daac,0.7767741776860061
174,0.6823529601097107,0.7802171111106873,0x3f47bc4f,0.7802170946300842
175,0.686274528503418,0.783643364906311,0x3f489cda,0.7836433520448529
176,0.6901960968971252,0.7870528697967529,0x3f497c4c,0.7870528943224921
177,0.6941176652908325,0.7904456853866577,0x3f4a5aa6,0.7904456664894427
178,0.6980392336845398,0.7938216328620911,0x3f4b37e5,0.793821614208492
179,0.7019608020782471,0.797180712223053,0x3f4c1409,0.7971806837808366
180,0.7058823704719543,0.8005228042602539,0x3f4cef10,0.8005228221481194
181,0.7098039388656616,0.8038480281829834,0x3f4dc8fc,0.8038479768944428
182,0.7137255072593689,0.8071560859680176,0x3f4ea1c8,0.8071560962483579
183,0.7176470756530762,0.810447096824646,0x3f4f7976,0.8104471290848292
184,0.7215686440467834,0.8137210607528687,0x3f505006,0.8137210249271738
185,0.7254902124404907,0.8169777393341064,0x3f512574,0.8169777339489774
186,0.729411780834198,0.8202172517776489,0x3f51f9c2,0.8202172069759852
187,0.7333333492279053,0.8234394192695618,0x3f52cced,0.8234393954879671
188,0.7372549176216125,0.8266443014144897,0x3f539ef6,0.826644251620559
189,0.7411764860153198,0.8298317193984985,0x3f546fda,0.8298317281670792
190,0.7450980544090271,0.8330017924308777,0x3f553f9b,0.8330017785803199
191,0.7490196228027344,0.8361543416976929,0x3f560e36,0.8361543569743133
192,0.7529411911964417,0.8392894268035889,0x3f56dbac,0.8392894181260722
193,0.7568627595901489,0.8424069285392761,0x3f57a7fb,0.8424069174773069
194,0.7607843279838562,0.8455067873001099,0x3f587322,0.8455068111361153
195,0.7647058963775635,0.8485890626907349,0x3f593d22,0.8485890558786484
196,0.7686274647712708,0.8516536355018616,0x3f5a05f9,0.8516536091507514
197,0.772549033164978,0.8547004461288452,0x3f5acda6,0.8547004290695769
198,0.7764706015586853,0.8577294945716858,0x3f5b9429,0.8577294744251753
199,0.7803921699523926,0.8607407808303833,0x3f5c5982,0.8607407046820583
200,0.7843137383460999,0.8637341260910034,0x3f5d1dae,0.8637340799807367
201,0.7882353067398071,0.8667095899581909,0x3f5de0ae,0.8667095611392333
202,0.7921568751335144,0.8696671724319458,0x3f5ea282,0.8696671096545692
203,0.7960784435272217,0.8726066946983337,0x3f5f6327,0.8726066877042251
204,0.800000011920929,0.8755282759666443,0x3f60229f,0.8755282581475767
205,0.8039215803146362,0.8784317970275879,0x3f60e0e8,0.8784317845273037
206,0.8078431487083435,0.8813172578811646,0x3f619e02,0.8813172310707731
207,0.8117647171020508,0.8841845989227295,0x3f6259ec,0.8841845626913969
208,0.8156862854957581,0.8870337605476379,0x3f6314a5,0.8870337449899631
209,0.8196078538894653,0.8898648023605347,0x3f63ce2e,0.8898647442559415
210,0.8235294222831726,0.8926775455474854,0x3f648684,0.8926775274687624
211,0.8274509906768799,0.8954720497131348,0x3f653da8,0.89547206229907
212,0.8313725590705872,0.8982483148574829,0x3f65f39a,0.8982483171099485
213,0.8352941274642944,0.9010062217712402,0x3f66a858,0.9010062609581231
214,0.8392156958580017,0.9037458896636963,0x3f675be4,0.9037458635951343
215,0.843137264251709,0.906467080116272,0x3f680e3a,0.9064670954684851
216,0.8470588326454163,0.9091699123382568,0x3f68bf5c,0.9091699277227627
217,0.8509804010391235,0.9118543863296509,0x3f696f4a,0.9118543322007338
218,0.8549019694328308,0.914520263671875,0x3f6a1e00,0.9145202814444119
219,0.8588235378265381,0.9171677827835083,0x3f6acb82,0.9171677486961007
220,0.8627451062202454,0.9197967052459717,0x3f6b77cc,0.9197967078994083
221,0.8666666746139526,0.9224071502685547,0x3f6c22e0,0.9224071337002362
222,0.8705882430076599,0.9249989986419678,0x3f6cccbc,0.9249990014477418
223,0.8745098114013672,0.9275723099708557,0x3f6d7561,0.9275722871952732
224,0.8784313797950745,0.930126965045929,0x3f6e1ccd,0.9301269677012782
225,0.8823529481887817,0.9326630234718323,0x3f6ec301,0.9326630204301862
226,0.886274516582489,0.9351804256439209,0x3f6f67fc,0.935180423553263
227,0.8901960849761963,0.9376791715621948,0x3f700bbe,0.9376791559494395
228,0.8941176533699036,0.9401592016220093,0x3f70ae46,0.9401591972061131
229,0.8980392217636108,0.9426205158233643,0x3f714f94,0.9426205276199218
230,0.9019607901573181,0.9450631141662598,0x3f71efa8,0.9450631281974924
231,0.9058823585510254,0.9474869966506958,0x3f728e82,0.9474869806561612
232,0.9098039269447327,0.9498920440673828,0x3f732c20,0.9498920674246671
233,0.9137254953384399,0.9522783756256104,0x3f73c884,0.9522783716438193
234,0.9176470637321472,0.9546458721160889,0x3f7463ac,0.954645877167136
235,0.9215686321258545,0.9569945335388184,0x3f74fd98,0.956994568561458
236,0.9254902005195618,0.9593244194984436,0x3f759649,0.9593244311075337
237,0.929411768913269,0.9616354703903198,0x3f762dbe,0.961635450800578
238,0.9333333373069763,0.9639276266098022,0x3f76c3f6,0.9639276143508033
239,0.9372549057006836,0.9662009477615356,0x3f7758f2,0.9662009091839243
240,0.9411764740943909,0.9684553146362305,0x3f77ecb0,0.9684553234416349
241,0.9450980424880981,0.9706908464431763,0x3f787f32,0.9706908459820578
242,0.9490196108818054,0.9729074835777283,0x3f791077,0.9729074663801682
243,0.9529411792755127,0.9751051664352417,0x3f79a07e,0.975105174928188
244,0.95686274766922,0.9772839546203613,0x3f7a2f48,0.9772839626359561
245,0.9607843160629272,0.9794437885284424,0x3f7abcd4,0.9794438212312672
246,0.9647058844566345,0.9815847873687744,0x3f7b4924,0.9815847431601876
247,0.9686274528503418,0.9837067127227783,0x3f7bd434,0.9837067215873411
248,0.9725490212440491,0.9858097434043884,0x3f7c5e07,0.9858097503961681
249,0.9764705896377563,0.98789381980896,0x3f7ce69c,0.9878938241891585
250,0.9803921580314636,0.9899589419364929,0x3f7d6df3,0.9899589382880555
251,0.9843137264251709,0.9920051097869873,0x3f7df40c,0.9920050887340338
252,0.9882352948188782,0.9940322637557983,0x3f7e78e6,0.9940322722878498
253,0.9921568632125854,0.9960404634475708,0x3f7efc82,0.9960404864299643
254,0.9960784316062927,0.9980297088623047,0x3f7f7ee0,0.9980297293606379
255,1.0,1.0,0x3f800000,1.0
